organisation_name,town_city,county,type_rating,route,company_website
CHENDHUR INFOTECH LTD,London,,Worker (A rating),Skilled Worker,https://chendhur.com
MULTIPLIER TECHNOLOGIES UK LTD,London,,Worker (A rating),Skilled Worker,https://www.usemultiplier.com
Rotamat Limited trading as Huber Technology,"Chippenham,",Wiltshire,Worker (A rating),Skilled Worker,https://www.huber-se.com
[AI] INFINITI LIMITED,Croydon,England,Worker (A rating),Skilled Worker,https://aiinfiniti.com
0xA Technologies Ltd,London,,Worker (A rating),Skilled Worker,https://0xa.co.uk
1001 AI Limited,London,,Worker (A rating),Skilled Worker,https://licensed-sponsors-uk.com
10X Banking Technology Services Ltd,London,,Worker (A rating),Skilled Worker,https://www.10xbanking.com
1416 DIGITAL LTD,London,,Worker (A rating),Skilled Worker,https://themanifest.com
1771 Technologies Limited,London,,Worker (A rating),Skilled Worker,https://www.1771technologies.com
1st Cloud Accountants,Sunderland,Tyne and Wear,Worker (A rating),Skilled Worker,https://www.1stcloudaccountants.co.uk
1st Technologies Ltd,Preston,Lancashire,Worker (A rating),Skilled Worker,https://www.1st-tech.co.uk
2SD Technologies Limited,London,,Worker (A rating),Skilled Worker,https://open.endole.co.uk
345 TECHNOLOGY LIMITED,Portsmouth,,Worker (A rating),Skilled Worker,https://345.technology
360 Trading Networks UK Limited,London,,Worker (A rating),Global Business Mobility: Senior or Specialist Worker,https://www.360t.com
3A TELECOM CONSULTANCY LTD,London,,Worker (A rating),Skilled Worker,https://www.3aconsultancy.net
3B DIGITAL LTD,LONDON,,Worker (A rating),Skilled Worker,https://www.3bweb.com
3dMD Technologies Limited,London,,Worker (A rating),Global Business Mobility: Senior or Specialist Worker,https://3dmd.com
3EN Cloud Ltd,Holywood,,Worker (A rating),Skilled Worker,https://3en.group
3Gi Technology Limited,Shenfield,,Worker (A rating),Skilled Worker,https://www.3gi.co.uk
3i Infotech (UK) Limited,London,England,Worker (A rating),Skilled Worker,https://www.3i-infotech.com
3R Technology UK Ltd,Preston,Lancashire,Worker (A rating),Skilled Worker,https://www.3rtechglobal.com
4 Net Technologies LTD (t/a FourNet),Manchester,Greater Manchester,Worker (A rating),Skilled Worker,https://fournet.co.uk
4-Site Power & Fibre Networks Ltd,Gosport,,Worker (A rating),Skilled Worker,https://open.endole.co.uk
42 Technology Limited,Cambourne,Cambridge,Worker (A rating),Skilled Worker,https://www.medicaltechnologyuk.com
4A Technologies Ltd,Hayes,Middlesex,Worker (A rating),Skilled Worker,http://4atechnologies.com
4K Networks Ltd,London,,Worker (A rating),Skilled Worker,https://www.tvunetworks.com
4th Dimension Technology Ltd,Corsham,,Worker (A rating),Skilled Worker,https://www.4th-dimension.co.uk
542 Digital Limited,London,,Worker (A rating),Skilled Worker,https://www.mad.uk.com
5Y Technology Limited,Chelmsford,Essex,Worker (A rating),Skilled Worker,https://5ytechnology.com
6B Digital Limited,Wakefiled,West Yorkshire,Worker (A rating),Skilled Worker,https://6b.digital
7Click Network Ltd,London,,Worker (A rating),Skilled Worker,https://7click.com
7Hills Technologies Ltd,Newcastle-Under-Lyme,,Worker (A rating),Skilled Worker,https://7hillstechnologies.co.uk
A Cloud Guru Ltd,Twickenham,,Worker (A rating),Global Business Mobility: Senior or Specialist Worker,https://production-ng-school.acloud.guru
A K Software House Ltd,Slough,Berkshire,Worker (A rating),Skilled Worker,https://aksoftwareservicesltd.co.uk
A&A Technology,BASINGSTOKE,Hampshire,Worker (A rating),Skilled Worker,https://www.dnb.com
A&S NETWORK ENTERPRISES LTD,London,,Worker (A rating),Skilled Worker,https://asnetworkenterprises.co.uk
A. C. Entertainment Technologies Ltd,High Wycombe,Bucks,Worker (A rating),Skilled Worker,https://www.ac-et.com
A.R.M TECHNOLOGIES LIMITED,Bournemouth,,Worker (A rating),Skilled Worker,https://www.armtechnologies.ltd
A10 Networks Limited,Theale,,Worker (A rating),Skilled Worker,https://www.a10networks.com
A2Z Cloud Ltd.,Salisbury,Wiltshire,Worker (A rating),Skilled Worker,https://a2zcloud.com
A2Z SOFTWARE SOLUTIONS LIMITED,Northamptonshire,,Worker (A rating),Skilled Worker,https://a2zsoftwaresolutions.co.uk
A2Z Technologies Ltd,Bristol,South Gloucestershire,Worker (A rating),Skilled Worker,http://www.a2ztechnology.co.uk
AA Technology Solutions Ltd,Redhill,Surrey,Worker (A rating),Skilled Worker,https://aatechsolutions.co.uk
AAC Technologies (Scotland) Limited,Edinburgh,,Worker (A rating),Global Business Mobility: Senior or Specialist Worker,https://www.aactechnologies.com
Aalyria Technologies (UK) Limited,London,,Worker (A rating),Skilled Worker,https://www.aalyria.com
AAN TECHNOLOGIES LIMITED,NORTHWITCH,Cheshire,Worker (A rating),Skilled Worker,http://www.aan.co.uk
AARUN SOFTWARE LIMITED,Amersham,,Worker (A rating),Skilled Worker,https://aarunsoftware.com
AARYA TECHNOLOGIES LTD,Wokingham,,Worker (A rating),Skilled Worker,https://aaryatechnologies.co.uk
AARYAN MOBILE AND COMPUTER SERVICES LIMITED,"London,",United Kingdom,Worker (A rating),Skilled Worker,https://www.dnb.com
AASEYA SOFTWARE SERVICES (UK) LTD,Steyning,West Sussex,Temporary Worker (A rating),Global Business Mobility: Graduate Trainee,https://aaseya.com
AAYS Technologies UK Limited,Townfield,Rickmansworth,Worker (A rating),Skilled Worker,https://www.aaysanalytics.com
Ab Initio Software Limited,Weybridge,Surrey,Worker (A rating),Skilled Worker,https://www.abinitio.com
AB Littlejohn & Sons LTD T/A Dental Technology Services,Glasgow,Starthclyde,Worker (A rating),Skilled Worker,https://www.bizseek.co.uk
AB SOFTWARE SOLUTIONS LTD,LUTON,,Worker (A rating),Skilled Worker,https://absoftwaresolutions.uk
Abacus Information Technology UK Limited,London,,Worker (A rating),Global Business Mobility: Senior or Specialist Worker,https://abacustechnology.com
ABI TECHNOLOGY LIMITED,Chalfont St. Giles,England,Worker (A rating),Skilled Worker,https://www.abielectronics.co.uk
ABL Software Limited,Petersfield,Hampshire,Worker (A rating),Skilled Worker,https://www.ablsoftware.co.uk
ABM DIGITAL ACCOUNTANTS LTD,Lonodn,,Worker (A rating),Skilled Worker,https://abmdigitalaccountants.com
Abnormal AI UK Ltd,London,,Worker (A rating),Skilled Worker,https://www.abnormal.ai
Abrasive Technology Limited,Colwyn Bay,Wales,Worker (A rating),Global Business Mobility: Senior or Specialist Worker,https://www.abrasive-tech.com
ABSOLUTE RISK TECHNOLOGY LIMITED,NOTTINGHAM,,Worker (A rating),Skilled Worker,https://www.absolute.com
ABSORB SOFTWARE UK LTD,Huntingdon,Cambridgeshire,Worker (A rating),Skilled Worker,https://www.absorblms.com
Academy of Live Technology Ltd,South Kirkby,West Yorkshire,Worker (A rating),Skilled Worker,https://www.academyoflivetechnology.com
ACCEL SOFTWARE SERVICES LIMITED,GREATER MANCHESTER,,Worker (A rating),Skilled Worker,https://www.accel.com
Accentra Technologies Ltd,London,,Worker (A rating),Global Business Mobility: Senior or Specialist Worker,https://accentra.co.uk
ACCESSIA TECHNOLOGY LIMITED,UXBRIDGE,,Worker (A rating),Skilled Worker,https://www.accessia.com
accesso Technology Group,Ruscombe Business Park,Berkshire,Worker (A rating),Skilled Worker,https://accesso.com
Accosoft Technologies Ltd,London,,Worker (A rating),Skilled Worker,https://www.dnb.com
Accu Technology UK Ltd,Oxford,,Worker (A rating),Global Business Mobility: Senior or Specialist Worker,https://www.accu-tech.com
Ace Infotech Solutions Ltd,Chadwell Heath,Essex,Worker (A rating),Skilled Worker,http://aceinfotech.co.uk
Ace Software Solutions Ltd,London,London,Worker (A rating),Skilled Worker,
Ace Technologies Limited,"Newbury Park, Illford",,Worker (A rating),Skilled Worker,https://acetechnologies.uk
ACO Technologies plc,Shefford,,Worker (A rating),Skilled Worker,
Actify Training and Technology CIC,Glasgow,Glasgow,Worker (A rating),Skilled Worker,
Acumen Software Ltd,Northampton,,Worker (A rating),Skilled Worker,https://www.acumensoftware.net
Acuvate Software Ltd,London,,Worker (A rating),Global Business Mobility: Senior or Specialist Worker,https://acuvate.com
AD Data Analytics Ltd,Peterborough,,Worker (A rating),Skilled Worker,
AD Technologies Ltd,Reading,,Worker (A rating),Skilled Worker,
Ada Digital Health Ltd,London,,Worker (A rating),Skilled Worker,
Adage Digital Ltd,London,London,Worker (A rating),Skilled Worker,https://adagedigital.io
Adam Mathew Digital Limited,Marlborough,,Worker (A rating),Skilled Worker,https://edesiderata.crl.edu
Adaptech AI LTD,London,London,Worker (A rating),Skilled Worker,https://www.adaptech.ai
Adder Technology Limited,Cambridge,,Worker (A rating),Skilled Worker,https://www.adder.com
Address Intelligence Technologies Limited,London,,Worker (A rating),Skilled Worker,
Adelante Software Ltd,Maidenhead,Berkshire,Worker (A rating),Skilled Worker,https://www.adelante.ltd
Adex International Technologies Ltd,Folkestone,Kent,Worker (A rating),Skilled Worker,
ADI TECHNOLOGY LIMITED,Basingstoke,Hampshire,Worker (A rating),Skilled Worker,
Adjust Software Limited,Watford,,Worker (A rating),Skilled Worker,https://www.adjust.com
ADM COMPUTING,CANTERBURY,KENT,Worker (A rating),Skilled Worker,
ADMISSION NETWORK LTD,London,,Worker (A rating),Skilled Worker,https://www.admissionnetwork.net
Adsum Technologies Ltd,London,,Worker (A rating),Skilled Worker,https://www.adsum-works.com
Adtran Networks (UK) Limited,York,North Yorkshire,Worker (A rating),Skilled Worker,https://www.adtran.com
ADVANCE AI LTD,Abbotsley,Cambridgeshire,Worker (A rating),Skilled Worker,https://advanceai.tech
ADVANCE COLLEGE OF BUSINESS AND TECHNOLOGY LIMITED,London,,Worker (A rating),Skilled Worker,https://www.checkcompany.co.uk
ADVANCE WATER TREATMENT TECHNOLOGIES LIMITED,Leighton Buzzard,,Worker (A rating),Skilled Worker,
Advance Web Software Ltd,London,England,Worker (A rating),Global Business Mobility: UK Expansion Worker,
ADVANCED DESIGN TECHNOLOGY LIMITED,LONDON,,Worker (A rating),Skilled Worker,
Advanced Infrastructure Technology Limited,Nantwich,,Worker (A rating),Skilled Worker,https://www.advanced-infrastructure.co.uk
Advanced Secure Technologies Ltd,Cardiff,South Glamorgan,Worker (A rating),Skilled Worker,
ADVANCED TECHNOLOGY FOR INFORMATION SYSTEMS SOLUTIONS UK LIMITED (15373821),ENGLAND,,Worker (A rating),Global Business Mobility: UK Expansion Worker,https://www.bing.com
Advanced Technology Services UK Limited,London,,Worker (A rating),Skilled Worker,
Advanced Vision Technology Limited,Marlow,Buckinghamshire,Worker (A rating),Skilled Worker,
Advanced Visualisation Technologies Ltd T/A Digital Autopsy UK,Sheffield,,Worker (A rating),Skilled Worker,
Advantex Network Solutions Limited,Gateshead,Tyne and Wear,Worker (A rating),Skilled Worker,https://www.advantex.uk.com
Ace Software Solutions Ltd,London,London,Worker (A rating),Skilled Worker,https://acesw.com
ACO Technologies plc,Shefford,,Worker (A rating),Skilled Worker,https://www.aco.co.uk
Actify Training and Technology CIC,Glasgow,Glasgow,Worker (A rating),Skilled Worker,https://www.actify.org.uk
AD Data Analytics Ltd,Peterborough,,Worker (A rating),Skilled Worker,http://www.ad-dataanalytics.co.uk
AD Technologies Ltd,Reading,,Worker (A rating),Skilled Worker,https://adtechnologies.info
Ada Digital Health Ltd,London,,Worker (A rating),Skilled Worker,
Address Intelligence Technologies Limited,London,,Worker (A rating),Skilled Worker,
Adex International Technologies Ltd,Folkestone,Kent,Worker (A rating),Skilled Worker,
ADI TECHNOLOGY LIMITED,Basingstoke,Hampshire,Worker (A rating),Skilled Worker,
ADM COMPUTING,CANTERBURY,KENT,Worker (A rating),Skilled Worker,https://www.adm-computing.co.uk
ADVANCE WATER TREATMENT TECHNOLOGIES LIMITED,Leighton Buzzard,,Worker (A rating),Skilled Worker,https://www.advanced-water.co.uk
Advance Web Software Ltd,London,England,Worker (A rating),Global Business Mobility: UK Expansion Worker,https://www.advancewebsoftware.com
ADVANCED DESIGN TECHNOLOGY LIMITED,LONDON,,Worker (A rating),Skilled Worker,https://www.adtechnology.com
Advanced Secure Technologies Ltd,Cardiff,South Glamorgan,Worker (A rating),Skilled Worker,
Advanced Technology Services UK Limited,London,,Worker (A rating),Skilled Worker,https://www.advancedtech.com
Advanced Vision Technology Limited,Marlow,Buckinghamshire,Worker (A rating),Skilled Worker,http://avtechuk.com
Advanced Visualisation Technologies Ltd T/A Digital Autopsy UK,Sheffield,,Worker (A rating),Skilled Worker,https://www.digitalautopsy.co.uk
Advent Data Solutions Ltd,Stanmore,Middlesex,Worker (A rating),Skilled Worker,https://adventdsl.com
Advice Cloud Limited,Brighton,East Sussex,Worker (A rating),Skilled Worker,https://advice-cloud.co.uk
ADZ NETWORK LTD T/A Chillies Tandoori,London,,Worker (A rating),Skilled Worker,https://adznetworkmedia.com
AECOM ENGINEERING TECHNOLOGY SERVICES LTD,London,,Worker (A rating),Skilled Worker,
AEG Technologies Limited T/A Connect,London,,Worker (A rating),Skilled Worker,https://ukvisasponsorcheck.com
Aera Technology Limited,London,,Worker (A rating),Skilled Worker,https://www.aeratechnology.com
Aerospace Technology Institute,London,,Worker (A rating),Skilled Worker,https://www.ati.org.uk
Aesthetic Technology Ltd,Warrington,Cheshire,Worker (A rating),Skilled Worker,
Afferent Software Limited,Brighton,,Worker (A rating),Skilled Worker,https://afferentsoftware.com
Affiniti AI Limited,London,,Worker (A rating),Skilled Worker,
Affluent Technology Limited,Coventry,West Midlands,Worker (A rating),Skilled Worker,
Afiniti Europe Technologies Limited,London,,Worker (A rating),Global Business Mobility: Senior or Specialist Worker,https://www.afiniti.com
Afon Technology Ltd,Caldicot,Monmouthshire,Worker (A rating),Skilled Worker,https://afontechnology.com
African Culture Arts and Sport Network,Romford,Essex,Temporary Worker (A rating),Creative Worker,https://africanculturenetwork.org
AFX Mixing and Pumping Technologies Ltd,Poole,Dorset,Worker (A rating),Skilled Worker,https://afxmixing.co.uk
AG Technologies LTD,London,,Worker (A rating),Skilled Worker,https://agtechnologiesgroup.com
AGEMO AI LTD,Cheshire,,Worker (A rating),Skilled Worker,https://www.agemo.ai
AGENCY SOFTWARE WORLDWIDE LTD,HADLOW,TONBRIDGE,Worker (A rating),Skilled Worker,https://www.agencysoftwareworldwide.com
Agent Software Limited,Manchester,,Worker (A rating),Skilled Worker,
Agile and IT Digital Services Limited,Brentford,,Worker (A rating),Skilled Worker,
Agile Cyber Solutions Limited,London,,Worker (A rating),Skilled Worker,
AGILE SOFTWARE SYSTEMS LTD,Colchester,essex,Worker (A rating),Skilled Worker,https://www.agilesoftwaresystems.com
AGILENT TECHNOLOGIES LDA UK LIMITED,Cheshire,,Worker (A rating),Global Business Mobility: Senior or Specialist Worker,https://www.agilent.com
Agilico Workplace Technologies,London,,Worker (A rating),Skilled Worker,https://www.agilico.co.uk
Agilio Software Bidco Ltd.,Sheffield,,Worker (A rating),Skilled Worker,https://agiliosoftware.com
Agio AI UK Limited,Belfast,,Worker (A rating),Skilled Worker,https://www.dnb.com
Agoe Empowerment Network CIO,LONDON,WANDSWORTH,Temporary Worker (A rating),Charity Worker,https://agoeempowermentnetwork.org
Agreena Technology Limited,London,,Worker (A rating),Global Business Mobility: Senior or Specialist Worker,https://agreena.com
AGS Cyber,London,,Worker (A rating),Skilled Worker,
Ada Digital Health Ltd,London,,Worker (A rating),Skilled Worker,https://www.ada-digital.co.uk
Address Intelligence Technologies Limited,London,,Worker (A rating),Skilled Worker,
Adex International Technologies Ltd,Folkestone,Kent,Worker (A rating),Skilled Worker,https://adex-intl.com
ADI TECHNOLOGY LIMITED,Basingstoke,Hampshire,Worker (A rating),Skilled Worker,
Advanced Secure Technologies Ltd,Cardiff,South Glamorgan,Worker (A rating),Skilled Worker,
AECOM ENGINEERING TECHNOLOGY SERVICES LTD,London,,Worker (A rating),Skilled Worker,https://aecom.com
Aesthetic Technology Ltd,Warrington,Cheshire,Worker (A rating),Skilled Worker,https://aesthetitechltd.co.uk
Affiniti AI Limited,London,,Worker (A rating),Skilled Worker,
Affluent Technology Limited,Coventry,West Midlands,Worker (A rating),Skilled Worker,https://www.affluent-tech.com
Agent Software Limited,Manchester,,Worker (A rating),Skilled Worker,
Agile and IT Digital Services Limited,Brentford,,Worker (A rating),Skilled Worker,
Agile Cyber Solutions Limited,London,,Worker (A rating),Skilled Worker,https://agilecyber.com
AGS Cyber,London,,Worker (A rating),Skilled Worker,
AH Technology Ltd,London,,Worker (A rating),Skilled Worker,https://www.ah-tech.io
AH technology Ltd t/a Klyk,London,,Worker (A rating),Skilled Worker,https://helloklyk.com
AI & CO LTD TA Flying Horse Restaurant,Markfield,,Worker (A rating),Skilled Worker,https://www.workabroadlink.com
AI Agency Group LTD T/A Apply AI,London,,Worker (A rating),Skilled Worker,
Ai Beauty LTD,London,,Worker (A rating),Skilled Worker,
AI BUILD LIMITED,LONDON,ENGLAND,Worker (A rating),Skilled Worker,https://ai-build.com
AI Computing Ltd,Ilford,,Worker (A rating),Skilled Worker,
AI CORPORATE LIMITED,Wednesbury,,Worker (A rating),Skilled Worker,https://aicorporateltd.co.uk
AI DATA LABS LTD,London,,Worker (A rating),Skilled Worker,
AI Digital Limited,Lincoln,,Worker (A rating),Skilled Worker,https://aidigital.solutions
AI Dizital Solutions LTD,Slough,Berkshire,Worker (A rating),Skilled Worker,https://www.aidizital.com
AI Exploration Ltd,Westhill,,Worker (A rating),Skilled Worker,https://ai-exploration.com
AI FM LTD,Hounslow,,Worker (A rating),Skilled Worker,https://aifmuk.co.uk
AI Foods Ltd,Birmingham,,Worker (A rating),Skilled Worker,
AI GEAR LTD,"Dundee, Scotland",,Worker (A rating),Skilled Worker,https://www.ai-gear.com
AI MARKET LTD,London,England,Worker (A rating),Skilled Worker,
AI Pathfinder Inc Limited,London,,Worker (A rating),Skilled Worker,https://www.aipathfinder.co
Ai Process Systems Ltd,Barrowford,Lancashire,Worker (A rating),Skilled Worker,https://www.aiprocess.com
AI Recruitment Technologies Limited,Knowsley,Merseyside,Worker (A rating),Skilled Worker,
AI Restaurants Ltd,Birmingham,,Worker (A rating),Skilled Worker,
Ai Tea Drinks Limited,Huddersfield,,Worker (A rating),Skilled Worker,http://www.checkcompany.co.uk
AI Tech Ltd,London,,Worker (A rating),Skilled Worker,https://www.ai-tech.uk
AI-Media UK B Ltd,London,,Worker (A rating),Skilled Worker,https://www.ai-media.tv
AI-PRIORI LTD,Burton on Trent,,Worker (A rating),Skilled Worker,https://ai-priori.com
Aico Software Limited,Warwick,,Worker (A rating),Skilled Worker,https://www.aico.co.uk
AIDEM TECHNOLOGIES LTD,London,,Worker (A rating),Skilled Worker,https://www.aidem.com
Aigo Digital Repairs,Manchester,,Worker (A rating),Skilled Worker,https://aigo.digital
AIMPOINT DIGITAL UK LIMITED,London,,Worker (A rating),Global Business Mobility: Senior or Specialist Worker,https://www.aimpointdigital.com
Aionex Technologies Ltd,London,,Worker (A rating),Skilled Worker,https://www.aionex.com
Aios Technology Ltd,Nottingham,Nottinghamshire,Worker (A rating),Skilled Worker,https://aios.tech
Air Technology Systems Ltd,Bromsgrove,West Midlands,Worker (A rating),Skilled Worker,https://www.airtechnology.co.uk
Aira Digital Limited,Milton Keynes,Buckinghamshire,Worker (A rating),Skilled Worker,
Airex Technologies Ltd,London,London,Worker (A rating),Skilled Worker,https://www.airex.tech
Airportr Technologies Ltd,London,,Worker (A rating),Skilled Worker,https://airportr.com
AIRSYS COMMUNICATIONS TECHNOLOGY LIMITED,Romsey,Hampshire,Worker (A rating),Global Business Mobility: Senior or Specialist Worker,https://www.airsys.co.uk
AIRX TECHNOLOGIES LIMITED,London,,Worker (A rating),Skilled Worker,https://www.airxtechnologies.com
AJ INFOTECH LIMITED,London,,Worker (A rating),Skilled Worker,https://ajinfotechltd.com
Akamai Technologies Limited,London,,Worker (A rating),Skilled Worker,
Akashi Digital Limited,London,,Worker (A rating),Skilled Worker,https://www.akashi.digital
Akeron Software UK Ltd,London,,Worker (A rating),Skilled Worker,https://www.akeron.com
AKM COMPUTER LIMITED,LONDON,,Worker (A rating),Skilled Worker,
Akoni Technologies Ltd.,Reading,,Worker (A rating),Skilled Worker,https://akonitechnologies.co.uk
Aksha Technologies Limited,Watford,Hertfordshire,Worker (A rating),Skilled Worker,
AKSYA TECHNOLOGIES LTD,LONDON,,Worker (A rating),Skilled Worker,
Al Watani Telecom Ltd,Uxbridge,,Worker (A rating),Skilled Worker,https://alwatanitelecom.co.uk
Alaraby Television Network Limited,Ealing,,Worker (A rating),Skilled Worker,https://www.alaraby.co.uk
ALARIS THE RF TECHNOLOGY GROUP LTD,LINCOLN,Lincolnshire,Worker (A rating),Global Business Mobility: Senior or Specialist Worker,
Alator Data Services LTD,Dundee,Angus,Worker (A rating),Skilled Worker,https://alatorservices.com
Alcatel Submarine Networks UK Ltd,London,,Temporary Worker (A rating),Global Business Mobility: Graduate Trainee,https://www.asn.com
Alchemie Technology Ltd,Duxford,,Worker (A rating),Skilled Worker,https://www.alchemietechnology.com
Alchemy Software Ltd,Bexleyheath,,Worker (A rating),Skilled Worker,
Alchemy Technology Services Limited,Derry/Londonderry,,Worker (A rating),Skilled Worker,https://www.alchemytechs.com
Alderson Digital Ltd,London,,Worker (A rating),Skilled Worker,https://www.dnb.com
Aldia Technologies LTD,LONDON,,Worker (A rating),Skilled Worker,https://aldiatechnologies.com
Aleti Software Systems Ltd,Newcastle Upon Tyne,,Worker (A rating),Skilled Worker,https://aleti.io
Alexander Technologies Europe Limited,Peterlee,,Worker (A rating),Skilled Worker,https://www.alexandertechnologies.com
Alfa Financial Software Ltd,London,,Worker (A rating),Skilled Worker,
Algiz Technology Limited,Birmingham,West Midlands,Worker (A rating),Skilled Worker,https://www.algiz-technology.com
Algorithms Software UK Ltd,London,,Worker (A rating),Skilled Worker,https://xpedeon.com
Alianza UK Technologies Limited,Cambridge,Cambridgeshire,Worker (A rating),Skilled Worker,https://www.alianza.com
Align Technology UK Limited,Solihull,,Worker (A rating),Skilled Worker,https://www.aligntech.com
Aligne Technologies Ltd,London,,Worker (A rating),Skilled Worker,
Aligned AI Limited,Thame,Oxfordshire,Worker (A rating),Skilled Worker,https://buildaligned.ai
All Eat App Network Technology Incorporated Ltd,Croydon,,Worker (A rating),Skilled Worker,https://old.alleatapp.com
ALL.SPACE Networks Limited,Reading,Berkshire,Worker (A rating),Global Business Mobility: Senior or Specialist Worker,https://www.all.space
Allied Automation And Software Solutions Limited,London,,Worker (UK Expansion Worker: Provisional ),Global Business Mobility: UK Expansion Worker,
Allied Computer UK Limited,Wembley,,Worker (A rating),Skilled Worker,
ALLIED COMPUTER UK LTD,Wembley,,Worker (A rating),Skilled Worker,https://alliedcomputer.co.uk
Allied Digital Services UK Ltd,Lewins Mead,Bristol,Worker (A rating),Global Business Mobility: Senior or Specialist Worker,
Advanced Secure Technologies Ltd,Cardiff,South Glamorgan,Worker (A rating),Skilled Worker,https://www.advancedsecure.co.uk
Agile and IT Digital Services Limited,Brentford,,Worker (A rating),Skilled Worker,https://agileanditdigital.com
Agent Software Limited,Manchester,,Worker (A rating),Skilled Worker,https://agent.software
AI Agency Group LTD T/A Apply AI,London,,Worker (A rating),Skilled Worker,https://visasponsorshipuk.com
AI Computing Ltd,Ilford,,Worker (A rating),Skilled Worker,https://open.endole.co.uk
Affiniti AI Limited,London,,Worker (A rating),Skilled Worker,https://www.affiniti.ai
ADI TECHNOLOGY LIMITED,Basingstoke,Hampshire,Worker (A rating),Skilled Worker,https://www.adiglobaldistribution.co.uk
AI MARKET LTD,London,England,Worker (A rating),Skilled Worker,https://aimarketltd.com
Address Intelligence Technologies Limited,London,,Worker (A rating),Skilled Worker,
AI Foods Ltd,Birmingham,,Worker (A rating),Skilled Worker,http://www.indusfood.co.uk
AGS Cyber,London,,Worker (A rating),Skilled Worker,
Ai Beauty LTD,London,,Worker (A rating),Skilled Worker,https://aibeauty.co.uk
AI DATA LABS LTD,London,,Worker (A rating),Skilled Worker,https://ai-datalabs.hr
AI Restaurants Ltd,Birmingham,,Worker (A rating),Skilled Worker,https://airestaurants.co.uk
AI Recruitment Technologies Limited,Knowsley,Merseyside,Worker (A rating),Skilled Worker,
Aira Digital Limited,Milton Keynes,Buckinghamshire,Worker (A rating),Skilled Worker,
Akamai Technologies Limited,London,,Worker (A rating),Skilled Worker,https://www.akamai.com
Akamai Technologies Limited,London,,Worker (A rating),Global Business Mobility: Senior or Specialist Worker,
AKM COMPUTER LIMITED,LONDON,,Worker (A rating),Skilled Worker,https://www.akm.com
AKSYA TECHNOLOGIES LTD,LONDON,,Worker (A rating),Skilled Worker,https://www.gbrbusiness.com
Aksha Technologies Limited,Watford,Hertfordshire,Worker (A rating),Skilled Worker,
ALARIS THE RF TECHNOLOGY GROUP LTD,LINCOLN,Lincolnshire,Worker (A rating),Global Business Mobility: Senior or Specialist Worker,
Alchemy Software Ltd,Bexleyheath,,Worker (A rating),Skilled Worker,https://www.alchemysoftware.com
ALARIS THE RF TECHNOLOGY GROUP LTD,LINCOLN,Lincolnshire,Worker (A rating),Skilled Worker,
Allied Automation And Software Solutions Limited,London,,Worker (UK Expansion Worker: Provisional ),Global Business Mobility: UK Expansion Worker,https://alliedautomation.co.uk
Allied Digital Services UK Ltd,Lewins Mead,Bristol,Worker (A rating),Global Business Mobility: Senior or Specialist Worker,https://www.allieddigital.net
Alfa Financial Software Ltd,London,,Worker (A rating),Skilled Worker,
Allied Computer UK Limited,Wembley,,Worker (A rating),Skilled Worker,https://alliedcomputer.co.uk
Aligne Technologies Ltd,London,,Worker (A rating),Skilled Worker,
Allied Digital Services UK Ltd,Lewins Mead,Bristol,Worker (A rating),Skilled Worker,
Alliot Technologies Limited,Huddersfield,West Yorkshire,Worker (A rating),Skilled Worker,https://www.alliot.co.uk
Allied Software Ltd,Glasgow,,Worker (A rating),Skilled Worker,
Allygrow Technologies UK Limited,Harrow,,Worker (A rating),Global Business Mobility: Senior or Specialist Worker,https://allygrow.com
Allocate Software Ltd,Richmond,,Worker (A rating),Skilled Worker,https://www.allocate.co
AllSee Technologies Ltd,Birmingham,West Midlands,Worker (A rating),Skilled Worker,https://www.allsee-tech.com
AllPoints Fibre Networks Limited,Reading,,Worker (A rating),Skilled Worker,
Allygrow Technologies UK Limited,Harrow,,Worker (A rating),Skilled Worker,
ALPHALAKE TECHNOLOGIES LTD,Northampton,,Worker (A rating),Skilled Worker,https://alphalake-servicehub.vercel.app
Alp Technologies Ltd,London,,Worker (A rating),Skilled Worker,
ALPHA DATA PARALLEL SYSTEMS LTD,EDINBURGH,,Worker (A rating),Global Business Mobility: Senior or Specialist Worker,https://alpha-data.com
Alpharithm Technologies Limited,London,,Worker (A rating),Global Business Mobility: Senior or Specialist Worker,https://www.alpharithm.com
AlphaSense Technology Limited,London,,Worker (A rating),Global Business Mobility: Senior or Specialist Worker,https://www.alphasense.com
ALPHA DATA PARALLEL SYSTEMS LTD,EDINBURGH,,Worker (A rating),Skilled Worker,https://alpha-data.com
Alphatec Software Limited,Dodford,Northamptonshire,Worker (A rating),Skilled Worker,https://www.alphatec.net
Alphr Technology Ltd,Letchworth Garden City,Hertfordshire,Worker (A rating),Skilled Worker,https://www.alphrtechnology.com
ALPHA2 SOLUTIONS & SOFTWARE LIMITED,LONDON,,Worker (A rating),Skilled Worker,
Alpharithm Technologies Limited,London,,Worker (A rating),Skilled Worker,
AlphaSense Technology Limited,London,,Worker (A rating),Skilled Worker,https://www.alphasense.com
AlSaab Ltd t/a AlSaab Digital Ventures,London,,Worker (A rating),Skilled Worker,
Altana Technologies UK Ltd,London,,Worker (A rating),Global Business Mobility: Senior or Specialist Worker,
Altana Technologies UK Ltd,London,,Worker (A rating),Skilled Worker,
"Alternative Loans Experience Technologies UK Limited, trading as Infinit",London,,Worker (A rating),Skilled Worker,https://www.bing.com
Altera Semiconductor Technology UK Limited,Marlow,,Worker (A rating),Global Business Mobility: Senior or Specialist Worker,https://www.altera.com
Altus Technologies Ltd,Horsham,,Worker (A rating),Skilled Worker,http://altustechnologies.co.uk
ALTEN GLOBAL TECHNOLOGIES,"Cambridge,",,Worker (A rating),Skilled Worker,https://www.altengt.com
Alter Technology TUV NORD UK LTD,Livingston,,Worker (A rating),Skilled Worker,https://www.altertechnology-group.com
Alula Technologies Ltd,London,,Worker (A rating),Global Business Mobility: Senior or Specialist Worker,http://alulatechnologies.com
Altera Semiconductor Technology UK Limited,Marlow,,Worker (A rating),Skilled Worker,https://www.altera.com
ALTEN GLOBAL TECHNOLOGIES,"Cambridge,",,Worker (A rating),Global Business Mobility: Senior or Specialist Worker,
AMICABLE TECHNOLOGIES LIMITED,Newcastle Upon Tyne,,Worker (A rating),Skilled Worker,https://amicable.io
AM Insights Technology Limited,London,,Worker (A rating),Skilled Worker,https://www.aminsights.com
AMR Technologies Ltd,Solihull,,Worker (A rating),Skilled Worker,https://www.companiesintheuk.co.uk
Altrix Technology Ltd,London,,Worker (A rating),Skilled Worker,https://www.altrix.group
Alula Technologies Ltd,London,,Worker (A rating),Skilled Worker,http://alulatechnologies.com
Anaero Technology Ltd,Cambridge,Cambridgeshire,Worker (A rating),Skilled Worker,https://www.anaerotech.com
Amadeus Software Limited,Oxon,,Worker (A rating),Skilled Worker,https://amadeus.com
Amina Technologies Ltd,Huntingdon,Cambridgeshire,Worker (A rating),Skilled Worker,https://www.aminasound.com
Amphora Technologies Limited,Belfast,Antrim,Worker (A rating),Skilled Worker,
Andor Technology,Belfast,Northern Ireland,Worker (A rating),Global Business Mobility: Senior or Specialist Worker,https://www.andortech.com
AN INTELLIGENT NETWORK LTD,London,London,Worker (A rating),Skilled Worker,https://visasponsorshipuk.com
Analog and Digital Solutions Limited,Kent,,Worker (A rating),Skilled Worker,https://www.analog.com
Anansi Technology Limited,London,,Worker (A rating),Skilled Worker,
Anker Technology (UK) Ltd,Watford,Hertfordshire,Worker (A rating),Skilled Worker,https://www.anker.com
AND Technology Research Limited,Epping,Essex,Worker (A rating),Skilled Worker,
Andor Technology,Belfast,Northern Ireland,Worker (A rating),Skilled Worker,https://www.andortech.com
Aneto Digital Services Ltd,Milton Keynes,Buckinghamshire,Worker (A rating),Skilled Worker,https://www.anetodigital.com
Ansimicro Software UK Limited,Gloucester,Gloucestershire,Temporary Worker (A rating),Global Business Mobility: Graduate Trainee,https://ansimicro.com
Anker Technology (UK) Ltd,Watford,Hertfordshire,Worker (A rating),Global Business Mobility: Senior or Specialist Worker,https://www.anker.com
Ankar.ai,London,,Worker (A rating),Skilled Worker,
Ansimicro Software UK Limited,Gloucester,Gloucestershire,Worker (A rating),Global Business Mobility: Senior or Specialist Worker,https://ansimicro.com
Ansimicro Software UK Limited,Gloucester,Gloucestershire,Worker (A rating),Skilled Worker,https://ansimicro.com
ANRA Technologies UK Ltd,Cranfield,,Worker (A rating),Skilled Worker,https://www.anratechnologies.com
ANSA Data Analytics Ltd,Aberdeen,,Worker (A rating),Skilled Worker,
Ansari Technology Ltd,Edinburgh,,Worker (A rating),Skilled Worker,http://ansariit.co.uk
Ant Data Limited,Liverpool,Merseyside,Worker (A rating),Skilled Worker,
Ant Data Limited,Liverpool,,Worker (A rating),Skilled Worker,
Antare Technology Limited,London,,Worker (A rating),Skilled Worker,
Antioch Network Manchester,Rochdale,Lancs,Worker (A rating),Tier 2 Ministers of Religion,https://antiochnetwork.org.uk
Apex Networks Ltd,Ramsgate,,Worker (A rating),Skilled Worker,https://www.apex-networks.com
ANZ DIGITAL LIMITED,"Welwyn Garden City,",,Worker (A rating),Skilled Worker,
APCO Technologies Services Ltd,Didcot,,Worker (A rating),Skilled Worker,
Apollo Research AI Ltd,London,,Worker (A rating),Skilled Worker,https://www.apolloresearch.ai
Apex Additive Technologies Ltd,Ebbw Vale,,Worker (A rating),Skilled Worker,https://www.apex.tech
Apollo Research AI Ltd,London,,Worker (A rating),Global Business Mobility: Senior or Specialist Worker,https://www.apolloresearch.ai
APCO Technologies Services Ltd,Didcot,,Worker (A rating),Global Business Mobility: Senior or Specialist Worker,
APG Technologies Limited,London,Greater London,Worker (A rating),Skilled Worker,
"API Software Limited (Trading as ""AutoRek"")",Glasgow,,Worker (A rating),Skilled Worker,
Apis Assay Technologies,Manchester,Greater Manchester,Worker (A rating),Skilled Worker,
Apparel Cloud London Ltd,London,,Worker (A rating),Skilled Worker,https://open.endole.co.uk
Appeal Marketing Ltd t/a Appeal Digital,Bristol,,Worker (A rating),Skilled Worker,https://appeal.digital
Appella AI Limited,London,,Worker (A rating),Skilled Worker,
Applexus Technologies Limited,Hounslow,Greater London,Worker (A rating),Global Business Mobility: Senior or Specialist Worker,
Applexus Infotech Ltd,Amersham,,Worker (A rating),Skilled Worker,
Applexus Technologies Limited,Hounslow,Greater London,Worker (A rating),Skilled Worker,https://www.applexus.com
Applied Data Science Partners Ltd,London,,Worker (A rating),Skilled Worker,https://adsp.ai
Applied Network Solutions Limited,Holsworthy,Devon,Worker (A rating),Skilled Worker,https://appliedns.com
Applied Manufacturing Technologies Ltd,Pembroke,Dyfed,Worker (A rating),Skilled Worker,
APPLY4 TECHNOLOGY LIMITED,LONDON,,Worker (A rating),Skilled Worker,https://app.apply4.com
Appmetric Software Limited,Basildon,,Worker (A rating),Skilled Worker,http://appmetric.com
Applied Technology Developments Ltd,Leicester,Leicestershire,Worker (A rating),Skilled Worker,https://efinder.uk
Applied Scientific Technologies Ltd,Stokesley,North Yorkshire,Worker (A rating),Skilled Worker,
Apply Digital UK Ltd,London,,Worker (A rating),Skilled Worker,https://www.applydigital.com
Apriori Technologies UK Limited,Belfast,,Worker (A rating),Skilled Worker,https://www.apriori.com
Aptitude Software Group plc,London,,Worker (A rating),Skilled Worker,https://www.aptitudesoftware.com
Aqua Security Software UK LTD,London,,Worker (A rating),Global Business Mobility: Senior or Specialist Worker,https://www.aquasec.com
Aqua Security Software UK LTD,London,,Worker (A rating),Skilled Worker,https://www.aquasec.com
Aqua Technologies (Europe) Ltd,Hounslow,Middlesex,Worker (A rating),Skilled Worker,https://www.aquatech.com
Appsync Technologies Limited,Luton,,Worker (A rating),Skilled Worker,
Aquarium Software Limited,Altrincham,,Worker (A rating),Skilled Worker,https://aqnet.aquarium-software.com
AR MOBILES & TECHNOLOGY LTD,Ashby-De-La-Zouch,,Worker (A rating),Skilled Worker,https://www.armobile.shop
Aprameyah Technologies Limited,Slough,,Worker (A rating),Skilled Worker,https://www.aprameyah.uk
AR TELEVISION NETWORK LTD,London,,Worker (A rating),Skilled Worker,https://artvn.tv
Aras Software Ltd,Birmingham,,Worker (A rating),Skilled Worker,https://aras.com
Arbor Networks UK Limited,London,,Worker (A rating),Global Business Mobility: Senior or Specialist Worker,https://bracknell.cylex-uk.co.uk
Aptitude Software Group plc,London,,Worker (A rating),Global Business Mobility: Senior or Specialist Worker,
Apriori Technologies UK Limited,Belfast,,Worker (A rating),Global Business Mobility: Senior or Specialist Worker,
Aptura AI UK Ltd.,London,,Worker (A rating),Skilled Worker,https://www.aptura.ai
Arch Ai Technologies Ltd,London,,Worker (A rating),Skilled Worker,https://www.archai.io
Archer Technologies UK Limited,Bristol,,Worker (A rating),Global Business Mobility: Senior or Specialist Worker,https://www.archertech.co
Arctic Cloud Solutions Ltd,Glasgow,,Worker (A rating),Skilled Worker,http://arcticcloud-solutions.com
ARCADYAN TECHNOLOGY LIMITED,Ipswich,Suffolk,Worker (A rating),Skilled Worker,https://www.arcadyan.com
Arbor Networks UK Limited,London,,Worker (A rating),Skilled Worker,
ARCH TECHNOLOGY LTD,Wembley,,Worker (A rating),Skilled Worker,https://archtechnology.co.uk
Arctic Wolf Networks UK Limited,Newcastle Upon Tyne,,Worker (A rating),Skilled Worker,https://arcticwolf.com
Archipelago Technology Group Ltd,CAMBRIDGE,Cambridgeshire,Worker (A rating),Skilled Worker,https://www.archipelagotechnology.com
ARCTURUS TECHNOLOGY LTD,Blackburn,,Worker (A rating),Skilled Worker,https://www.arcturustechnology.co.uk
Archer Technologies UK Limited,Bristol,,Worker (A rating),Skilled Worker,https://www.archertech.co
Areteans Technology Solutions UK Limited,London,,Worker (A rating),Global Business Mobility: Senior or Specialist Worker,https://areteanstech.com
Areteans Technology Solutions UK Limited,London,,Worker (A rating),Skilled Worker,https://areteanstech.com
Arctic Lake Technology Ltd,London,,Worker (A rating),Skilled Worker,https://arcticlake.com
Arctic Wolf Networks UK Limited,Newcastle Upon Tyne,,Worker (A rating),Global Business Mobility: Senior or Specialist Worker,https://arcticwolf.com
Arcturis Data (UK) Limited,OXFORD,,Worker (A rating),Skilled Worker,https://www.arcturisdata.com
Arete Medical Technologies Ltd,Cambridge,,Worker (A rating),Skilled Worker,
Argentum Data Solutions Ltd,Windsor,,Worker (A rating),Skilled Worker,
Argus Software (UK) Ltd,London,,Worker (A rating),Global Business Mobility: Senior or Specialist Worker,https://www.bing.com
Argti Software & IT Solutions UK Ltd,Preston,,Worker (A rating),Skilled Worker,
Argus Software (UK) Ltd,London,,Worker (A rating),Skilled Worker,https://www.bing.com
ARIA TECHNOLOGIES LIMITED,SURREY,,Worker (A rating),Skilled Worker,https://www.aria.technology
Aristocrat Technologies Europe Ltd.,Uxbridge,Middlesex,Worker (A rating),Global Business Mobility: Senior or Specialist Worker,https://www.aristocratgaming.com
ARIES GLOBAL SOFTWARE HOLDING LIMITED,London,,Worker (A rating),Skilled Worker,
ARISTA NETWORKS UK LTD,London,,Worker (A rating),Global Business Mobility: Senior or Specialist Worker,https://www.arista.com
ARIS Software UK Limited,Bracknell,,Worker (A rating),Skilled Worker,
ARISTA NETWORKS UK LTD,London,,Worker (A rating),Skilled Worker,
Armada Technologies Limited,Birkenhead,,Worker (A rating),Skilled Worker,https://armada-technologies.com
Aristocrat Technologies Europe Ltd.,Uxbridge,Middlesex,Worker (A rating),Skilled Worker,
Arkana Technology Limited,Newcastle Upon Tyne,,Worker (A rating),Skilled Worker,
Arkphire Technologies UK Ltd T/A Presidio,London,,Worker (A rating),Skilled Worker,
Armlon Software Solutions Ltd,London,,Worker (A rating),Skilled Worker,https://armlon.co.uk
ARROW DIGITAL SPACE LTD,London,England,Worker (A rating),Skilled Worker,https://www.arrowdigitalspaceltd.co.uk
Arrakis Technologies Limited,London,,Worker (A rating),Skilled Worker,
ARNOLD MAGNETIC TECHNOLOGIES LIMITED,Sheffield,South Yorkshire,Worker (A rating),Skilled Worker,
Arralis Technologies Ltd,Chippenham,,Worker (A rating),Global Business Mobility: Senior or Specialist Worker,https://www.kernel-capital.com
Arrow Enterprise Computing Solutions Ltd,Harrogate,,Worker (A rating),Global Business Mobility: Senior or Specialist Worker,https://www.arrow.com
Art of Cloud Ltd,Horsforth,West Yorkshire,Worker (A rating),Skilled Worker,https://artofcloud.co.uk
Arralis Technologies Ltd,Chippenham,,Worker (A rating),Skilled Worker,https://www.kernel-capital.com
Arriba Technologies Ltd,Cambridge,,Worker (A rating),Skilled Worker,http://www.arriba.uk
Arrow Enterprise Computing Solutions Ltd,Harrogate,,Worker (A rating),Skilled Worker,
Art Technologies Limited,London,,Worker (A rating),Skilled Worker,
Artemis Technologies Ltd,Poole,,Worker (A rating),Skilled Worker,
Artificial Intelligence Digital Solutions Limited,Milton Keynes,,Worker (A rating),Skilled Worker,
Aryaka Networks UK Limited,Hayes,London,Worker (A rating),Skilled Worker,https://www.aryaka.com
Arva AI Ltd,London,,Worker (A rating),Skilled Worker,
Arvia Water Technologies Ltd,Runcorn,Cheshire,Worker (A rating),Skilled Worker,
ASBUILT DIGITAL UK LIMITED,London,,Worker (A rating),Skilled Worker,https://www.asbuiltdigital.com
Ascend Digital Solutions Ltd,Manchester,Greater Manchester,Worker (A rating),Skilled Worker,https://ascend-digital.co.uk
Aryaka Networks UK Limited,Hayes,London,Worker (A rating),Global Business Mobility: Senior or Specialist Worker,
Asana Software UK Limited,London,,Worker (A rating),Global Business Mobility: Senior or Specialist Worker,https://www.bing.com
Asana Software UK Limited,London,,Worker (A rating),Skilled Worker,https://asana.com
AsFigo Technologies Limited,Chelmsford,Essex,Worker (A rating),Skilled Worker,https://asfigo.com
ASAP Cloud Solutions,Tunbridge Wells,,Worker (A rating),Skilled Worker,
Ashtead Technology Limited,Aberdeen,Aberdeenshire,Worker (A rating),Skilled Worker,https://www.ashtead-technology.com
ASC Technology Limited,Trafford,,Worker (A rating),Skilled Worker,https://www.asctechnologies.com
Ask Gloria AI LTD,Leeds,West Yorkshire,Worker (A rating),Skilled Worker,https://askgloria.ai
Ascend Technologies Limited,Southampton,Hampshire,Worker (A rating),Skilled Worker,
ASCENDX CLOUD LIMITED,London,,Worker (A rating),Skilled Worker,https://ascendx.cloud
ASP Technologies Limited,Reading,,Worker (A rating),Skilled Worker,https://asptech.co.uk
Ascent Digital Services UK Ltd,Bristol,,Worker (A rating),Skilled Worker,https://www.ascent-digital.com
Aspects Infotech Ltd,London,,Worker (A rating),Skilled Worker,https://www.aspects-uk.com
ASFIN SOFTWARE & CONSULTANCY LTD,London,,Worker (A rating),Skilled Worker,
ASKK Technologies Ltd,London,,Worker (A rating),Skilled Worker,
ASM Technologies (UK) Limited,Coventry,,Worker (A rating),Global Business Mobility: Senior or Specialist Worker,https://asmtech.com
Aspire Information Technologies Limited,Brentford,,Worker (A rating),Skilled Worker,https://aspireinformationtechnologies.co.uk
Aspect Software UK Limited,Hayes,,Worker (A rating),Skilled Worker,https://www.aspect.com
ASPER TECHNOLOGIES LIMITED,Wembley,,Worker (A rating),Skilled Worker,
Asper.AI Limited,North Harrow,,Worker (A rating),Global Business Mobility: Senior or Specialist Worker,https://asper.ai
Asper.AI Limited,North Harrow,,Worker (A rating),Skilled Worker,https://asper.ai
Aspire Infotech Technologies Ltd,Harrow,Greater London,Worker (A rating),Skilled Worker,https://aspireinfotechtechnologies.co.uk
ASPIRE TECHNOLOGY LTD,Reading,,Worker (A rating),Skilled Worker,https://www.aspirets.com
Aspire technology solutions,Gateshead,,Worker (A rating),Skilled Worker,
Asset Infotech Limited,Slough,,Worker (A rating),Skilled Worker,http://www.assetcloud.in
Assemble Technologies UK Ltd (t/a Atticus),London,,Worker (A rating),Global Business Mobility: Senior or Specialist Worker,
ASPIRED DIGITAL LTD,Ilford,,Worker (A rating),Skilled Worker,
Assemble Technologies UK Ltd (t/a Atticus),London,,Worker (A rating),Skilled Worker,https://www.assembletechnology.io
AT Digital Ltd,Hounslow,London,Worker (A rating),Skilled Worker,https://atdigital.co.uk
ATAG Heating Technology UK Limited,West Malling,,Worker (A rating),Skilled Worker,https://www.atagheating.co.uk
Assemble Technology Ltd,Liverpool,Merseyside,Worker (A rating),Skilled Worker,
Atcore Technology Limited,Slough,Berks,Worker (A rating),Skilled Worker,https://atcoretec.com
Assist Digital EU Limited,LONDON,,Worker (A rating),Skilled Worker,
ASSURED DATA PROTECTION LIMITED,Harewood,,Worker (A rating),Skilled Worker,https://assured-dp.com
Astute Data Systems Ltd,Canterbury,Kent,Worker (A rating),Skilled Worker,
Astrid Technologies LTD,London,,Worker (A rating),Skilled Worker,
ATLAR TECHNOLOGY LTD,London,,Worker (A rating),Global Business Mobility: Senior or Specialist Worker,https://www.atlar.com
Atcore Technology Limited,Slough,Berks,Worker (A rating),Global Business Mobility: Senior or Specialist Worker,
ATELIER TECHNOLOGY LIMITED,London,London,Worker (A rating),Skilled Worker,https://ateliertechnologysolutions.com
ATEZ UK SOFTWARE TECHNOLOGIES LTD,London,,Worker (A rating),Skilled Worker,https://www.atez.com
Atmo Technology Ltd,Bristol,,Worker (A rating),Skilled Worker,https://www.atmotech.co.uk
ATLABS INFOTECH LTD,walthamabbey,,Worker (A rating),Skilled Worker,https://www.dnb.com
ATLANTIS TECHNOLOGY SOLUTIONS LIMITED,LONDON,UNITED KINGDOM,Worker (A rating),Skilled Worker,https://atlantistech.co.uk
Atlas Technology Solutions UK Limited,London,,Worker (A rating),Skilled Worker,
Atlas Technology Solutions UK Limited,London,,Worker (A rating),Global Business Mobility: Senior or Specialist Worker,https://atlastechsolutions.co.uk
Audio Network Limited,London,,Worker (A rating),Skilled Worker,https://www.audionetwork.com
Atomic Digital Marketing Ltd,Cheshire,,Worker (A rating),Skilled Worker,
Aurora Future Technologies Limited,London,,Worker (A rating),Skilled Worker,https://aurora.uk.net
Atominvest Software Ltd,London,,Worker (A rating),Skilled Worker,
Atomic Wire Technology Limited,London,,Worker (A rating),Skilled Worker,
Aurous Technology Limited,London,,Worker (A rating),Skilled Worker,https://www.ukcompanydir.com
ATTAR TECHNOLOGIES LIMITED,HAYES,,Worker (A rating),Skilled Worker,https://www.companiesintheuk.co.uk
Attest Technologies Limited,London,,Worker (A rating),Skilled Worker,https://www.askattest.com
AUTO GARAGE NETWORK LTD,Melton Mowbray,,Worker (A rating),Skilled Worker,https://www.autogaragenetwork.com
Automata Technologies Limited,London,,Worker (A rating),Skilled Worker,https://www.automata.tech
Automatic Data Processing (ADP) Limited,Staines Upon Thames,,Worker (A rating),Skilled Worker,https://uk.adp.com
Aurora Future Technologies Limited,London,,Worker (A rating),Global Business Mobility: Senior or Specialist Worker,
Automatic Data Processing (ADP) Limited,Staines Upon Thames,,Worker (A rating),Global Business Mobility: Senior or Specialist Worker,https://uk.adp.com
Aurous Technology Limited,London,,Worker (A rating),Global Business Mobility: Senior or Specialist Worker,
Autify Digital Ltd,Nottingham,Nottinghamshire,Worker (A rating),Skilled Worker,
Auto Easy Network Limited,Rugby,,Worker (A rating),Skilled Worker,https://www.companieslist.co.uk
Auto Network (GB) Limited,LIVERPOOL,"Merseyside, England",Worker (A rating),Skilled Worker,
Averge Technologies UK Limited,Thetford,Norfolk,Worker (A rating),Skilled Worker,https://averge.co.za
AVIAT NETWORKS UK LIMITED,LONDON,,Worker (A rating),Global Business Mobility: Senior or Specialist Worker,https://aviatnetworks.com
AVANT DATA LTD,Toton,NOTTINGHAMSHIRE,Worker (A rating),Skilled Worker,https://avantdata.co.uk
AVIAT NETWORKS UK LIMITED,LONDON,,Worker (A rating),Skilled Worker,https://aviatnetworks.com
AVASO Technology Solutions Ltd,London,,Worker (A rating),Skilled Worker,https://www.avasotech.com
AVASO Technology Solutions Ltd,London,,Temporary Worker (A rating),Global Business Mobility: Graduate Trainee,https://www.avasotech.com
AVASO Technology Solutions Ltd,London,,Worker (A rating),Global Business Mobility: Senior or Specialist Worker,
Aventus Network Services Limited,East Grinstead,,Worker (A rating),Skilled Worker,
Avifauna Technology Limited,Bradford,,Worker (A rating),Skilled Worker,https://avifauna-tech.com
Avon Data Systems Limited,Bristol,Bristol,Worker (A rating),Skilled Worker,https://checkthecompany.co.uk
Avigna Technology Solutions Limited,London,,Worker (A rating),Skilled Worker,
Avon Network Events,Bristol,,Worker (A rating),Skilled Worker,
Avos Technology Ltd,Cambridge,,Worker (A rating),Skilled Worker,
Avoy Technologies Limited /ta SnapSea,London,,Worker (A rating),Skilled Worker,https://www.snapsea.io
Axians Networks Ltd,Basingstoke,Hampshire,Worker (A rating),Skilled Worker,https://www.axians.co.uk
AVR Technology Services Ltd,Welling,Kent,Worker (A rating),Skilled Worker,https://avrtechnologies.co.uk
Aware Digital Ltd,Stoke on Trent,,Worker (A rating),Skilled Worker,
Axelera AI UK,Bristol,,Worker (A rating),Skilled Worker,https://axelera.ai
Axia Computer Systems Limited,Watford,Hertfordshire,Worker (A rating),Skilled Worker,
Axis Well Technology Ltd,Westhill,,Worker (A rating),Skilled Worker,https://www.axis-wt.com
Axia Digital Ltd,Batley,West Yorkshire,Worker (A rating),Skilled Worker,https://www.axiadigital.uk
AXONE TECHNOLOGIES UK LIMITED,Wokingham,Berkshire,Worker (A rating),Skilled Worker,https://www.axone-tech.uk
Ayantika Technologies Ltd,London,,Worker (A rating),Skilled Worker,https://www.ayantikatechnologies.com
Axiom Software Solutions Limited,London,,Worker (A rating),Skilled Worker,https://www.axiomsoftwaresolutions.com
Aybola Software and Technology Ltd,London,London,Worker (A rating),Skilled Worker,https://www.aybola.com
AYU Technologies Ltd,London,,Worker (A rating),Skilled Worker,https://www.thisisayu.com
Axiom Technologies Pty Ltd,Crawley,West Sussex,Worker (A rating),Skilled Worker,
Axis Spine Technologies Ltd,Leeds,,Worker (A rating),Skilled Worker,https://axisspinetech.com
Axsai Technologies Europe Limited,London,,Worker (A rating),Skilled Worker,https://axsai.com
Babb Technologies LTD,London,,Worker (A rating),Skilled Worker,https://babbtech.com
Ayotta Technologies Limited,Maidstone,Kent,Worker (A rating),Skilled Worker,https://www.ayotta.uk
AYKO Digital Limited t/a AYKO,Leeds,,Worker (A rating),Skilled Worker,
Babcock Integrated Technology Limited,Bristol,,Worker (A rating),Global Business Mobility: Senior or Specialist Worker,https://www.babcockinternational.com
BACKUP DATA LIMITED,Woolpit,Suffolk,Worker (A rating),Skilled Worker,https://safedatastorage.co.uk
BAeHAL Software Limited,SLOUGH,Berkshire,Worker (A rating),Global Business Mobility: Senior or Specialist Worker,https://www.baehal.com
AZo Network UK Limited,Manchester,,Worker (A rating),Skilled Worker,
Baker Hughes Energy Technology UK Limited,Bristol,,Temporary Worker (A rating),Global Business Mobility: Graduate Trainee,https://www.bakerhughes.com
Baker Hughes Energy Technology UK Limited,Bristol,,Worker (A rating),Skilled Worker,https://www.bakerhughes.com
Azotic Technologies Limited,York,Yorkshire,Worker (A rating),Skilled Worker,https://www.azotic.com
Baker Hughes Energy Technology UK Limited,Bristol,,Worker (A rating),Global Business Mobility: Senior or Specialist Worker,https://www.bakerhughes.com
BA Technologies Limited,Portsmouth,Hants,Worker (A rating),Skilled Worker,
BankiFi Technology Limited,Manchester,Manchester,Worker (A rating),Skilled Worker,https://www.bankifi.com
Babcock Integrated Technology Limited,Bristol,,Worker (A rating),Skilled Worker,
BAeHAL Software Limited,SLOUGH,Berkshire,Worker (A rating),Skilled Worker,
Balindra Software Limited,London,,Worker (A rating),Skilled Worker,
Balio Software Limited,Canterbury,Kent,Worker (A rating),Skilled Worker,https://baliosoftware.com
BALRE TECHNOLOGIES LTD,London,,Worker (A rating),Skilled Worker,
BANDGI TECHNOLOGIES PVT LTD,MAIDENHEAD,BERKSHIRE,Worker (A rating),Skilled Worker,
BANKTECH SOFTWARE SERVICES LIMITED,Cambridge,,Worker (A rating),Skilled Worker,
Bantham Technologies Limited,London,,Worker (A rating),Skilled Worker,https://www.banthamtechnologies.com
Basis Cloud Solutions Ltd,Leicester,,Worker (A rating),Skilled Worker,https://basis.cloud
Basis Technologies International Ltd,Bracknell,Berkshire,Worker (A rating),Skilled Worker,https://www.basistechnologies.com
Basis Technology Limited,Beaconsfield,,Worker (A rating),Skilled Worker,https://www.basistechnologies.com
Barracuda Networks Limited,Nottingham,,Worker (A rating),Global Business Mobility: Senior or Specialist Worker,
Basis Technology Limited,Beaconsfield,,Worker (A rating),Global Business Mobility: Senior or Specialist Worker,https://www.basistechnologies.com
Basingstoke College of Technology,Basingstoke,Hampshire,Worker (A rating),Skilled Worker,https://www.bcot.ac.uk
Barrier Networks Limited,Glasgow,,Worker (A rating),Skilled Worker,
Barracuda Networks Limited,Nottingham,,Worker (A rating),Skilled Worker,
Bauer Technologies Limited,Bishops Stortford,,Worker (A rating),Global Business Mobility: Senior or Specialist Worker,https://www.bauer.de
Bayforest Technologies Limited,London,,Worker (A rating),Skilled Worker,https://bayforest.ai
BBD Software Limited,London,,Worker (A rating),Skilled Worker,https://bbdsoftware.com
Bauer Technologies Limited,Bishops Stortford,,Worker (A rating),Skilled Worker,
BBD Software Limited,London,,Worker (A rating),Global Business Mobility: Senior or Specialist Worker,https://bbdsoftware.com
BB2 Digital and Technology Services Ltd,London,,Worker (A rating),Skilled Worker,
BDESH CLOUD LIMITED,LONDON,,Worker (A rating),Skilled Worker,https://bdeshcloud.co.uk
BCG Digital Ventures,London,,Worker (A rating),Skilled Worker,https://www.bcg.com
BCG Digital Ventures,London,,Worker (A rating),Global Business Mobility: Senior or Specialist Worker,https://www.bcg.com
Beebot AI,Sale,Default,Worker (A rating),Skilled Worker,https://www.beebotai.com
Beeks Financial Cloud Group PLC t/a Beeks Group,Renfrew,,Worker (A rating),Skilled Worker,https://www.beeksfinancialcloud.com
Bellrock Technology Limited,Edinburgh,,Worker (A rating),Skilled Worker,https://www.bellrock.co.uk
BCS Data Centres Limited,London,,Worker (A rating),Skilled Worker,
Beacon Technologies Ltd,London,,Worker (A rating),Skilled Worker,https://beacon.com
Bead Technologies Limited,London,,Worker (A rating),Skilled Worker,
BEP Surface Technologies,Bury,,Worker (A rating),Skilled Worker,https://bep-st.com
BEEP DIGITAL LTD,Poole,DORSET,Worker (A rating),Skilled Worker,https://beep.digital
BEESPACE TECHNOLOGIES LTD,BELFAST,NORTHERN IRELAND,Worker (A rating),Skilled Worker,https://bee.space
BENEVOLENCE TECHNOLOGIES PRIVATE LIMITED,London,,Worker (A rating),Skilled Worker,https://benevolencetechnologies.ltd
Beyond Data Technologies Ltd,Sheffield,,Worker (A rating),Skilled Worker,https://beyonddatatechnologies.co.uk
BENOIT TECHNOLOGIES UK LTD,Bolton,,Worker (A rating),Skilled Worker,https://www.benoittechnologies.com
Beyond Now Technology Limited,London,,Worker (A rating),Skilled Worker,https://www.beyondnow.com
Berkshire Technologies Limited,Bracknell,Berkshire,Worker (A rating),Skilled Worker,
BERKUK TECHNOLOGY LTD,Sheffield,,Worker (A rating),Skilled Worker,
Betfred Technology Limited,Manchester,,Worker (A rating),Skilled Worker,https://www.betfredgroup.com
Beta Technology Limited,Sheffield,South Yorkshire,Worker (A rating),Skilled Worker,
BG Infotech Ltd,London,,Worker (A rating),Skilled Worker,
Big Data Lake Limited,Slough,,Worker (A rating),Skilled Worker,https://www.bigdatalake.co.uk
BIG DATA SCIENCE & TECHNOLOGY LIMITED,Feltham,England,Worker (A rating),Skilled Worker,
Big Little Technology Limited (trading as beloFX),Altrincham,Cheshire,Worker (A rating),Global Business Mobility: Senior or Specialist Worker,https://www.bing.com
Big Little Technology Limited (trading as beloFX),Altrincham,Cheshire,Worker (A rating),Skilled Worker,
Big Orange Software trading as Sonin,Reigate,Surrey,Worker (A rating),Skilled Worker,
BIG PICTURE (SOFTWARE) LIMITED,Snaith,East Yorkshire,Worker (A rating),Skilled Worker,
Bigminds Technology Solutions Limited,Bromley,,Worker (A rating),Skilled Worker,https://bigmindstech.com
BigByte Digital Ltd,Manchester,,Worker (A rating),Skilled Worker,
Bigo Technology (UK) Limited,London,,Worker (A rating),Skilled Worker,https://www.bigo.sg
Bilfinger Piping Technologies UK Ltd,Bristol,,Temporary Worker (A rating),Global Business Mobility: Graduate Trainee,https://www.bilfinger.com
Bigo Technology (UK) Limited,London,,Worker (A rating),Global Business Mobility: Senior or Specialist Worker,
BILBERRY TECHNOLOGIES LTD T/A ADCLEAR,London,,Worker (A rating),Skilled Worker,https://visasponsorshipuk.com
Bilfinger Piping Technologies UK Ltd,Bristol,,Worker (A rating),Global Business Mobility: Senior or Specialist Worker,https://www.bilfinger.com
Bilfinger Piping Technologies UK Ltd,Bristol,,Worker (A rating),Skilled Worker,https://www.bilfinger.com
BIM Technologies (Europe) Limited,Newcastle upon Tyne,UK,Worker (A rating),Skilled Worker,
Birla Technologies Limited,Harrow,,Worker (A rating),Skilled Worker,http://www.birla.co.uk
BIOMARKER TECHNOLOGIES (BMKGENE) UK LTD,Cheshire,,Worker (A rating),Skilled Worker,https://www.bmkgene.com
BiologIC Technologies,Soham,,Worker (A rating),Skilled Worker,
Black Cow Technology Limited,Oxford,,Worker (A rating),Skilled Worker,https://blackcowtech.uk
BirdsEyeView Technologies Limited,London,,Worker (A rating),Skilled Worker,
Bladon Technologies Ltd,Warwick,Warwickshire,Worker (A rating),Skilled Worker,https://www.bladonmt.com
Birl Technology Ltd,Liverpool,Merseyside,Worker (A rating),Skilled Worker,https://www.birl.tech
Blockwise Network Limited,Manchester,,Worker (A rating),Skilled Worker,https://blockwisenetwork.co.uk
Black Box Network Services (UK) Limited,Reading,,Worker (A rating),Skilled Worker,
Black Swan Data Limited,London,,Worker (A rating),Skilled Worker,https://blackswan.com
Blackhawk Network EMEA Limited,Hemel Hempstead,,Worker (A rating),Skilled Worker,
Bliss software solutions Ltd,Aylesbury,Buckinghamshire,Worker (A rating),Skilled Worker,
BluDot Digital Limited,Hull,,Worker (A rating),Skilled Worker,https://www.bludottechnologies.com
Bloc Digital Ltd,Derby,,Worker (A rating),Skilled Worker,
Blue Chip Technologies Ltd,Wantage,"Oxfordshire, England",Worker (A rating),Skilled Worker,https://bluechiptechnology.com
Blue Cloud Global UK Limited,London,,Worker (A rating),Global Business Mobility: Senior or Specialist Worker,https://www.blue.cloud
Blue Cloud Global UK Limited,London,,Worker (A rating),Skilled Worker,https://www.blue.cloud
Bloompark Software Services Ltd,Slough,Berkshire,Worker (A rating),Skilled Worker,
BLOOP AI LIMITED,LONDON,England,Worker (A rating),Skilled Worker,
Blu Wireless Technology Limited,Bristol,Avon,Worker (A rating),Skilled Worker,https://www.bluwireless.com
BLOW MOULDING TECHNOLOGIES,Belfast,United Kingdom,Worker (A rating),Skilled Worker,
BLUE FIRE AI LIMITED,London,,Worker (A rating),Skilled Worker,https://bluefireai.com
Blue Car Technologies Limited,Reading,Berkshire,Worker (A rating),Skilled Worker,
Blue Ocean Data Solution Ltd,London,,Worker (A rating),Skilled Worker,https://blueoceands.com
Blue Precision Technologies Ltd,Maidstone,Kent,Worker (A rating),Skilled Worker,
Blue Strawberry AI Ltd,Sandwich,Kent,Worker (A rating),Skilled Worker,https://bluestrawberry.app
Blue State Digital UK Limited,London,,Worker (A rating),Skilled Worker,
Blue Thorn Technology Ltd,Birmingham,West Midlands,Worker (A rating),Skilled Worker,https://bluethorn.co.uk
Bluecube Cyber Security Solutions Limited,Milton Keynes,Buckingham,Worker (A rating),Skilled Worker,https://bluecubesecurity.com
Blue Yonder Technology Solutions (UK) Limited,Bracknell,Berkshire,Worker (A rating),Skilled Worker,https://blueyonder.com
Blue Yonder Technology Solutions (UK) Limited,Bracknell,Berkshire,Worker (A rating),Global Business Mobility: Senior or Specialist Worker,https://blueyonder.com
Blue Yonder Technology Solutions UK Limited,Bracknell,Berskshire,Worker (A rating),Skilled Worker,
Blue Yonder Technology Solutions UK Limited,Bracknell,Berskshire,Worker (A rating),Global Business Mobility: Senior or Specialist Worker,https://blueyonder.com
Blueprint Technologies Limited,Newark On Trent,,Worker (A rating),Skilled Worker,https://blueprintgaming.com
BLUEGRID TECHNOLOGY LTD,Peterborough,,Worker (A rating),Skilled Worker,
Bluerose Technologies Limited,London,,Worker (A rating),Skilled Worker,https://www.bluerose-tech.com
Bluekong Networks Limited,Reading,,Worker (A rating),Skilled Worker,https://bluekongnetworks.com
Bluesea Technology ltd,Ilford,,Worker (A rating),Skilled Worker,https://www.bluesea.com
BlueSkeye AI LTD,Nottingham,,Worker (A rating),Skilled Worker,https://www.blueskeye.com
Bluelotus Technologies Limited,Coventry,,Worker (A rating),Skilled Worker,https://bluelotustec.com
BLUESTAR SOFTWARE LIMITED,Reading,Berkshire,Worker (A rating),Skilled Worker,https://bluestar-software.co.uk
Bluemax Technology Support Ltd.,Cambridge,Cambridgeshire,Worker (A rating),Skilled Worker,
BM Data Solutions Limited T/A BM Aluminium,Tewkesbury,,Worker (A rating),Skilled Worker,https://www.bing.com
BMC Software Ltd,Winnersh Triangle,Berkshire,Worker (A rating),Global Business Mobility: Senior or Specialist Worker,
BNW Technology Ltd,Reading,,Worker (A rating),Skilled Worker,https://bnw-tech.com
BMC Software Ltd,Winnersh Triangle,Berkshire,Worker (A rating),Skilled Worker,
BOB W TECHNOLOGIES UK LIMITED,London,,Worker (A rating),Skilled Worker,https://bobw.co
BMLL Technologies Ltd,London,,Worker (A rating),Skilled Worker,
Boldyn Networks Group Limited,London,,Worker (A rating),Skilled Worker,https://www.boldyn.com
Boditrax Technologies Ltd,Nottingham,Nottinghamshire,Worker (A rating),Skilled Worker,https://boditrax.zendesk.com
Boldyn Networks Group Limited,London,,Worker (A rating),Global Business Mobility: Senior or Specialist Worker,https://www.boldyn.com
BookNow Software Ltd,Camberley,Surrey,Worker (A rating),Skilled Worker,https://booknowsoftware.com
Boost AI LTD,Woking,Surrey,Worker (A rating),Skilled Worker,https://boost.ai
Boomerang Digital Ltd,Hessle,East Yorkshire,Worker (A rating),Skilled Worker,https://boomerangdigital.co.uk
Boost It Technologies LTD,Bristol,Bradley Stoke,Worker (A rating),Skilled Worker,https://boostittechnologies.co.uk
Bosch Global Software Technologies Private Limited,Denham,Middlesex,Worker (A rating),Global Business Mobility: Senior or Specialist Worker,https://www.bing.com
Bo Digital Ltd,Cambridge,Cambridgeshire,Worker (A rating),Skilled Worker,
Bosch Global Software Technologies Private Limited,Denham,Middlesex,Worker (A rating),Skilled Worker,https://www.bing.com
Boku Network Services UK Ltd,London,,Worker (A rating),Skilled Worker,
Bond Financial Technologies Ltd,London,,Worker (A rating),Skilled Worker,
BOREAS SOFTWARE AND CONSULTING LTD,London,,Worker (A rating),Skilled Worker,
Borer Data Systems Ltd,Winnersh,,Worker (A rating),Skilled Worker,
Box Technologies Limited,Thame,Oxon,Worker (A rating),Skilled Worker,https://boxtechnologies.com
Box Technologies Limited,Thame,Oxon,Worker (A rating),Global Business Mobility: Senior or Specialist Worker,https://boxtechnologies.com
BORIS SOFTWARE LIMITED,LEEDS,,Worker (A rating),Skilled Worker,
BOSE TECHNOLOGIES LIMITED,Reading,,Worker (A rating),Skilled Worker,https://www.bose.co.uk
Boyd Technologies Ashington UK Limited,Ashington,Northumberland,Worker (A rating),Skilled Worker,https://www.boydcorp.com
BRAIN BRIDGE TECHNOLOGY LIMITED,Brentwood,,Worker (A rating),Skilled Worker,https://bbtechnology.co.uk
Bottomline Technologies Limited,Theale,Berkshire,Worker (A rating),Skilled Worker,
Bottomline Technologies Limited,Theale,Berkshire,Worker (A rating),Global Business Mobility: Senior or Specialist Worker,
Brandpie Digital Limited,London,,Worker (A rating),Skilled Worker,https://brandpie.com
BPAV Technology Group Ltd,Basingstoke,Hampshire,Worker (A rating),Skilled Worker,https://bpav.global
Brady Technologies Limited,London,,Worker (A rating),Skilled Worker,
Brave Software Europe Ltd,London,,Worker (A rating),Skilled Worker,https://brave.com
Brady Technologies Limited,London,,Worker (A rating),Global Business Mobility: Senior or Specialist Worker,
Breathe Battery Technologies Limited,London,,Worker (A rating),Scale-up,https://breathebatteries.com
Brain Labs Digital Ltd,London,,Worker (A rating),Global Business Mobility: Senior or Specialist Worker,
Brain Labs Digital Ltd,London,,Worker (A rating),Skilled Worker,
Branthill Computing Ltd,Covent,,Worker (A rating),Skilled Worker,
Brave Software Europe Ltd,London,,Worker (A rating),Global Business Mobility: Senior or Specialist Worker,
Breathe Battery Technologies Limited,London,,Worker (A rating),Skilled Worker,
BridgeHead Software Limited,Leatherhead,Surrey,Worker (A rating),Skilled Worker,https://www.bridgeheadsoftware.com
BREEZ TECHNOLOGY LIMITED,LONDON,,Worker (A rating),Skilled Worker,https://breez.technology
Brightedge Technologies Limited,London,,Worker (A rating),Global Business Mobility: Senior or Specialist Worker,https://www.brightedge.com
Brick Digital,Watford,Hertfordshire,Worker (A rating),Skilled Worker,https://brick-digital.co.uk
BRG INFOTECH LIMITED,London,,Worker (A rating),Skilled Worker,
Bricklane Technologies Ltd,London,,Worker (A rating),Skilled Worker,
BRICLOGIX TECHNOLOGIES LTD,Uxbridge,,Worker (A rating),Skilled Worker,
Brillio Technologies Private Limited,London,,Worker (A rating),Skilled Worker,https://www.brillio.com
Brink Technology Ltd,London,,Worker (A rating),Skilled Worker,https://www.brinktech.io
Brightedge Technologies Limited,London,,Worker (A rating),Skilled Worker,
Brightly Software Limited,"Chatham Maritime, Chatham,",Kent,Worker (A rating),Skilled Worker,
Briss Technologies LIMITED,West Molesey,Surrey,Worker (A rating),Skilled Worker,https://brisstech.co.uk
BrightSign Technology Limited,London,,Worker (A rating),Skilled Worker,
Brillio Technologies Private Limited,London,,Worker (A rating),Global Business Mobility: Senior or Specialist Worker,https://www.brillio.com
BrightSign Digital Ltd,Great Shelford,,Worker (A rating),Skilled Worker,
Bristol Fluid System Technologies Ltd. T/A Swagelok Central UK,Bristol,,Temporary Worker (A rating),Global Business Mobility: Graduate Trainee,
Britannia Cloud Ltd,London,England,Worker (A rating),Skilled Worker,
Britasia TV Networks Ltd,Birmingham,West Midlands,Worker (A rating),Skilled Worker,
Broad Visions Technologies Ltd,Reading,,Worker (A rating),Skilled Worker,
Broadvision Technologies (UK) Ltd,London,,Worker (A rating),Skilled Worker,
Bromley Computer And Laptop Repairs,Bromley,,Worker (A rating),Skilled Worker,
BSO Network Solutions Ltd,London,,Worker (A rating),Skilled Worker,https://erp.bsonetwork.net
BSOFT TECHNOLOGIES LTD,Wakefield,,Worker (A rating),Skilled Worker,https://www.bsoft-tech.co.uk
Brompton Technology Ltd,London,,Worker (A rating),Skilled Worker,
Brothers Bridge Technology Ltd,London,,Worker (A rating),Skilled Worker,https://www.brother.co.uk
Brown Earth Technologies UK Limited,Sutton,,Worker (A rating),Skilled Worker,
Buildt AI Limited t/a Cosine,London,,Worker (A rating),Skilled Worker,https://cosine.sh
BRS Technology Limited,GLASGOW,Lanarkshire,Worker (A rating),Skilled Worker,
BS&T Digital Limited,London,,Worker (A rating),Skilled Worker,https://www.companieslist.co.uk
BX Technologies Ltd,London,,Worker (A rating),Skilled Worker,https://bxtechnologies.net
BTL NETWORK LTD T/a Paytap,London,,Worker (A rating),Skilled Worker,
Bubo AI Ltd,Middlesborough,,Worker (A rating),Skilled Worker,
BuildPartner Technology Ltd,London,,Worker (A rating),Skilled Worker,https://buildpartner.com
Byte Code Software Solutions Limited,Rainham,,Worker (A rating),Skilled Worker,https://bytecodelimited.com
Bulletproof Cyber Ltd,Stevenage,,Worker (A rating),Skilled Worker,https://www.bulletproof.co.uk
BUSINESS DATA QUALITY LTD,LONDON,,Worker (A rating),Skilled Worker,
Bytes Software Services Limited,Leatherhead,Surrey,Worker (A rating),Global Business Mobility: Senior or Specialist Worker,https://www.bytes.co.uk
BYP Network Limited,London,,Worker (A rating),Skilled Worker,https://www.byp.network
byrd Technologies UK Ltd,London,,Worker (A rating),Skilled Worker,https://www.getbyrd.com
Bytes Software Services Limited,Leatherhead,Surrey,Worker (A rating),Skilled Worker,
C SQUARED NETWORKS LTD,London,,Worker (A rating),Skilled Worker,
BZ Technology Limited,London,Greater London,Worker (A rating),Skilled Worker,
Cabvision Network Limited,London,,Worker (A rating),Skilled Worker,https://cabvision.com
C15 Media Networks Ltd,London,,Worker (A rating),Skilled Worker,https://www.c15.studio
C.D.S. Computer Design Systems Ltd,Salford,Greater Manchester,Worker (A rating),Skilled Worker,
CAE Technology Services Limited,Hemel Hempstead,Herts,Worker (A rating),Skilled Worker,https://boxxe.com
C3 BIO-TECHNOLOGIES LIMITED,Lancaster,Lancashire,Worker (A rating),Skilled Worker,
C6 Digital Ltd,London,,Worker (A rating),Skilled Worker,https://c6digital.io
Cadcam Technology Ltd,Nottingham,Notts,Worker (A rating),Skilled Worker,https://cadcamtech.co.uk
CADRO TECHNOLOGIES LIMITED,London,,Worker (A rating),Skilled Worker,https://www.cadro.com
Caesars Trading and Technology Services Limited,Leeds,,Worker (A rating),Global Business Mobility: Senior or Specialist Worker,https://edmn.fa.us2.oraclecloud.com
Caesars Trading and Technology Services Limited,Leeds,,Worker (A rating),Skilled Worker,https://edmn.fa.us2.oraclecloud.com
Caiman Software Development Limited,Banchory,Aberdeenshire,Worker (A rating),Skilled Worker,https://caiman-soft.co.uk
Cambridge Digital Health,Cambridge,,Worker (A rating),Skilled Worker,https://cambridge.cylex-uk.co.uk
Cairn technology Ltd,Sheffield,South Yorkshire,Worker (A rating),Skilled Worker,
Cambridge Display Technology Ltd,Godmanchester,Cambridgeshire,Worker (A rating),Global Business Mobility: Senior or Specialist Worker,https://cambridge.cylex-uk.co.uk
Caldervale Technology Limited,Dewsbury,West Yorkshire,Worker (A rating),Skilled Worker,
Cambridge Medical Technologies Limited,Harston,Cambridgeshire,Worker (A rating),Skilled Worker,https://www.cambridgemedtech.com
Caledonia Technologies Ltd,East Kilbride,,Worker (A rating),Skilled Worker,https://east-kilbride-south-lanarkshire.cylex-uk.co.uk
Cambridge Crystallographic Data Centre,Cambridge,Cambridgeshire,Worker (A rating),Skilled Worker,https://www.cambridgenetwork.co.uk
Call Systems Technology Limited,Elstree,Hertfordshire,Worker (A rating),Skilled Worker,
Cambridge Display Technology Ltd,Godmanchester,Cambridgeshire,Worker (A rating),Skilled Worker,
Cambridge Photon Technology Limited,Saffron Walden,Essex,Worker (A rating),Skilled Worker,
Cambridge Touch Technologies Limited,Cambridge,Cambridgeshire,Worker (A rating),Skilled Worker,https://cambridgesciencepark.co.uk
Canalis Technology Limited,Stockport,,Worker (A rating),Skilled Worker,https://www.gbrbusiness.com
Camden AI Limited,London,,Worker (A rating),Skilled Worker,
Canopy Technologies Ltd,Hamble,,Worker (A rating),Skilled Worker,https://www.canopyuk.com
Cameron Flow Control Technology (UK) Limited,Crawley,West Sussex,Worker (A rating),Global Business Mobility: Senior or Specialist Worker,https://www.slb.com
Canvas Software Limited,London,,Worker (A rating),Skilled Worker,https://canvassoftware.squarespace.com
Cameron Flow Control Technology (UK) Limited,Crawley,West Sussex,Worker (A rating),Skilled Worker,
Capital Computer Software Ltd,London,London,Worker (A rating),Skilled Worker,https://www.capitalcomputers.co.uk
Capillary Technologies Europe Limited,Hammersmith,,Worker (A rating),Skilled Worker,https://www.capillarytech.com
Camlin Technologies Limited,Lisburn,Antrim,Worker (A rating),Skilled Worker,https://camlingroup.com
Cantronik Ltd TA Veethree Technologies,Poole,Dorset,Worker (A rating),Skilled Worker,https://www.veethree.com
Capital Administration Technology Ltd,London,,Worker (A rating),Skilled Worker,https://www.checkcompany.co.uk
CAPRICE CLOUD TECHNOLOGIES LTD,LONDON,,Worker (A rating),Skilled Worker,https://caprice.company
Capsa.AI Ltd,London,,Worker (A rating),Skilled Worker,
Captify Technologies Ltd,London,,Worker (A rating),Skilled Worker,https://captifytechnologies.com
Careberry Software Ltd,Aylesbury,Buckinghamshire,Worker (A rating),Skilled Worker,https://www.careberry.com
CAPITAL TRAINING AND DEVELOPMENT NETWORK,London,,Temporary Worker (A rating),Charity Worker,
Carlisle Fluid Technologies UK Lttd,Bournemouth,Dorset,Worker (A rating),Skilled Worker,https://www.carlisle.com
CARMENTA TECHNOLOGIES LTD,London,,Worker (A rating),Global Business Mobility: Senior or Specialist Worker,https://carmenta.com
Cara Technology Limited,Leatherhead,Surrey,Worker (A rating),Skilled Worker,https://cara-technology.com
Carbon (AI) Ltd,Middlesbrough,County Durham,Worker (A rating),Skilled Worker,
Carbon Limiting Technologies,Fleet,Hampshire,Worker (A rating),Skilled Worker,https://carbonlimitingtechnologies.com
CARMENTA TECHNOLOGIES LTD,London,,Worker (A rating),Skilled Worker,https://carmenta.com
Caribbean & African Health Network (CAHN),Manchester,,Worker (A rating),Skilled Worker,
CASM Technology LLP,London,,Worker (A rating),Skilled Worker,https://www.casmtechnology.com
Cast Software Limited,London,,Worker (A rating),Skilled Worker,
Catalent Micron Technologies Limited,Dartford,,Worker (A rating),Global Business Mobility: Senior or Specialist Worker,
Catalent Micron Technologies Limited,Dartford,,Worker (A rating),Skilled Worker,
Catch Digital,London,,Worker (A rating),Skilled Worker,
Cato Networks (UK) Limited,London,,Worker (A rating),Skilled Worker,
CB Technology Ltd,Livingston,,Worker (A rating),Skilled Worker,https://www.cbtech.co.uk
Causeway Technologies Ltd,Gerrards Cross,Bucks,Worker (A rating),Skilled Worker,https://www.causeway.com
CEDE TECHNOLOGIES LTD,London,England,Worker (A rating),Skilled Worker,https://cedehq.com
Causeway Technologies Ltd,Gerrards Cross,Bucks,Worker (A rating),Global Business Mobility: Senior or Specialist Worker,https://www.causeway.com
Caysure Digital Limited,London,,Worker (A rating),Skilled Worker,
CCL Technology Solutions Ltd,Bellshill,,Worker (A rating),Skilled Worker,
CCm Technologies Ltd,Swindon,,Worker (A rating),Skilled Worker,
CCS Technology Ltd,Coventry,Warwickshire,Worker (A rating),Skilled Worker,
CEH TECHNOLOGIES LTD,Manchester,,Worker (A rating),Skilled Worker,https://en.cehgroup.com
CELEBAL TECHNOLOGIES UK LTD,Harrow,Middlesex,Worker (A rating),Global Business Mobility: Senior or Specialist Worker,
CELEBAL TECHNOLOGIES UK LTD,Harrow,Middlesex,Worker (A rating),Skilled Worker,https://celebaltech.com
Celebrium Technologies Limited,Bradford,ENGLAND,Worker (A rating),Skilled Worker,
Celer Technologies Limited,London,,Worker (A rating),Skilled Worker,https://www.celer-tech.com
Celebrus Technologies Plc,Sunbury,Middlesex,Worker (A rating),Skilled Worker,
Center for Countering Digital Hate LTD,London,,Worker (A rating),Skilled Worker,https://counterhate.com
Centra Technology UK Limited,London,,Worker (A rating),Skilled Worker,http://centra.co.uk
Central Manchester Networks LTD,Manchester,,Worker (A rating),Skilled Worker,https://www.centralnetworks.co.uk
CellVoyant Technologies Limited,Bristol,,Worker (A rating),Skilled Worker,https://cellvoyant.com
Celestia Technologies Group - UK Ltd,Edinburgh,,Worker (A rating),Skilled Worker,
Cenex (Centre of Excellence for Low Carbon and Fuel Cell Technologies),Loughborough,Leicestershire,Worker (A rating),Skilled Worker,
"Centre for Finance, Technology and Entrepreneurship Ltd","London,",,Worker (A rating),Skilled Worker,https://www.bing.com
Centium Software Limited,Milton Keynes,,Worker (A rating),Skilled Worker,
"Centre for Finance, Technology and Entrepreneurship Ltd","London,",,Worker (A rating),Global Business Mobility: Senior or Specialist Worker,https://www.bing.com
Centillion Technology Limited,Cambridge,,Worker (A rating),Skilled Worker,
Central North Leeds Primary Care Network Ltd,Leeds,,Worker (A rating),Skilled Worker,https://centralnorthleedspcn.co.uk
Central West Primary Care Network Ltd,Blackpool,Lancashire,Worker (A rating),Skilled Worker,https://www.blackpoolcentralwestpcn.co.uk
Central Technology Ltd,Chesterfield,Derbshire,Worker (A rating),Skilled Worker,
"Centre for Finance, Technology and Entrepreneurship Ltd","London,",,Temporary Worker (A rating),Global Business Mobility: Graduate Trainee,https://www.bing.com
Centryflow Technologies Ltd,SOUTHEND-ON-SEA,Essex,Worker (A rating),Skilled Worker,https://www.centryflow.com
Centre for the Governance of AI,London,,Worker (A rating),Skilled Worker,https://www.bing.com
Cerillion Technologies Limited,London,,Worker (A rating),Skilled Worker,https://www.cerillion.com
CENTRE OF INTELLIGENT TECHNOLOGIES LTD,Dewsbury,,Worker (A rating),Skilled Worker,
CERIS E-COMMERCE & DIGITAL MARKETING LTD,LONDON,,Worker (A rating),Skilled Worker,https://cerismarketing.com
Centrepoint Computer Services Ltd,Epsom,Surrey,Worker (A rating),Skilled Worker,
CENTURAY TECHNOLOGIES UK LTD,London,,Worker (A rating),Global Business Mobility: UK Expansion Worker,
Cerillion Technologies Limited,London,,Temporary Worker (A rating),Global Business Mobility: Graduate Trainee,https://www.cerillion.com
Cerillion Technologies Limited,London,,Worker (A rating),Global Business Mobility: Senior or Specialist Worker,https://www.cerillion.com
Ceto AI Limited,Newcastle,Tyne & Wear,Worker (A rating),Skilled Worker,https://ceto.ai
Certs Assured Technology Limited,Letchworth,Hertfordshire,Worker (A rating),Skilled Worker,
CHAIN & CHAIN TECHNOLOGIES LIMITED,LONDON,,Worker (A rating),Skilled Worker,https://london.cylex-uk.co.uk
Chalfont AI Ltd T/A Fern Labs,London,,Worker (A rating),Skilled Worker,https://immigrationgpt.co.uk
Chalkie AI Ltd,Sheffield,,Worker (A rating),Skilled Worker,https://chalkie.ai
Champion Technologies Limited,Aberdeen,,Worker (A rating),Global Business Mobility: Senior or Specialist Worker,https://altens-industrial-estate.cylex-uk.co.uk
Champion Technologies Limited,Aberdeen,,Worker (A rating),Skilled Worker,https://altens-industrial-estate.cylex-uk.co.uk
Changepond Technologies Private Limited,Harrow,Middlesex,Worker (A rating),Global Business Mobility: Senior or Specialist Worker,https://www.changepond.com
Chameleon Technology Ltd,Harrogate,,Worker (A rating),Skilled Worker,
CHAMPION TECHNOLOGIES LIMITED,ABERDEEN,United Kingdom,Worker (A rating),Global Business Mobility: Senior or Specialist Worker,https://altens-industrial-estate.cylex-uk.co.uk
CHAMPION TECHNOLOGIES LIMITED,ABERDEEN,United Kingdom,Worker (A rating),Skilled Worker,
Chargepoint Network (UK) Ltd,London,,Worker (A rating),Global Business Mobility: Senior or Specialist Worker,https://www.chargepoint.com
Chargepoint Network (UK) Ltd,London,,Worker (A rating),Skilled Worker,https://www.chargepoint.com
Charlotte's Cloud Ltd,London,,Worker (A rating),Skilled Worker,https://www.charlottes-cloud.co.uk
Chase Software Solutions Ltd,Surbiton,Surrey,Worker (A rating),Skilled Worker,https://www.chasesoftware.biz
Charterhouse Voice & Data Limited,London,,Worker (A rating),Skilled Worker,https://cvdgroup.com
CHANDRAWAR IT TECHNOLOGIES PVT LTD,Manchester,,Worker (A rating),Skilled Worker,http://www.chanit.co.uk
Changepond Technologies Private Limited,Harrow,Middlesex,Worker (A rating),Skilled Worker,https://www.changepond.com
Channel Digital Holdings Limited,London,,Worker (A rating),Skilled Worker,https://opengovuk.com
Chase Software Solutions Ltd,Surbiton,Surrey,Worker (A rating),Global Business Mobility: Senior or Specialist Worker,https://www.chasesoftware.biz
Chelsea Digital Ventures Ltd,London,,Worker (A rating),Skilled Worker,https://www.chelsea-digital.com
Chestergate Technologies Ltd,Macclesfield,,Worker (A rating),Skilled Worker,https://www.chestergatetech.co.uk
Cheam Academies Network,Cheam,Surrey,Worker (A rating),Skilled Worker,
Cheq Technologies (UK) Limited,London,,Worker (A rating),Skilled Worker,
Chess Logistics Technology Limited,Manchester,,Worker (A rating),Skilled Worker,https://www.bing.com
China Global Television Network Europe Ltd.,London,,Worker (A rating),Global Business Mobility: Senior or Specialist Worker,https://www.cgtn.com
China Telecom (Europe) Ltd.,London,,Worker (A rating),Global Business Mobility: Senior or Specialist Worker,https://www.chinatelecomeurope.com
CHESTER CENTRAL PRIMARY CARE NETWORK LTD,CHESTER,CHESHIRE,Worker (A rating),Skilled Worker,
China Telecom (Europe) Ltd.,London,,Worker (A rating),Skilled Worker,https://www.chinatelecomeurope.com
China-Europe Networks of Technology and Innovation Limited,London,,Worker (A rating),Skilled Worker,https://www.companiesintheuk.co.uk
Chi Technology Ltd,Stratford-Upon-Avon,Warwickshire,Worker (A rating),Skilled Worker,https://chitechnology.co.uk
Chief AI Ltd,Manchester,,Worker (A rating),Skilled Worker,https://chief.ai
Chilli Source Software Limited,Newry,Co Down,Worker (A rating),Skilled Worker,
Chiplogic Technologies Limited,Maidenhead,Berkshire,Worker (A rating),Global Business Mobility: Senior or Specialist Worker,https://www.chiplogictech.com
Chime Software Limited,Kings Langley,,Worker (A rating),Skilled Worker,
China Global Television Network Europe Ltd.,London,,Worker (A rating),Skilled Worker,https://www.cgtn.com
Chinacache Networks (UK) Limited,London,,Worker (A rating),Skilled Worker,https://www.companieslist.co.uk
Chiplogic Technologies Limited,Maidenhead,Berkshire,Worker (A rating),Skilled Worker,
Christian Associates Network,Glasgow,Glasgow (City of),Temporary Worker (A rating),Charity Worker,https://ca-network.org.uk
Chipper Technologies (UK) Limited,London,,Worker (A rating),Skilled Worker,
Chipper Technologies (UK) Limited,London,,Worker (A rating),Global Business Mobility: Senior or Specialist Worker,
Chipstone (UK) Technologies Ltd,London,,Worker (UK Expansion Worker: Provisional ),Global Business Mobility: UK Expansion Worker,
"CHONGQING CABERS ENVIRONMENTAL PROTECTION TECHNOLOGY UK CO, LTD",London,,Worker (A rating),Skilled Worker,
Cigniti Technologies (UK) Limited,London,,Worker (A rating),Skilled Worker,https://www.cigniti.com
Christian Associates Network,Glasgow,Glasgow (City of),Worker (A rating),Tier 2 Ministers of Religion,https://ca-network.org.uk
Christian Associates Network,Glasgow,Glasgow (City of),Temporary Worker (A rating),Religious Worker,
Christie Digital Systems Canada Inc.,Wokingham,Berkshire,Worker (A rating),Skilled Worker,https://www.christiedigital.com
Cimcon Software (UK) Limited,Reading,,Worker (A rating),Global Business Mobility: Senior or Specialist Worker,https://cimcon.com
Christie Digital Systems Canada Inc.,Wokingham,Berkshire,Worker (A rating),Global Business Mobility: Senior or Specialist Worker,
CIMC Universal Tank Technologies (UK) Ltd,Skelmersdale,Lancashire,Worker (A rating),Skilled Worker,https://cimcuk.com
CHRONICLE SOFTWARE LTD,London,,Worker (A rating),Skilled Worker,https://chronicle.software
Cigniti Technologies (UK) Limited,London,,Worker (A rating),Global Business Mobility: Senior or Specialist Worker,
CIP TERRA TECHNOLOGIES UK LTD.,Rotherham,,Worker (A rating),Global Business Mobility: Senior or Specialist Worker,https://www.bing.com
CIM Software Ltd,Southampton,Hampshire,Worker (A rating),Skilled Worker,
CIP TERRA TECHNOLOGIES UK LTD.,Rotherham,,Worker (A rating),Skilled Worker,https://www.bing.com
Cimcon Software (UK) Limited,Reading,,Worker (A rating),Skilled Worker,https://cimcon.com
Circadia Technologies Ltd,London,,Worker (A rating),Skilled Worker,https://circadia.health
CitiusTech Healthcare Technology Pvt. Ltd,"New Denham, Uxbridge",Middlesex,Worker (A rating),Global Business Mobility: Senior or Specialist Worker,https://www.citiustech.com
Circle Cloud Communications Ltd,SOUTHAMPTON,,Worker (A rating),Skilled Worker,
CIT Digital Ltd,Sheffield,,Worker (A rating),Skilled Worker,https://citdigital.com
CITATION CYBER LIMITED,Lancaster,,Worker (A rating),Skilled Worker,
CitiusTech Healthcare Technology Pvt. Ltd,"New Denham, Uxbridge",Middlesex,Worker (A rating),Skilled Worker,
CITY CONSTRUCTION NETWORK LTD,ILFORD,,Worker (A rating),Skilled Worker,
Cityplus Network Ltd,London,,Worker (A rating),Skilled Worker,
CITYSCAPE DIGITAL LIMITED,LONDON,GREATER LONDON,Worker (A rating),Skilled Worker,
CJS Managed Cloud Services Ltd,Leeds,,Worker (A rating),Skilled Worker,https://www.bing.com
CLASS TECHNOLOGY SOLUTIONS LTD,Horsham,West Sussex,Worker (A rating),Skilled Worker,https://www.class-technology.co.uk
CLAIMWISE AI LIMITED,London,,Worker (A rating),Skilled Worker,
Clara Technologies (UK) Limited,London,,Worker (A rating),Skilled Worker,https://clara-technologies.com
Clarity AI LTD,London,,Worker (A rating),Skilled Worker,https://clarity.ai
Clear Score Technology Limited,London,,Worker (A rating),Skilled Worker,https://www.clearscore.com
Clarity Software Group Limited,Solihull,West Midlands,Worker (A rating),Skilled Worker,
Clearly Technologies Limited,London,,Worker (A rating),Skilled Worker,https://www.useclearly.com
Clean Digital Limited,Edinburgh,,Worker (A rating),Skilled Worker,https://cleandigital.co.uk
CLASS TECHNOLOGY SOLUTIONS LTD,Horsham,West Sussex,Worker (A rating),Global Business Mobility: Senior or Specialist Worker,
Clear AV Limited t/as OKTO Technologies,Lisburn,,Worker (A rating),Skilled Worker,http://oktotechnologies.co.uk
Clockwork Technologies UK Limited,London,,Worker (A rating),Skilled Worker,https://www.clockwork.com
CLOUD 9 BEDS LIMITED,Huddersfield,,Worker (A rating),Skilled Worker,https://www.cloud9beds.co.uk
Cleo AI Ltd,London,,Worker (A rating),Skilled Worker,https://web.meetcleo.com
Clearmatics Technologies Ltd,London,,Worker (A rating),Skilled Worker,
Cloud Analytics Limited,Rickmansworth,Hertfordshire,Worker (A rating),Skilled Worker,https://cloudanalyticsltd.com
Clientserver Technology Solutions Ltd,Rugby,,Worker (A rating),Skilled Worker,
Clinical Network Systems Limited,London,,Worker (A rating),Skilled Worker,
Cloud & Compliance Ltd,Birmingham,,Worker (A rating),Skilled Worker,https://c365cloud.co.uk
Cloud Agri LTD,Manchester,,Worker (A rating),Skilled Worker,https://www.cloudagro.uk.com
Cloud Bridge Technologies Limited,Manchester,,Worker (A rating),Skilled Worker,https://www.cloud-bridge.co.uk
Cloud Aiops Consulting Ltd,Swindon,,Worker (A rating),Skilled Worker,https://www.bing.com
Cloud Capital LLP,London,,Worker (A rating),Global Business Mobility: Senior or Specialist Worker,https://cloudcapital.com
Cloud Army UK Limited,Harrow,Middlesex,Worker (A rating),Skilled Worker,https://cloud.army
CLOUD COMPUTING SERVICES LTD,Livingston,,Worker (A rating),Skilled Worker,https://www.bing.com
Cloud Combinator LTD,Shenfield,United Kingdom,Worker (A rating),Skilled Worker,https://cloudcombinator.ai
Cloud Aware Services Ltd,London,,Worker (A rating),Skilled Worker,https://cloudaware.eu
Cloud Construction Control Limited,Motherwell,,Worker (A rating),Skilled Worker,https://www.cloudconstructions.co.uk
Cloud Cycle Ltd,London,,Worker (A rating),Skilled Worker,https://www.cloudcycle.com
Cloud Bleu Management Services Limited,Hampshire,,Worker (A rating),Skilled Worker,https://www.cqc.org.uk
Cloud Capital LLP,London,,Worker (A rating),Skilled Worker,
Cloud Consulting Group Ltd,Bristol,,Worker (A rating),Skilled Worker,
Cloud Cowork Ltd,Romford,,Temporary Worker (A rating),Global Business Mobility: Graduate Trainee,
CLOUD CX LTD,London,,Worker (A rating),Skilled Worker,
Cloud Flicker Solutions Ltd,Beaconsfield,,Worker (A rating),Skilled Worker,https://cloud-flicker.co.uk
Cloud Galacticos,London,Greater London,Worker (A rating),Skilled Worker,https://www.cloudgalacticos.co.uk
CLOUD DATA CONSULTANTS LTD,Slough,,Worker (A rating),Skilled Worker,
Cloud Imperium Games Limited,Manchester,,Worker (A rating),Global Business Mobility: Senior or Specialist Worker,https://cloudimperiumgames.com
Cloud Digest Ltd,Oxted,Surrey,Worker (A rating),Skilled Worker,http://www.checkcompany.co.uk
CLOUD IX KITCHENS LTD,UXBRIDGE,MIDDLESEX,Worker (A rating),Skilled Worker,https://uxbridge.cylex-uk.co.uk
Cloud Digital Limited,Hinckley,,Worker (A rating),Skilled Worker,
CLOUD DOING GOOD GROUP LIMITED,West Wycombe,,Worker (A rating),Skilled Worker,http://cloud-doing-good.com
Cloud Imperium Games Limited,Manchester,,Temporary Worker (A rating),Creative Worker,https://cloudimperiumgames.com
Cloud Imperium Games Limited,Manchester,,Worker (A rating),Skilled Worker,
Cloud Kitchen London Ltd T/AS Hyderabad Wala {House of Biryani},London,,Worker (A rating),Skilled Worker,
Cloud Mantra Limited,New Barnet,,Worker (A rating),Skilled Worker,https://www.cloudmantra.net
Cloud Lending UK Ltd,London,,Worker (A rating),Global Business Mobility: Senior or Specialist Worker,http://www.lendingcloud.co.uk
Cloud Master Limited,Reading,,Worker (A rating),Skilled Worker,https://cloud-master.co.uk
Cloud Lending UK Ltd,London,,Worker (A rating),Skilled Worker,http://www.lendingcloud.co.uk
Cloud Logics Ltd,BROMLEY,,Worker (A rating),Skilled Worker,
CLOUD MANAGER LIMITED,Reading,Berkshire,Worker (A rating),Skilled Worker,https://www.cloudmanager.net
Cloud Made Ltd,London,,Worker (A rating),Skilled Worker,
Cloud Ninjas Limited,Halesowen,West Midlands,Worker (A rating),Skilled Worker,
CLOUD RETAIL LTD,London,,Worker (A rating),Skilled Worker,https://cloudretailbrands.com
CLOUD ODYSSEY IT SOLUTIONS LTD,London,,Worker (A rating),Skilled Worker,
CLOUD TECHEES LTD,Ipswich,,Worker (A rating),Skilled Worker,http://cloudtechees.com
Cloud Technologies Ltd,Ilford,Essex,Worker (A rating),Skilled Worker,https://cloudtechnologiesltd.com
Cloud Travel Limited,Southall,,Worker (A rating),Skilled Worker,https://cloud-travel.co.uk
Cloud SG UK Ltd,London,,Worker (A rating),Skilled Worker,
Cloud Stem Ltd,London,,Worker (A rating),Skilled Worker,https://cloud-stem.com
Cloud SG UK Ltd,London,,Worker (A rating),Global Business Mobility: Senior or Specialist Worker,
CLOUD TAX LIMITED,London,,Worker (A rating),Skilled Worker,
CloudPay Technology Limited,Andover,,Worker (A rating),Global Business Mobility: Senior or Specialist Worker,https://www.cloudpay.com
CloudPay Technology Limited,Andover,,Worker (A rating),Skilled Worker,https://www.cloudpay.com
Cloud Valley Ltd,Stratford,,Worker (A rating),Skilled Worker,https://www.cloudvalley.tech
CLOUDFIRST TECHNOLOGIES LTD,CHELMSFORD,,Worker (A rating),Skilled Worker,https://cloudfirsttechnologies.com
cloud.IQ Limited,London,,Worker (A rating),Skilled Worker,
Cloudwick Technologies UK,Kent,,Worker (A rating),Skilled Worker,https://cloudwick.com
CloudMind AI Limited,Bromley,,Worker (A rating),Skilled Worker,https://cloudmind.me
CloudNet Technologies Limited,Manchester,,Worker (A rating),Skilled Worker,https://cloudnetserver.co.uk
CM TELECOM UK LTD,Tonbridge,,Worker (A rating),Skilled Worker,https://www.companieslist.co.uk
CM TELECOM UK LTD,Tonbridge,,Worker (A rating),Global Business Mobility: Senior or Specialist Worker,https://www.companieslist.co.uk
CMB.TECH Technology & Development Centre Ltd,Brentwood,Essex,Worker (A rating),Skilled Worker,https://cmb.tech
Cloudscouts Technology Services UK Ltd,Slough,Berkshire,Worker (A rating),Skilled Worker,https://www.cloudscouts.pro
CNI NEWS NETWORK LTD,Birmingham,,Worker (A rating),Skilled Worker,https://cninews.tv
Cloudwick Technologies UK,Kent,,Worker (A rating),Global Business Mobility: Senior or Specialist Worker,
CM CLOUD & DEVOPS LTD,London,Middlesex,Worker (A rating),Skilled Worker,https://opengovuk.com
CM TELECOM UK LTD,London,London,Worker (A rating),Skilled Worker,
CNC - Communications & Network Consulting Limited,London,,Worker (A rating),Skilled Worker,
CNC - Communications & Network Consulting Limited,London,,Worker (A rating),Global Business Mobility: Senior or Specialist Worker,https://www.efinder.uk
Code 42 Software UK Limited,Maidenhead,,Worker (A rating),Skilled Worker,https://university.code42.com
Codereflex Technologies Ltd,Enderby,Leicester,Worker (A rating),Skilled Worker,https://www.codereflex.co.uk
CNI NEWS NETWORK LTD,Birmingham,,Temporary Worker (A rating),Creative Worker,https://cninews.tv
Codex Software Solutions Ltd,Cheltenham,Gloucestershire,Worker (A rating),Skilled Worker,https://codexsofts.com
Coatsink Software Ltd,Gateshead,,Worker (A rating),Skilled Worker,https://coatsinksoftware.com
COGENT NETWORKS LTD,London,,Worker (A rating),Skilled Worker,https://www.cogentco.com
Code 42 Software UK Limited,Maidenhead,,Worker (A rating),Global Business Mobility: Senior or Specialist Worker,https://university.code42.com
Cocoa Oriental Network UK Limited,London,,Worker (A rating),Skilled Worker,https://www.cocoaoriental.com
Cognia Cloud Limited t/a Smarsh,London,,Worker (A rating),Global Business Mobility: Senior or Specialist Worker,https://www.bing.com
Cognito Technologies Limited,Leeds,,Worker (A rating),Skilled Worker,http://www.cognito.uk.com
Collaborative Software Limited T/A Admit One,Wareham,Dorset,Worker (A rating),Skilled Worker,https://immigrationgpt.co.uk
Coder Technologies Inc,London,,Worker (A rating),Global Business Mobility: UK Expansion Worker,
Colt Technology Services Group Limited,London,,Worker (A rating),Skilled Worker,https://www.colt.net
CODM SOFTWARE LIMITED,London,,Worker (A rating),Skilled Worker,https://codmsoftware.com
COGA AI Limited,Orpington,,Worker (A rating),Skilled Worker,https://www.coga.ai
Combine AI Limited,Guildford,Surrey,Worker (A rating),Skilled Worker,https://www.aicombine.ai
CoMind Technologies Limited,London,,Worker (A rating),Skilled Worker,https://www.comind.io
Cognia Cloud Limited t/a Smarsh,London,,Worker (A rating),Skilled Worker,
Commerce Software UK LTD,London,,Worker (A rating),Skilled Worker,https://www.commerce.com
Colt Technology Services Group Limited,London,,Worker (A rating),Global Business Mobility: Senior or Specialist Worker,https://www.colt.net
COLOR STAR TECHNOLOGY UK LIMITED,London,,Worker (A rating),Skilled Worker,
COMMODITIES AI LTD,London,,Worker (A rating),Skilled Worker,https://www.commodityai.com
Colvir Software Solutions Ltd,London,,Worker (A rating),Skilled Worker,
Commerce Software UK LTD,London,,Worker (A rating),Global Business Mobility: Senior or Specialist Worker,https://www.commerce.com
COMM-TECH VOICE & DATA LIMITED,Norwich,Norfolk,Worker (A rating),Skilled Worker,
CompatibL Technologies Ltd,London,Greater London,Worker (A rating),Skilled Worker,https://www.compatibl.com
Communications Software (Airline systems) Limited,London,,Worker (A rating),Skilled Worker,
Communications Software Airline Systems Ltd,Ashbourne,Derbyshire,Worker (A rating),Skilled Worker,https://www.oases.aero
Commonplace Digital LTD,Manchester,,Worker (A rating),Skilled Worker,
Community Trust Network,Milton Keynes,,Worker (A rating),Skilled Worker,
Computer ConQuest ltd,Shangton,Leics,Worker (A rating),Skilled Worker,http://websites.milonic.com
CompatibL Technologies Ltd,London,Greater London,Worker (A rating),Global Business Mobility: Senior or Specialist Worker,https://www.compatibl.com
Complete Cyber Limited,Princes Risborough,Buckinghamshire,Worker (A rating),Skilled Worker,https://www.completecyber.co.uk
Compound Digital Technologies Limited,London,,Worker (A rating),Skilled Worker,
Computer Club Limited,Stockport,,Worker (A rating),Skilled Worker,https://www.computer-club.co.uk
COMPUTER DATA SHRED LTD,Leicester,,Worker (A rating),Skilled Worker,
Computer Gurus Limited,Tunbridge Wells,Kent,Worker (A rating),Skilled Worker,https://computergurus.co.uk
COMPUTER HYPE LTD,London,London,Worker (A rating),Skilled Worker,
COMPUTER INTELLECTS LIMITED,London,London,Worker (A rating),Skilled Worker,https://open.endole.co.uk
Computer Says Maybe Ltd,London,,Worker (A rating),Skilled Worker,
Computer Specialist LTD,Birmingham,,Worker (A rating),Skilled Worker,
Computer Task Group (UK) LTD,Reading,Berkshire,Worker (A rating),Global Business Mobility: Senior or Specialist Worker,
Comviva Technologies Limited,London,,Worker (A rating),Global Business Mobility: Senior or Specialist Worker,https://www.comviva.com
Computer Task Group (UK) LTD,Reading,Berkshire,Worker (A rating),Skilled Worker,
Computer Troubleshooters Redbridge Limited,Ilford,Essex,Worker (A rating),Skilled Worker,https://www.computertroubleshooters.co.uk
Computing Distribution Group Ltd,Sunningdale,Berkshire,Worker (A rating),Skilled Worker,
Concurrent Technologies Plc,Colchester,Essex,Worker (A rating),Skilled Worker,https://concurrent.tech
COMTEK NETWORK SYSTEMS (UK)LTD,DEESIDE,FLINTSHIRE,Worker (A rating),Skilled Worker,
Conference Technologies UK Limited,Retford,Nottinghamshire,Worker (A rating),Skilled Worker,https://conferencetech.co.uk
Comviva Technologies Limited,London,,Worker (A rating),Skilled Worker,
Concur Technologies (UK) Limited,Feltham,Middlesex,Worker (A rating),Skilled Worker,https://www.concur.co.uk
Concur Technologies (UK) Limited,Feltham,Middlesex,Worker (A rating),Global Business Mobility: Senior or Specialist Worker,
Concurrent Technologies Plc,Colchester,Essex,Worker (A rating),Global Business Mobility: Senior or Specialist Worker,https://concurrent.tech
CONSTELLATION TECHNOLOGY SERVICES LTD,Milton Keynes,Buckinghamshire,Worker (A rating),Skilled Worker,https://open.endole.co.uk
Conduct AI Ltd,London,,Worker (A rating),Skilled Worker,
Connect Software Solutions Limited,"Nelson, Lancashire",,Worker (A rating),Skilled Worker,
Connect In Cloud Ltd,Tilbury,Essex,Worker (A rating),Skilled Worker,https://london.cylex-uk.co.uk
Connected Data Company Ltd,London,,Worker (A rating),Skilled Worker,https://www.connecteddatacompany.com
CONTEXTUAL TECHNOLOGIES LTD,London,,Worker (A rating),Skilled Worker,https://contextual.ai
Contained Technologies UK Ltd,Spalding,Lincolnshire,Worker (A rating),Skilled Worker,
Container Solutions Software Ltd,London,,Worker (A rating),Skilled Worker,
Contour Technologies Limited,Gloucester,,Worker (A rating),Global Business Mobility: Senior or Specialist Worker,https://www.contourglobal.com
CONTENT+CLOUD LIMITED,Manchester,,Worker (A rating),Global Business Mobility: Senior or Specialist Worker,
Control Technologies UK Ltd,Sharnbrook,Bedfordshire,Worker (A rating),Skilled Worker,https://controltech.uk.com
CONTENT+CLOUD LIMITED,Manchester,,Worker (A rating),Skilled Worker,https://www.contentcloud.com
Conveo.ai UK Ltd,Altrincham,Cheshire,Worker (A rating),Global Business Mobility: Senior or Specialist Worker,https://www.convo.io
Convergence (Group Networks) Limited,Solihull,,Worker (A rating),Skilled Worker,https://www.convergencegroup.co.uk
Continental Networks LTD,Gateshead,,Worker (A rating),Skilled Worker,https://www.continental.com
Convergint Technologies UK,Crowborough,East Sussex,Worker (A rating),Skilled Worker,https://www.convergint.com
CONTRACTPOD TECHNOLOGIES LIMITED,LONDON,,Worker (A rating),Skilled Worker,
"Convergint Technologies UK, Limited",Crowborough,East Sussex,Worker (A rating),Global Business Mobility: Senior or Specialist Worker,https://www.convergint.com
Control Flow Technologies Group Ltd,Sunderland,Tyne and Wear,Worker (A rating),Skilled Worker,https://controlflow.co.uk
Contour Technologies Limited,Gloucester,,Worker (A rating),Skilled Worker,https://www.contourglobal.com
Cooper Research Technology Limited,Ripley,Derbyshire,Worker (A rating),Skilled Worker,https://www.cooper.co.uk
Coolgarif Technologies Ltd,London,,Worker (A rating),Skilled Worker,https://www.gbrbusiness.com
Cooper Square Technologies UK Ltd,London,,Worker (A rating),Global Business Mobility: Senior or Specialist Worker,https://www.coopersq.com
Cooper Square Technologies UK Ltd,London,,Worker (A rating),Skilled Worker,https://vk.com
Conveo.ai UK Ltd,Altrincham,Cheshire,Worker (A rating),Skilled Worker,https://conveo.ai
Copper Technologies (UK) Limited,London,,Worker (A rating),Skilled Worker,https://uk.globaldatabase.com
Cord Technologies Limited,London,,Worker (A rating),Skilled Worker,https://www.companiesintheuk.co.uk
"Convergint Technologies UK, Limited",Crowborough,East Sussex,Worker (A rating),Skilled Worker,https://www.convergint.com
Cordon Technologies Ltd,LONDON,,Worker (A rating),Skilled Worker,https://www.cordon.ai
Conway Marsh Garrett Technologies Limited,Rendlesham,Suffolk,Worker (A rating),Skilled Worker,
Conway Marsh Garrett Technologies Limited CMG Technologies,Rendlesham,,Worker (A rating),Skilled Worker,
Cooperative AI Foundation,Exeter,,Worker (A rating),Skilled Worker,https://www.cooperativeai.com
CORTI AI UK LIMITED,London,,Worker (A rating),Skilled Worker,https://www.corti.ai
COPA-DATA UK LIMITED,Bristol,,Worker (A rating),Skilled Worker,
Cotham Technologies Limited,Bristol,,Worker (A rating),Skilled Worker,https://www.cothamtechnologies.com
Cordiant Digital Infrastructure Management LLP,London,Select,Worker (A rating),Skilled Worker,https://www.cordiantdigitaltrust.com
Core Consulting Information Technology Limited,South Croydon,,Worker (A rating),Skilled Worker,https://coreconsultingit.com
CORE NETWORK SOLUTIONS UK LTD,Slough,Berkshire,Worker (A rating),Skilled Worker,https://corenetworksolution.co.uk
Coupa Software UK Ltd,London,,Worker (A rating),Skilled Worker,https://www.coupa.com
Covasant Technologies (UK) Private Limited,London,,Worker (A rating),Skilled Worker,https://www.covasant.com
Core Technology Systems Uk Ltd,LONDON,,Worker (A rating),Skilled Worker,https://www.core.co.uk
Cowbell Cyber Ltd,London,,Worker (A rating),Global Business Mobility: Senior or Specialist Worker,https://cowbell.insure
Corero Network Security (UK) Limited,London,,Worker (A rating),Skilled Worker,https://www.corero.com
Cowbell Cyber Ltd,London,,Worker (A rating),Skilled Worker,https://cowbell.insure
Count Technologies Ltd,London,,Worker (A rating),Skilled Worker,https://count.co
Cozentus Technologies UK Limited,Harrow,Middlesex,Worker (A rating),Skilled Worker,https://www.cozentus.com
Coupa Software UK Ltd,London,,Worker (A rating),Global Business Mobility: Senior or Specialist Worker,https://www.bing.com
Create Digital Solutions Ltd,Harrow,Middlesex,Worker (A rating),Skilled Worker,https://www.123-reg.co.uk
Creation Technology Solutions Limited,London,,Worker (A rating),Skilled Worker,https://www.creation.technology
Covarius Technology Limited,London,,Worker (A rating),Skilled Worker,https://www.covarius.com
Creative Network Consulting Ltd t/a Creative ITC,London,,Worker (A rating),Skilled Worker,https://www.creative-itc.com
Covasant Technologies (UK) Private Limited,London,,Worker (A rating),Global Business Mobility: Senior or Specialist Worker,https://www.covasant.com
CREATIVE NETWORKS LIMITED,Rochdale,,Worker (A rating),Skilled Worker,https://www.creative-n.com
Creator Cloud Ltd,Northampton,,Worker (A rating),Skilled Worker,https://creatorscloud.sony.net
Cozentus Technologies UK Limited,Harrow,Middlesex,Worker (A rating),Global Business Mobility: Senior or Specialist Worker,https://www.cozentus.com
Credit Data Research Ltd,London,,Worker (A rating),Skilled Worker,http://creditdataresearch.com
Credit Data Research Ltd,London,,Worker (A rating),Global Business Mobility: Senior or Specialist Worker,http://creditdataresearch.com
Crednet Technologies Limited UK,Ruslip,London,Worker (A rating),Skilled Worker,https://crednet.uk
CPI TMD Technologies Ltd,Hayes,Middlesex,Worker (A rating),Skilled Worker,https://www.cpi-edb.com
Cremexchange Technology Ltd,Queenborough,,Worker (A rating),Skilled Worker,https://landfills2landmarks.com
CREATION LABS AI LTD T.A HYPERMILE,LONDON,,Worker (A rating),Skilled Worker,https://www.creationlabs.ai
Cremexchange Technology Ltd,Queenborough,,Worker (A rating),Global Business Mobility: UK Expansion Worker,https://landfills2landmarks.com
Critical Software Ltd,Southampton,Hampshire,Worker (A rating),Global Business Mobility: Senior or Specialist Worker,https://criticalsoftware.com
Creativity Software Ltd,Kingston upon Thames,Surrey,Worker (A rating),Skilled Worker,https://www.creativesoftwareltd.com
Creativity Software Ltd,"Kingston upon Thames,",Surrey,Worker (A rating),Skilled Worker,
CROMPTON TECHNOLOGY GROUP LTD,BANBURY,,Worker (A rating),Skilled Worker,https://compositesuk.co.uk
Cron AI Ltd,London,,Worker (A rating),Global Business Mobility: Senior or Specialist Worker,https://cronai.ai
Credit Data Research Ltd,London,,Temporary Worker (A rating),Global Business Mobility: Graduate Trainee,https://mergr.com
Cron AI Ltd,London,,Worker (A rating),Skilled Worker,https://cronai.ai
Crowd Data Systems Limited,Chelmsford,Essex,Worker (A rating),Skilled Worker,https://tracxn.com
Credo Technology Services UK Ltd,Leeds,,Worker (A rating),Skilled Worker,
CREX Technologies Limited,London,,Worker (A rating),Skilled Worker,https://open.endole.co.uk
Critical Software Ltd,Southampton,Hampshire,Worker (A rating),Skilled Worker,https://www.criticalsoftware.com
CROESUS DIGITAL MARKETING LIMITED T/A SOCIAL NUCLEUS,Manchester,,Worker (A rating),Skilled Worker,https://www.bing.com
CTE Advanced Technologies Ltd,Aylesbury,England,Worker (A rating),Skilled Worker,https://www.pmw-expo.com
CrystalMaker Software Ltd,Begbroke,Oxfordshire,Worker (A rating),Skilled Worker,https://crystalmaker.com
Crucible Digital Ltd,London,Greater London,Worker (A rating),Skilled Worker,https://crucible.io
Crowd Network Limited,Manchester,,Worker (A rating),Skilled Worker,https://crowdnetwork.co.uk
CSC Computer Sciences Limited,Farnborough,Hampshire,Worker (A rating),Global Business Mobility: Senior or Specialist Worker,https://www.info-clipper.com
CTO Data Services Group Ltd,London,,Worker (A rating),Skilled Worker,https://www.cto-offset.com
CSC Computer Sciences Limited,Farnborough,Hampshire,Worker (A rating),Skilled Worker,https://uk.globaldatabase.com
CTI Digital Limited,Manchester,,Worker (A rating),Skilled Worker,https://www.ctidigital.com
Cultura Technologies Limited,Chorley,Lancashire,Worker (A rating),Skilled Worker,https://cultura.live
Curiosity Software Ireland,Oxford,Oxfordshire,Worker (A rating),Skilled Worker,https://www.curiositysoftware.ie
Cultura Technologies Limited,Chorley,Lancashire,Worker (A rating),Global Business Mobility: Senior or Specialist Worker,https://the-cultura-technologies-limited.lifeworks.com
Curve Digital Publishing Limited,London,,Worker (A rating),Skilled Worker,https://www.curvedigital.co.uk
Cube Digital Scotland Ltd t/a CubeWraps,Hamilton,,Worker (A rating),Skilled Worker,https://entertainmentawards.co.uk
CYBAGE SOFTWARE UK LIMITED,London,,Worker (A rating),Skilled Worker,https://www.cybage.com
Cube Technology IT Services Ltd,Harrow,Middlesex,Worker (A rating),Skilled Worker,https://www.cubetechnology.co.uk
CYBAGE SOFTWARE UK LIMITED,London,,Worker (A rating),Global Business Mobility: Senior or Specialist Worker,https://www.cybage.com
Cubewise Software Ltd,Edgware,,Worker (A rating),Skilled Worker,
Cyber Prism Limited,London,,Worker (A rating),Skilled Worker,https://cyberprism.net
Cyber Range Ltd,London,,Worker (A rating),Skilled Worker,https://cyberranges.com
Cusp AI Limited,Cambridge,Cambridgeshire,Worker (A rating),Skilled Worker,https://news.sky.com
Cyber-Ark Software (UK) Limited,London,,Worker (A rating),Skilled Worker,https://www.cyberark.com
CVK INFOTECH LTD,Watford,,Worker (A rating),Skilled Worker,https://cvkinfotech.com
Cyber-Ark Software (UK) Limited,London,,Worker (A rating),Global Business Mobility: Senior or Specialist Worker,https://www.cyberark.com
Cyber-Weld,Southam,,Worker (A rating),Skilled Worker,https://www.cyberweld.co.uk
Cyber Alarm Limited,London,,Worker (A rating),Skilled Worker,https://cyber-alarm.com
Cygnet Infotech Limited,London,,Worker (A rating),Skilled Worker,https://www.cygnet.one
CYBER SHEKU LIMITED,LONDON,,Worker (A rating),Skilled Worker,https://uk.globaldatabase.com
Cytel Statistical Services and Software UK Limited,London,,Worker (A rating),Global Business Mobility: Senior or Specialist Worker,https://cytel.com
Cyber Security Hub Ltd,London,,Worker (A rating),Skilled Worker,
Cytel Statistical Services and Software UK Limited,London,,Worker (A rating),Skilled Worker,https://cytel.com
CYZ SOFTWARE CONSULTANCY LTD,Bristol,England,Worker (A rating),Skilled Worker,https://www.cyzsoftwareconsultancy.co.uk
Cyber Strategies Ltd,Potters Bar,,Worker (A rating),Skilled Worker,https://kpmg.com
D2 Legal Technology Ltd,London,,Worker (A rating),Global Business Mobility: Senior or Specialist Worker,https://shokz.com
D2 Legal Technology Ltd,London,,Worker (A rating),Skilled Worker,https://www.youtube.com
Daella Digital LTD,Aberdeen,Scotland,Worker (A rating),Skilled Worker,https://daelladigital.com
Cygnet Infotech Limited,London,,Worker (A rating),Global Business Mobility: Senior or Specialist Worker,https://www.cygnet.one
Cybersys Technologies Ltd,London,,Worker (A rating),Skilled Worker,https://training.cybersystech.co.uk
Dahua Technology UK Limited,Maidenhead,,Worker (A rating),Skilled Worker,https://www.dahuasecurity.com
Danger Farms Software Ltd,London,,Worker (A rating),Skilled Worker,https://danger-farms.medium.com
DANLEO TELECOM SERVICES LIMITED,London,,Worker (A rating),Skilled Worker,https://www.192.com
Cymar Computer Ltd,London,,Worker (A rating),Skilled Worker,https://greenwichcomputerrepair.co.uk
D2 Network Associates Limited,Stoke on Trent,,Worker (A rating),Skilled Worker,https://licensed-sponsors-uk.com
D2I DATA MANAGEMENT LIMITED,Wembley,,Worker (A rating),Skilled Worker,https://www.bing.com
Dark Horse Digital Ltd,Altrincham,,Worker (A rating),Skilled Worker,https://darkhorse.co
Dahua Technology UK Limited,Maidenhead,,Worker (A rating),Global Business Mobility: Senior or Specialist Worker,https://dahuatech.zendesk.com
DART INFOTECH LIMITED,Bromley,,Worker (A rating),Skilled Worker,https://www.bluedart.com
Darwin Evolution Technologies Ltd,London,,Worker (A rating),Skilled Worker,https://dissentfromdarwin.org
DATA ANALYTICS & VISUALISATION LIMITED,Rickmansworth,Hertfordshire,Worker (A rating),Skilled Worker,https://www.bing.com
Data and Marketing Association Ltd,London,,Worker (A rating),Skilled Worker,https://www.dma.org.uk
Data Care Solutions,Hayes,,Worker (A rating),Skilled Worker,https://www.datacaresolutions.co.uk
Data Center Erith Limited,Erith,,Worker (A rating),Global Business Mobility: Senior or Specialist Worker,https://www.companieslist.co.uk
Data Centre Dynamics Limited,LONDON,,Worker (A rating),Global Business Mobility: Senior or Specialist Worker,https://www.datacenterdynamics.com
Daisymill Technologies Limited,Salford,,Worker (A rating),Skilled Worker,https://daisymill.uk
Data Center Erith Limited,Erith,,Worker (A rating),Skilled Worker,https://www.companieslist.co.uk
Daphne Technologies Ltd,London,,Worker (A rating),Skilled Worker,https://daphnetech.com
DARK AND CLOUD LTD,LONDON,,Worker (A rating),Skilled Worker,https://www.on.com
Data Centre Dynamics Limited,LONDON,,Worker (A rating),Skilled Worker,https://www.datacenterdynamics.com
Data Connect Solutions Ltd,Reading,,Worker (A rating),Skilled Worker,https://www.data-connect.co.uk
Data Cubed Limited,Bristol,,Worker (A rating),Skilled Worker,https://data-cubed.co.uk
DATA ENERGY MANAGEMENT SERVICES LIMITED,Hertfordshire,,Worker (A rating),Skilled Worker,https://dataenergy.co.uk
Data Conversion Systems Limited,Swavesey,Cambridgeshire,Worker (A rating),Skilled Worker,https://www.findglocal.com
Data Design Solutions Limited,Iver,Buckinghamshire,Worker (A rating),Skilled Worker,https://www.smartdatadesigns.co.uk
DATA FIDELITY PVT LTD,London,,Worker (A rating),Skilled Worker,https://companyjobs.co.uk
Data Engineering Project Limited,Glasgow,,Worker (A rating),Skilled Worker,https://efinder.uk
Data 1St Ltd,SWINDON,,Worker (A rating),Skilled Worker,https://www.123-reg.co.uk
Data Intellect Services Limited,Belfast,,Worker (A rating),Skilled Worker,https://dataintellect.com
Data Clarity Limited,Derby,,Worker (A rating),Skilled Worker,https://www.dataclarity.uk.com
Data Cloud Ltd,London,,Worker (A rating),Skilled Worker,https://brightdata.com
Data Inc UK Ltd,London,,Worker (A rating),Skilled Worker,https://legaladvice.the6340lounge.com
Data HQ Ltd,Chelmsford,Essex,Worker (A rating),Skilled Worker,https://energy.pubsainteelisabeth.com
Data Intensity Limited,Chelmsford,Essex,Worker (A rating),Skilled Worker,https://www.nhs.uk
Data Intelligance Services Ltd,London,,Worker (A rating),Skilled Worker,https://www.dnb.co.uk
Data Privacy Simplified Ltd,Bedford,,Worker (A rating),Skilled Worker,https://www.dataprivacysimplified.co.uk
Data Intensity Limited,Chelmsford,Essex,Worker (A rating),Global Business Mobility: Senior or Specialist Worker,
Data Protection People Limited,Leeds,,Worker (A rating),Skilled Worker,https://dataprotectionpeople.com
Data Interconnect Ltd,Watchfield,Oxon,Worker (A rating),Skilled Worker,
Data Science Central UK Ltd.,London,,Worker (A rating),Global Business Mobility: Senior or Specialist Worker,https://uk.globaldatabase.com
Data Kraken Consultancy Ltd,Oxford,,Worker (A rating),Skilled Worker,https://www.krakendata.com
DATA SIP LIMITED,Glasgow,,Worker (A rating),Skilled Worker,https://uk.globaldatabase.com
Data OPS Limited,Radlett,Hertfordshire,Worker (A rating),Skilled Worker,https://www.myjobmag.co.ke
Data Solutionz Limited,Milton Keynes,Buckinghamshire,Worker (A rating),Skilled Worker,https://www.datasolutionz.co.uk
Data Market Information Technology Ltd,London,,Worker (A rating),Skilled Worker,
Data Socket Limited,London,,Worker (A rating),Skilled Worker,https://licensed-sponsors-uk.com
Data Technology Limited,Rickmansworth,,Worker (A rating),Skilled Worker,https://www.dnb.com
Data Theorem Limited,London,,Worker (A rating),Global Business Mobility: Senior or Specialist Worker,https://datatheorem.github.io
Data Theorem Limited,London,,Worker (A rating),Skilled Worker,https://datatheorem.github.io
Data Physics (UK) Ltd,Hailsham,,Worker (A rating),Skilled Worker,
DATA TRIALS SOLUTIONS LTD,Milton Keynes,,Worker (A rating),Skilled Worker,http://datatrialssolutions.co.uk
DATA VISION SERVICES LTD,London,,Worker (A rating),Skilled Worker,https://www.datavisionservices.co.uk
Data Vity Innovations T/A The Data City,Ilkely,West Yorkshire,Worker (A rating),Skilled Worker,https://licensed-sponsors-uk.com
Data Science Central UK Ltd.,London,,Worker (A rating),Skilled Worker,https://www.usgs.gov
DataArt Technologies UK Ltd,London,,Worker (A rating),Skilled Worker,https://www.dataart.com
Data Yield Limited,Milton Keynes,,Worker (A rating),Skilled Worker,https://www.dynamicyield.com
Datamatics Infotech Limited,Slough,Berkshire,Worker (A rating),Global Business Mobility: Senior or Specialist Worker,https://www.datamatics.com
Datamatics Infotech Limited,Slough,Berkshire,Worker (A rating),Skilled Worker,https://www.datamatics.com
Data Spartan Limited,London,,Worker (A rating),Skilled Worker,https://www.dataspartan.co.uk
Datashrubs Technologies Ltd,Ilford,Essex,Worker (A rating),Skilled Worker,https://www.datashrubs.com
Datamato Technologies Limited,Greater London,London,Worker (A rating),Global Business Mobility: Senior or Specialist Worker,https://datamato.com
DATA TRANS TECHNOLOGIES LIMITED,HOUNSLOW,,Worker (A rating),Skilled Worker,https://www.companieslist.co.uk
DATAZONE TECHNOLOGIES LIMITED,London,,Worker (A rating),Skilled Worker,https://www.datazone.co
Data Superstore (MCR) Ltd,Manchester,,Worker (A rating),Skilled Worker,https://www.ukcompanydir.com
Datel Computing Limited,Warrington,,Worker (A rating),Skilled Worker,https://datel.co.uk
DAVETHAN TECHNOLOGIES LIMITED,London,,Worker (A rating),Skilled Worker,https://davethan.tech
Daxtra Technologies Ltd,Musselburgh,,Worker (A rating),Skilled Worker,https://info.daxtra.com
DAWN TECHNOLOGIES LTD,London,,Worker (A rating),Skilled Worker,https://www.dawntech.co.uk
DAY TECHNOLOGIES LTD/ Trading name Duty Refunds,London,,Worker (A rating),Skilled Worker,https://licensed-sponsors-uk.com
Data Trek Technologies Ltd,London,,Worker (A rating),Skilled Worker,http://www.trek-tech.com
DCM Technologies Limited,London,,Worker (A rating),Skilled Worker,https://www.dcm.co.uk
Datamato Technologies Limited,Greater London,London,Worker (A rating),Skilled Worker,https://datamato.com
Decagon AI UK Ltd,London,,Worker (A rating),Global Business Mobility: Senior or Specialist Worker,https://decagon.ai
Decagon AI UK Ltd,London,,Worker (A rating),Skilled Worker,https://decagon.ai
DC Voltage Gradient Technology and Supply Ltd,Hindley Green,Wigan,Worker (A rating),Skilled Worker,https://dcvg.co.uk
DECILLION DIGITAL LIMITED,Brentford,,Worker (A rating),Skilled Worker,https://decilliondigital.com
DBT Telecom Limited,Kettering,,Worker (A rating),Skilled Worker,https://www.getdbt.com
Decimal Technologies Ltd,Bedford,Bedfordshire,Worker (A rating),Skilled Worker,https://decimaltechnologies.co.uk
Dayshape Software Ltd,Edinburgh,,Worker (A rating),Skilled Worker,https://dayshape.com
Deepmay Technologies Limited,Birmingham,,Worker (A rating),Skilled Worker,https://deepmay.net
Deepsea Technologies UK Ltd,Bromborough,WIRRAL,Worker (A rating),Skilled Worker,https://deepsea-tech.com
Dcube Technologies Ltd,Reading,,Worker (A rating),Skilled Worker,https://www.gbrbusiness.com
Decision Technology limited,London,,Worker (A rating),Skilled Worker,https://www.worldscientific.com
Delaware Digital LLP,London,,Worker (A rating),Skilled Worker,https://www.delaware.co.uk
Decypher Technologies UK Limited,Cardiff,,Worker (A rating),Skilled Worker,https://www.decypher.com
DELISYS TECHNOLOGIES LTD,NOTTINGHAM,,Worker (A rating),Skilled Worker,https://delisystechnologies.com
Deimos Cloud Ltd,London,,Worker (A rating),Skilled Worker,https://www.deimos.io
DCV Technologies Limited,Hemel Hempstead,,Worker (A rating),Skilled Worker,https://dcvtechnologies.co.uk
Delivers.AI LTD,Warwick,,Worker (A rating),Skilled Worker,https://vedal.ai
Denodo Technologies LTD,London,,Worker (A rating),Global Business Mobility: Senior or Specialist Worker,https://www.denodo.com
Denodo Technologies LTD,London,,Worker (A rating),Skilled Worker,https://www.denodo.com
Denisa Telecom Limited,Horsham,West Sussex,Worker (A rating),Skilled Worker,https://open.endole.co.uk
Deevi Technologies Ltd,Leeds,,Worker (A rating),Skilled Worker,https://uk.globaldatabase.com
Delphix Software Limited,Bracknell,Oldbury,Worker (A rating),Skilled Worker,https://www.delphix.com
Deltaclass Technology Solutions Limited,Slough,Berkshire,Worker (A rating),Skilled Worker,https://deltaclasstech.com
DENUKAN NETWORK UK BR. LTD,Chelmsford,,Worker (A rating),Skilled Worker,https://www.denukan.com
Devbox Technologies Limited,London,,Worker (A rating),Skilled Worker,https://devboxtech.co.uk
"Department for Science, Innovation and Technology",London,,Worker (A rating),Skilled Worker,https://www.nao.org.uk
Deriv Technologies Limited,Reading,,Worker (A rating),Skilled Worker,https://www.deriv.com
Devi Technologies Limited,Bimingham,West Midlands,Worker (A rating),Scale-up,https://www.devitechs.com
Devi Technologies Limited,Bimingham,West Midlands,Worker (A rating),Skilled Worker,https://www.devitechs.com
Develop-IT Software Limited,Bishop's Stortford,England,Worker (A rating),Skilled Worker,https://developit.tech
Dew Technology Limited,Surbiton,,Worker (A rating),Skilled Worker,http://www.dewtech.co.uk
Dext Software Limited,London,,Worker (A rating),Skilled Worker,https://dext.com
Despatch Cloud Ltd,Driffield,Yorkshire,Worker (A rating),Skilled Worker,https://testing.despatchcloud.com
DG-UK GLOBAL MANAGEMENT & TECHNOLOGY LTD,Harrow,,Worker (A rating),Skilled Worker,https://www.dg-ukglobal.uk
Devbox Technologies Limited,London,,Worker (A rating),Global Business Mobility: Senior or Specialist Worker,https://devboxtech.co.uk
DGR DIGITAL LTD,London,,Worker (A rating),Skilled Worker,https://www.dgrdigital.com
DHARMIK DIGITAL SOLUTIONS LTD,London,,Worker (A rating),Skilled Worker,https://dharmikdigital.com
Dever Software Ltd,Cullompton,Devon,Worker (A rating),Skilled Worker,https://deversoftware.com
DH TELECOM FIBER OPTIC LTD,LONDON,,Worker (A rating),Skilled Worker,https://www.companieslist.co.uk
Deviate Digital LTD,London,,Worker (A rating),Skilled Worker,https://www.deviate.digital
Devolver Digital Games Limited,London,,Worker (A rating),Skilled Worker,https://www.devolverdigital.com
Digi Technology Limited,Hatfield,,Worker (A rating),Skilled Worker,https://www.digitechnology.net
DIGITAL (I) TECHNOLOGIES LTD,Preston,,Worker (A rating),Skilled Worker,https://www.verizon.com
Diazone Computer Services Ltd,Sale,Greater Manchester,Worker (A rating),Skilled Worker,https://checkthecompany.co.uk
DIGITAL AGE PROFESSIONALS ENTERPRISE LIMITED,West Midlands,,Worker (A rating),Skilled Worker,https://licensed-sponsors-uk.com
Digital Apple UK Ltd,London,,Worker (A rating),Skilled Worker,https://digital-legacy.apple.com
Dext Software Limited,London,,Worker (A rating),Global Business Mobility: Senior or Specialist Worker,https://dext.com
Digital Applications International Limited,STOCKPORT,,Worker (A rating),Global Business Mobility: Senior or Specialist Worker,https://kiksi.id-app.digital
Digital Arts Studios,Belfast,,Temporary Worker (A rating),Creative Worker,https://www.artblocks.io
Digital Back Office Limited,Harrow,,Worker (A rating),Skilled Worker,https://www.postoffice.co.uk
DIAMOND PLUS TELECOM LTD,ILFORD,,Worker (A rating),Skilled Worker,https://diamondplus.uk
Diaspora African Women's Support Network CIC,Glasgow,,Worker (A rating),Skilled Worker,https://linktr.ee
Digital Buying Partners Limited,Slough,Berkshire,Worker (A rating),Skilled Worker,http://www.digitaldp.com
Digit Audio Technology Ltd,Leigh On Sea,Essex,Worker (A rating),Skilled Worker,https://device.report
DIGITAL AD CONSULTANT LTD,Stoke-On-Trent,Staffordshire,Worker (A rating),Skilled Worker,https://digitaladconsultant.com
Digital Catapult,London,,Worker (A rating),Skilled Worker,https://catapult.org.uk
Digital Cinema Media Ltd,London,,Worker (A rating),Skilled Worker,https://www.digitalcinemaworldwide.com
Digital Applications International Limited,STOCKPORT,,Worker (A rating),Skilled Worker,https://kiksi.id-app.digital
Digital Completion UK Limited,Leeds,West Yorkshire,Worker (A rating),Global Business Mobility: Senior or Specialist Worker,https://www.pexa.co.uk
Digital Boutique Limited,Hamilton,Scotland,Worker (A rating),Skilled Worker,https://www.lacoste.com
DIGITAL CAFE LIMITED,Burgess Hill,,Worker (A rating),Skilled Worker,https://xn--digitalcaf-86a.com
DIGITAL CLIPBOARD LIMITED,London,,Worker (A rating),Skilled Worker,https://www.digitalclipboard.ai
Digital Detox Ltd,LONDON,,Worker (A rating),Skilled Worker,https://www.digitaldetoxclub.co.uk
DIGITAL COMBAT AGENCY LTD,Romford,,Worker (A rating),Skilled Worker,https://digitalcombatagency.com
Digital Devices Limited,London,Middlesex,Worker (A rating),Skilled Worker,https://www.analog.com
Digital Devops Limited,Aylesbury,Buckinghamshire,Worker (A rating),Skilled Worker,https://digitaldevops.co.uk
Digital Commonwealth Limited,London,,Worker (A rating),Skilled Worker,https://digitalbootcamps.eu
DIGITAL DIRECT SOLUTIONS LTD,London,,Worker (A rating),Skilled Worker,https://www.digitaldirectsolutions.com
Digital Completion UK Limited,Leeds,West Yorkshire,Worker (A rating),Skilled Worker,https://solicitors.lawsociety.org.uk
Digital Cryogenics Limited,London,United Kingdom,Worker (A rating),Skilled Worker,https://www.cryogenics.digital
DIGITAL DREAM LTD,London,,Worker (A rating),Skilled Worker,https://digitaldreamdoor.com
DIGITAL EARTH LTD,Aspley Guise,,Worker (A rating),Skilled Worker,https://earthexplorer.usgs.gov
Digital Edge Print Group Limited,Oldham,Greater Manchester,Worker (A rating),Skilled Worker,https://digital-edge-quote.lovable.app
Digital Ethos Ltd,Oadby,,Worker (A rating),Skilled Worker,https://digitalethosltd.the7.co.uk
Digital Data Consultancy Ltd,High Wycombe,,Worker (A rating),Skilled Worker,https://www.companieslist.co.uk
Digital First Holdings UK Limited,London,,Worker (A rating),Skilled Worker,https://www.companieslist.co.uk
Digital Futures Group Limited,London,,Worker (A rating),Skilled Worker,https://digitalfuturesgroup.org
Digital Gaming Corporation Limited,Elstree,,Worker (A rating),Skilled Worker,https://www.preqin.com
Digital Diligence Ltd,London,,Worker (A rating),Skilled Worker,https://diligence.digitaldelivery.uk
Digital Directories Limited,London,,Worker (A rating),Skilled Worker,https://licensed-sponsors-uk.com
Digital Glue Ltd,Birmingham,,Worker (A rating),Skilled Worker,https://digitalglue.agency
Digital Icon Agency Ltd,Derby,Derbys,Temporary Worker (A rating),Creative Worker,https://digitalicon.agency
DIGITAL DISRUPTION TECHNOLOGIES LTD,London,England,Worker (A rating),Skilled Worker,https://digitaldisruptiontech.com
Digital Icon Agency Ltd,Derby,Derbys,Worker (A rating),Skilled Worker,https://www.icondigital.agency
Digital Innk Limited,Birmingham,,Worker (A rating),Skilled Worker,https://ink-digital.co.uk
Digital Eye Security System Limited,Staines,,Worker (A rating),Skilled Worker,https://digitaleyeuk.com
Digital Insight Technologies Limited trading as Xapien,London,,Worker (A rating),Skilled Worker,https://xapien.com
DIGITAL EMERGENCY LTD,HUDDERSFIELD,,Worker (A rating),Skilled Worker,https://digem.med.ubc.ca
DIGITAL INSIGHTS CONSULTANCY LIMITED,Milton Keynes,Buckhinghamshire,Worker (A rating),Skilled Worker,https://datareportal.com
Digital Isle Limited,Newry,,Worker (A rating),Skilled Worker,https://www.yell.com
Digital Marketing School Ltd,Milton Keynes,Buckinghamshire,Worker (A rating),Skilled Worker,https://www.merxmarketing.co.uk
DIGITAL LIFE PARTNERS LTD,London,,Worker (A rating),Skilled Worker,https://www.dnb.com
Digital Manufacturing Centre Ltd,Towcester,,Worker (A rating),Skilled Worker,https://www.digitalmanufacturingcentre.com
Digital Marmalade Limited,London,,Worker (A rating),Skilled Worker,https://www.digitalmarmalade.co.uk
Digital Media Distribution Limited,Tyne And Wear,,Worker (A rating),Skilled Worker,https://www.ddltd.co.uk
Digital Media Gang,Solihull,West Midlands,Worker (A rating),Skilled Worker,https://digitalmediagang.com
Digital Health Intelligence Ltd,London,,Worker (A rating),Skilled Worker,https://digital-health-intelligence.idloom.events
Digital Media Services UK Ltd,London,,Worker (A rating),Skilled Worker,https://bulldogdigitalmedia.co.uk
Digital Media Innovations UK LTD,Gloucester,,Worker (A rating),Skilled Worker,https://www.dnb.com
Digital Health and Care Wales,Cardiff,,Worker (A rating),Skilled Worker,https://dhcw.nhs.wales
Digital Medical Supply UK Ltd,London,,Worker (A rating),Skilled Worker,https://www.bing.com
Digital Mobile Innovations Limited,London,,Worker (A rating),Global Business Mobility: Senior or Specialist Worker,https://www.companiesintheuk.co.uk
Digital Media Technologies LTD,Hertford,,Worker (A rating),Skilled Worker,https://digitalmedia.tech
Digital Mobile Innovations Limited,London,,Worker (A rating),Skilled Worker,https://www.companiesintheuk.co.uk
Digital Infrastructure Services Ltd,Newton-le-Willows,Middlesex,Worker (A rating),Skilled Worker,https://digitalinfra.com
Digital Office Systems Ltd,Ashby de la Zouch,Leicestershire,Worker (A rating),Skilled Worker,https://www.digital-os.co.uk
Digital News Agency Ltd,London,England,Worker (A rating),Skilled Worker,https://newsroom.dna.online
Digital Medical Supply UK Ltd,London,,Worker (A rating),Global Business Mobility: Senior or Specialist Worker,https://digital.nhs.uk
Digital Moneybox Limited,London,,Worker (A rating),Skilled Worker,https://www.moneyboxapp.com
DIGITAL ORANGE NETWORKS LIMITED,Bromley,,Worker (A rating),Skilled Worker,https://www.digitalorange.co.uk
Digital Orchard Group Ltd,Chalfont St Giles,,Worker (A rating),Skilled Worker,https://digitalorchardgroup.com
Digital Quotient Solutions Limited,Cheltenham,,Worker (A rating),Skilled Worker,https://www.digitalquotient.co.uk
DIGITAL OUTLET LONDON LTD,LONDON,,Worker (A rating),Skilled Worker,https://digitaloutletlondon.co.uk
DIGITAL REALTY (UK) LIMITED,LONDON,,Worker (A rating),Skilled Worker,https://www.companiesintheuk.co.uk
DIGITAL PORT LTD,Manchester,,Worker (A rating),Skilled Worker,https://digitalport.org
DIGITAL REALTY (UK) LIMITED,LONDON,,Worker (A rating),Global Business Mobility: Senior or Specialist Worker,https://www.companiesintheuk.co.uk
Digital Reality Corp Ltd (trading as Pupil and/or Stak),London,,Worker (A rating),Skilled Worker,https://drc.co
Digital Select Ltd,Lowestoft,Suffolk,Worker (A rating),Skilled Worker,https://www.123-reg.co.uk
DIGITAL SERVICES HUB LIMITED,London,,Worker (A rating),Skilled Worker,https://www.hubspot.com
DIGITAL RAINBOW PROJECT CONSULTANTS,BIRMINGHAM,WEST MIDLANDS,Worker (A rating),Skilled Worker,http://www.drpconsultants.co.uk
Digital RFQ Limited,London,,Worker (A rating),Skilled Worker,https://digitalrfq.com
Digital Spring Limited,London,,Worker (A rating),Skilled Worker,https://www.companiesintheuk.co.uk
Digital Staff Solutions T/A Florence,London,,Worker (A rating),Skilled Worker,https://www.bing.com
Digital Sterling Limited,Leeds,,Worker (A rating),Skilled Worker,https://egbp.foundation
Digital Prosthetics Limited,Birmingham,,Worker (A rating),Skilled Worker,https://www.digitalprosthetics.co.uk
Digital Science & Research Solutions Limited,London,,Worker (A rating),Global Business Mobility: Senior or Specialist Worker,https://www.digital-science.com
Digital Science & Research Solutions Limited,London,,Worker (A rating),Skilled Worker,https://www.digital-science.com
Digital Surgery Limited,London,,Worker (A rating),Skilled Worker,https://www.baus.org.uk
Digital Sign UK Ltd T/A Digital Signage UK,London,,Worker (A rating),Skilled Worker,https://invokedigitalsignage.co.uk
Digital Therapeutics Ltd,London,,Worker (A rating),Skilled Worker,https://appsupports.co
Digital Space Group Limited,Newark,Nottinghamshire,Worker (A rating),Skilled Worker,https://digitalspace.co.uk
DIGITAL TRANSFORMATION CAPITAL PARTNERS UK LIMITED,London,,Worker (A rating),Skilled Worker,https://www.dtcp.capital
DIGITAL TRANSFORMATION CAPITAL PARTNERS UK LIMITED,London,,Worker (A rating),Global Business Mobility: Senior or Specialist Worker,https://www.dtcp.capital
DIGITAL TRAVEL MARKETING GROUP LIMITED,"Liverpool, Merseyside",,Worker (A rating),Skilled Worker,https://digitaltravelexpert.com
Digital Surgery Limited,London,,Worker (A rating),Global Business Mobility: Senior or Specialist Worker,https://www.baus.org.uk
Digital Uncut,London,Shoreditch,Worker (A rating),Global Business Mobility: Senior or Specialist Worker,https://www.uncut.co.uk
Digital Unlimited Group Ltd,London,,Worker (A rating),Skilled Worker,https://www.dnb.com
DIGITAL STREAMING LIMITED,Manchester,,Worker (A rating),Skilled Worker,https://www.dazn.com
Digital Willow Ltd,London,Greater London,Worker (A rating),Skilled Worker,https://www.digitalwillow.biz
Digital Taxonomy Limited,London,,Worker (A rating),Skilled Worker,https://www.digitaltaxonomy.co.uk
Digital Uncut,London,Shoreditch,Worker (A rating),Skilled Worker,https://www.uncut.co.uk
DIGITAL.CAMZ LTD,Ilford,,Worker (A rating),Skilled Worker,https://licensed-sponsors-uk.com
Digital Voices Limited,London,,Worker (A rating),Skilled Worker,https://www.digitalvoices.com
DIGITALK Technology Limited,Milton Keynes,,Worker (A rating),Skilled Worker,https://www.digitalk.com
Digital Workforce Services Ltd,Warwick,,Worker (A rating),Global Business Mobility: Senior or Specialist Worker,https://digitalworkforce.com
Digital Workforce Services Ltd,Warwick,,Worker (A rating),Skilled Worker,https://digitalworkforce.com
DIGITAL-I LIMITED,Bristol,,Worker (A rating),Skilled Worker,https://www.123-reg.co.uk
Digital.ai Software (UK) Ltd.,London,,Worker (A rating),Skilled Worker,https://www.companiesintheuk.co.uk
DIMENSION FOUR TECHNOLOGY LIMITED,London,,Worker (A rating),Skilled Worker,https://www.companieslist.co.uk
DIGITEX TECHNOLOGIES LIMITED,Dagenham,,Worker (A rating),Skilled Worker,https://www.digitextechnologies.com
DIGITEC Financial Technologies and Services (UK) Ltd,London,United Kingdom,Worker (A rating),Skilled Worker,https://digitec.de
Disguise Technologies Ltd,London,London,Worker (A rating),Skilled Worker,https://www.disguise.one
DIGS Technology Limited,Swansea,,Worker (A rating),Skilled Worker,https://digs.technology
Distinctly Digital Limited,London,,Worker (A rating),Skilled Worker,https://distinctly.co
Dirac Software Limited,London,,Worker (A rating),Skilled Worker,https://dirac.software
Direct Link Technologies Ltd,London,,Worker (A rating),Skilled Worker,https://partner.dl.uk
Discover Digital Solutions Limited,Reading,,Worker (A rating),Skilled Worker,https://discoverdigital.com
DL TECHNOLOGIES LTD,LONDON,,Worker (A rating),Skilled Worker,https://licensed-sponsors-uk.com
Domino Data Lab Limited,London,,Worker (A rating),Skilled Worker,https://domino.ai
DMI Network,London,,Worker (A rating),Skilled Worker,https://dminetworking.com
DOCME TECHNOLOGIES LTD,Cambridge,,Worker (A rating),Skilled Worker,https://www.dnb.com
DOOSAN DIGITAL INNOVATION EUROPE LIMITED,Renfrew,,Worker (A rating),Skilled Worker,https://www.doosandigitalinnovation.com
DOUBLELIGHT TECHNOLOGY LIMITED,Harlow,Essex,Worker (A rating),Skilled Worker,https://doublelight.en.ec21.com
DP Network Limited,Redditch,,Worker (A rating),Skilled Worker,https://www.dpworld.com
Dog Digital Ltd,Glasgow,Lanarkshire,Worker (A rating),Skilled Worker,https://www.barbour.com
Dream AI Ltd t/a Dream Agility,Rossendale,,Worker (A rating),Skilled Worker,https://dreamagility.com
Doka UK Formwork Technologies Ltd,Sittingbourne,Kent,Worker (A rating),Skilled Worker,https://www.doka.com
DOOSAN DIGITAL INNOVATION EUROPE LIMITED,Renfrew,,Worker (A rating),Global Business Mobility: Senior or Specialist Worker,https://www.doosandigitalinnovation.com
Domino Data Lab Limited,London,,Worker (A rating),Global Business Mobility: Senior or Specialist Worker,https://domino.ai
Downforce Technologies Limited,London,,Worker (A rating),Skilled Worker,https://www.downforce.tech
Drivenation Digital LTD,Sherburn In Elmet,Leeds,Worker (A rating),Skilled Worker,http://drivenation.co.uk
Dubarry Technology Ltd,Egham,,Worker (A rating),Skilled Worker,https://www.dubarryav.co.uk
Dragonfly Technology Solutions Limited,Kemble,Gloucestershire,Worker (A rating),Skilled Worker,https://dragonflytech.co.uk
Dreams-Ai-Cambridge Ltd,Cambridge,,Worker (A rating),Skilled Worker,https://dreams-ai.com
dRISK.ai Limited,London,London,Worker (A rating),Skilled Worker,http://www.drisk.ai
DUCK Software Limited,Potters Bar,Hertfordshire,Worker (A rating),Skilled Worker,https://duckduckgo.com
DSI Technology Services Ltd,Dartford,Kent,Worker (A rating),Skilled Worker,https://www.dsitechnologies.co.in
DriWay International Technologies Limited,London,,Worker (A rating),Skilled Worker,https://driway.com
Duffel Technology Ltd,London,,Worker (A rating),Global Business Mobility: Senior or Specialist Worker,https://duffel.com
Duffel Technology Ltd,London,,Worker (A rating),Skilled Worker,https://duffel.com
Duck Creek Technologies Limited,London,,Worker (A rating),Global Business Mobility: Senior or Specialist Worker,https://www.duckcreek.com
Durst Image Technology UK Ltd,Leatherhead,Surrey,Worker (A rating),Skilled Worker,https://durstimagetechnologyukltd.the7.co.uk
Duck Creek Technologies Limited,London,,Worker (A rating),Skilled Worker,
Duco Technology Limited,London,,Worker (A rating),Skilled Worker,https://du.co
Dudley College of Technology,Dudley,West Midlands,Worker (A rating),Skilled Worker,https://dudleycol.ac.uk
DYMAG TECHNOLOGIES LIMITED,Chippenham,Wiltshire,Worker (A rating),Skilled Worker,https://dymag.com
"DX CELLS TECHNOLOGIES CO., (UK) LIMITED",London,,Worker (A rating),Skilled Worker,https://www.ukcompanydir.com
Dynamic Visual Technologies Ltd,Croydon,,Worker (A rating),Skilled Worker,https://www.youtube.com
DYNAMO SOFTWARE UK. LIMITED,Harrow,Middlesex,Worker (A rating),Skilled Worker,https://www.dynamosoftware.com
DZINE DIGITAL LTD,Cardiff,,Worker (A rating),Skilled Worker,https://www.dzine.digital
Dynamic Networks Group Ltd,Leeds,,Worker (A rating),Skilled Worker,https://www.dynamicnetworksgroup.co.uk
E-MIND TECHNOLOGIES LIMITED,Liverpool,,Worker (A rating),Skilled Worker,https://duckduckgo.com
E-COMPUTING (EUROPE) LIMITED,London,London,Worker (A rating),Skilled Worker,https://www.e-computing.co.uk
E2E CYBER SOLUTIONS LTD,BIRMINGHAM,West Midlands,Worker (A rating),Skilled Worker,https://retail.businessmap.uk
EA Global AI Limited,Newport,Newport,Worker (A rating),Skilled Worker,https://eaglobal.ai
EA Technology Limited,Chester,Cheshire,Worker (A rating),Skilled Worker,https://eatechnology.com
Eapps Technologies Ltd,Uxbridge,,Worker (A rating),Skilled Worker,https://www.eappstech.uk
Durell Software Ltd,Taunton,Somerset,Worker (A rating),Skilled Worker,https://supportdesk.durell.co.uk
Duradiamond Software Ltd,Dunfermline,Fife,Worker (A rating),Skilled Worker,https://www.duradiamondsoftware.co.uk
East London Advanced Technology Training,London,,Worker (A rating),Skilled Worker,https://www.londononline.co.uk
DX Network Services Limited,Slough,,Worker (A rating),Skilled Worker,https://www.dnb.com
E T P Technologies Ltd,London,Holborn,Worker (A rating),Skilled Worker,https://shokz.com
E-Serve Technologies Limited,Brooklands,Milton Keynes,Worker (A rating),Skilled Worker,https://www.hetzner.com
Eastleigh Southern Parishes Network LTD,Southampton,Hampshire,Worker (A rating),Skilled Worker,https://www.nhs.uk
Early Intervention Network Ltd,Stamford,Lincolnshire,Worker (A rating),Skilled Worker,https://earlyinterventionnetwork.co.uk
EarthId Technology Ltd,Chessington,Surrey,Worker (A rating),Skilled Worker,https://www.myearth.id
EATRON TECHNOLOGIES LIMITED,Warwick,,Worker (A rating),Global Business Mobility: Senior or Specialist Worker,https://eatron.com
EATRON TECHNOLOGIES LIMITED,Warwick,,Worker (A rating),Skilled Worker,https://eatron.com
Eastern Networks Limited,London,,Worker (A rating),Skilled Worker,https://shokz.com
Eastern Academic Health Science Network,Cambridge,,Worker (A rating),Skilled Worker,https://easternahsn.org
EBIZ TECHNOLOGY LTD,London,,Worker (A rating),Skilled Worker,https://www.companiesintheuk.co.uk
Ecom Global Network Ltd,Chalfont St Giles,,Worker (A rating),Skilled Worker,https://www.ecomglobalsystems.com
Eastpoint Software Ltd,Cambridge,Cambridgeshire,Worker (A rating),Skilled Worker,https://help.eastpoint.co.uk
Econic Technologies Ltd,Macclesfield,Cheshire,Worker (A rating),Skilled Worker,https://www.econic-technologies.com
Easy Computer Consultants Limited,London,London,Worker (A rating),Skilled Worker,https://find-open.co.uk
EATRON TECHNOLOGIES LIMITED,Warwick,,Worker (A rating),Scale-up,https://eatron.com
Ecospend Technologies Limited,London,,Worker (A rating),Skilled Worker,https://ecospend.com
ECONOMIC DATA SCIENCES LTD,SLOUGH,,Worker (A rating),Skilled Worker,https://economicdatasciences.com
Echion Technologies LTD,Sawston,Cambridgeshire,Worker (A rating),Skilled Worker,https://www.echiontech.com
EDIFY SOFTWARE LTD,London,,Worker (A rating),Skilled Worker,https://edify.cr
eCreation Media Technology Ltd,Poole,,Worker (A rating),Skilled Worker,https://www.ecreationmedia.tv
EcoHub Technologies Limited,Clevedon,Somerset,Worker (A rating),Skilled Worker,https://www.myecohub.ch
EDW Technology Limited,Milton Keynes,Bucks,Worker (A rating),Skilled Worker,https://www.edwt.org
Egress Software Technologies Limited,London,,Worker (A rating),Skilled Worker,https://www.egress.com
Eigen Technologies Ltd,London,,Worker (A rating),Skilled Worker,https://eigentech.com
Ecommerce Technologies Ltd,Essex,ENGLAND,Worker (A rating),Skilled Worker,https://thebanks.eu
EDGEMATICS TECHNOLOGIES UK LTD,Reading,,Worker (A rating),Skilled Worker,https://www.companiesintheuk.co.uk
Eikon Peters Technology Consulting Ltd,Preston,,Worker (A rating),Skilled Worker,https://www.eikonpetersimmigration.com
EILLA AI LTD,London,,Worker (A rating),Skilled Worker,https://eilla.ai
Einride Technologies UK Limited,Hindhead,Surrey,Worker (A rating),Skilled Worker,https://www.einride.tech
Egress Software Technologies Limited,London,,Worker (A rating),Global Business Mobility: Senior or Specialist Worker,https://www.egress.com
Einride Technologies UK Limited,Hindhead,Surrey,Worker (A rating),Global Business Mobility: Senior or Specialist Worker,https://www.einride.tech
Effectiv AI UK Ltd,London,,Worker (A rating),Skilled Worker,https://licensed-sponsors-uk.com
EKCO CLOUD (UK) LIMITED,London,London,Worker (A rating),Skilled Worker,https://www.ek.co
Eigen Software Limited,Birmingham,,Worker (A rating),Skilled Worker,http://eigens.co.uk
Eka Software Solutions Limited,Leatherhead,Surrey,Worker (A rating),Global Business Mobility: Senior or Specialist Worker,https://eka1.com
Eightfold AI UK Ltd,London,,Worker (A rating),Global Business Mobility: Senior or Specialist Worker,https://eightfold.ai
Elastic Path Software Inc.,Reading,Berkshire,Worker (A rating),Global Business Mobility: Senior or Specialist Worker,https://developer.elasticpath.com
EKCO CLOUD AND SECURITY LIMITED,Milton Keynes,,Worker (A rating),Skilled Worker,https://www.bing.com
EKY Technology LIMITED,Birmingham,,Worker (A rating),Skilled Worker,https://rocketreach.co
EJ Peak Technology Solutions Limited,Daresbury,Cheshire,Worker (A rating),Skilled Worker,https://www.checkcompany.co.uk
Elastic Path Software Inc.,Reading,Berkshire,Worker (A rating),Skilled Worker,https://developer.elasticpath.com
Electra Networks Ltd,Bracknell,Berkshire,Worker (A rating),Skilled Worker,https://electra.co.nz
ELEGANT TECHNOLOGIES UK LIMITED,London,,Worker (A rating),Skilled Worker,https://shokz.com
Eightfold AI UK Ltd,London,,Worker (A rating),Skilled Worker,https://eightfold.ai
ELEKS Software UK Limited,London,,Worker (A rating),Skilled Worker,https://www.crest-approved.org
ELEMENT MATERIALS TECHNOLOGY SHARED SERVICES LIMITED,Newbridge,Mid Lothian,Worker (A rating),Skilled Worker,https://www.gbrbusiness.com
Elerian Conversational AI Limited,London,,Worker (A rating),Skilled Worker,https://elerian.ai
Elder Technologies Limited,London,,Worker (A rating),Skilled Worker,https://eldertechnologies.com
Eligarf Technologies (UK) Limited,Harrow,Middlesex,Worker (A rating),Skilled Worker,https://eligarf.tech
Eligarf Technologies (UK) Limited,Harrow,Middlesex,Worker (A rating),Global Business Mobility: Senior or Specialist Worker,https://eligarf.tech
"Ellison Institute of Technology, Oxford Limited",Littlemore,Oxford,Worker (A rating),Skilled Worker,https://eit.org
Elite Sport Performance Technologies Ltd,Loughborough,Leicestershire,Worker (A rating),Skilled Worker,https://www.elitesportsperformance.co.uk
Elmac Technologies Limited,Greenfield,Flintshire,Worker (A rating),Skilled Worker,https://elmactechnologies.com
"Ellison Institute of Technology, Oxford Limited",Littlemore,Oxford,Worker (A rating),Global Business Mobility: Senior or Specialist Worker,https://eit.org
Elwood Technologies Services Limited,London,,Worker (A rating),Global Business Mobility: Senior or Specialist Worker,https://www.elwood.io
Elastic Path Software (UK) Ltd,Newcastle Upon Tyne,,Worker (A rating),Skilled Worker,https://www.companiesintheuk.co.uk
Elwood Technologies Services Limited,London,,Worker (A rating),Skilled Worker,https://www.elwood.io
ELDOS TECHNOLOGY LIMITED,Wembley,,Worker (A rating),Skilled Worker,https://eldostechnology.co.uk
Emerald Telecom Limited,London,Middlesex,Worker (A rating),Skilled Worker,https://emerald-telecom.co.uk
Emergency Nutrition Network,Kidlington,,Worker (A rating),Skilled Worker,https://reliefweb.int
Emerald Technology Recruitment Limited,Birmingham,,Worker (A rating),Skilled Worker,https://www.emerald.com
Emerson Climate Technologies Limited,Reading,Berkshire,Worker (A rating),Global Business Mobility: Senior or Specialist Worker,https://www.heatpumps.org.uk
Elements Digital Ltd,London,,Worker (A rating),Skilled Worker,https://shokz.com
Emma Technologies LTD,London,,Worker (A rating),Skilled Worker,https://emma-app.com
Ellipse Data Ltd,London,,Worker (A rating),Skilled Worker,https://ellipsedata.com
Enable Network Services Limited,Barbican,London,Worker (A rating),Skilled Worker,https://www.yell.com
ENATIONS TECHNOLOGY LTD,London,,Worker (A rating),Skilled Worker,https://licensed-sponsors-uk.com
Encompass Digital Media Services Limited,London,,Worker (A rating),Skilled Worker,https://encompass.tv
Encompass Digital Media Services Limited,London,,Worker (A rating),Global Business Mobility: Senior or Specialist Worker,https://encompass.tv
Encora Software (UK) Private Limited,London,,Worker (A rating),Global Business Mobility: Senior or Specialist Worker,https://www.companiesintheuk.co.uk
Elo AI Ltd,London,England,Worker (A rating),Skilled Worker,https://www.elo.ai
Energeia Technologies,Antrim,Antrim,Worker (A rating),Skilled Worker,http://www.energia.ae
ENERGY & COMPLIANCE TECHNOLOGY LTD,Wakefield,West Yorkshire,Worker (A rating),Skilled Worker,http://www.designed2complyenergy.co.uk
Emerson Climate Technologies Limited,Reading,Berkshire,Worker (A rating),Skilled Worker,https://www.emerson.com
Emtalent Digital Limited,Reading,Berkshire,Worker (A rating),Skilled Worker,https://emtalent.current.jobs
ENA Digital Services Ltd,Slough,,Worker (A rating),Skilled Worker,https://www.ena-digital.de
ENGAGE DIGITAL PARTNERS,LONDON,,Worker (A rating),Skilled Worker,https://www.engagedigitalpartners.com
Engage Technology Partners Limited,Ipswich,,Worker (A rating),Skilled Worker,https://www.engagetech.com
Encora Software (UK) Private Limited,London,,Worker (A rating),Skilled Worker,https://www.companiesintheuk.co.uk
Engineer.ai Global Ltd,London,,Worker (A rating),Global Business Mobility: Senior or Specialist Worker,https://explorer.globe.engineer
Engine AI Limited,London,,Worker (A rating),Skilled Worker,https://gptengineer.app
Encore Software Limited,Horsham,West Sussex,Worker (A rating),Skilled Worker,https://encoresoftwarelimited.zumvu.com
Engineering Technology Group,Wellesbourne,Warwickshire,Worker (A rating),Skilled Worker,https://engtechgroup.com
Energy Network Services Ltd,Wimborne,Dorset,Worker (A rating),Skilled Worker,https://www.eonenergy.com
Energy Networks Association,London,Greater London,Worker (A rating),Skilled Worker,https://transportandenergy.com
Enji Technologies,London,London,Worker (A rating),Skilled Worker,https://www.enji.tech
Enjoy Digital Communications Ltd,Leeds,West Yorkshire,Worker (A rating),Skilled Worker,https://www.enjoy-digital.co.uk
Enlighten Software Limited,London,,Worker (A rating),Skilled Worker,https://enlighten-opex.co.uk
Enmarq Technologies Limited,Reading,,Worker (A rating),Global Business Mobility: Senior or Specialist Worker,https://www.enmarq.com
Enmarq Technologies Limited,Reading,,Worker (A rating),Skilled Worker,https://www.enmarq.com
Engage Digital Partners Limited,London,,Worker (A rating),Skilled Worker,https://www.engagedigitalpartners.com
Enlighten Software Limited,London,,Worker (A rating),Global Business Mobility: Senior or Specialist Worker,https://enlighten.com
Ennovision Technology Solutions Limited,Rickmansworth,,Worker (A rating),Skilled Worker,https://ennovision.co.uk
Engineer.ai Global Ltd,London,,Worker (A rating),Skilled Worker,https://www.engineer.ai
Enterprise AI Technology Ltd,London,,Worker (A rating),Skilled Worker,https://licensed-sponsors-uk.com
Entralon Technology Limited,London,,Worker (A rating),Skilled Worker,https://entralon.com
ENTREPRENEUR BREED NETWORKS LIMITED,MANCHESTER,,Worker (A rating),Skilled Worker,https://www.entrepreneur-breed.com
Enigma Software Solutions Limited,London,,Worker (A rating),Global Business Mobility: Senior or Specialist Worker,https://enigmasoftware.eu
Epicor Software (UK) Limited,Bracknell,Berkshire,Worker (A rating),Global Business Mobility: Senior or Specialist Worker,https://www.epicor.com
Enigma Software Solutions Limited,London,,Worker (A rating),Skilled Worker,https://enigmasoftware.eu
Epion Technologies Ltd,Stirling,,Worker (A rating),Global Business Mobility: UK Expansion Worker,https://epion-tech.com
Enwa Water Technology UK,Desford,Leicestershire,Worker (A rating),Skilled Worker,https://www.enwa.co.uk
EPROD SOFTWARE UK LTD,Dronfield,Derbyshire,Worker (A rating),Skilled Worker,https://www.eprod-solutions.com
Equip Outdoor Technologies UK Limited,Alfreton,,Worker (A rating),Skilled Worker,https://equip-outdoor-technologies-uk-ltd.webshopapp.com
EQUUS SOFTWARE UK LIMITED,London,London,Worker (A rating),Skilled Worker,https://himalayas.app
ENSEMBLE SOFTWARE (UK) LIMITED,London,,Worker (A rating),Skilled Worker,http://www.ensembleuk.com
ERI BANKING SOFTWARE LIMITED,London,,Worker (A rating),Skilled Worker,https://www.olympicbankingsystem.com
Envisage Digital,Bournemouth,Dorset,Worker (A rating),Skilled Worker,https://www.envisagedigital.co.uk
ERIKA TECHNOLOGY LTD,"London, Greater London",,Worker (A rating),Skilled Worker,https://www.dnb.com
ERP Data Services Ltd,Milton Keynes,,Worker (A rating),Skilled Worker,https://www.topsitessearch.com
Epicor Software (UK) Limited,Bracknell,Berkshire,Worker (A rating),Skilled Worker,https://www.epicor.com
ERPTREE TECHNOLOGIES LIMITED,London,England,Worker (A rating),Skilled Worker,https://www.erptree.co.uk
Equip Outdoor Technologies UK Limited,Alfreton,,Worker (A rating),Global Business Mobility: Senior or Specialist Worker,https://equip-outdoor-technologies-uk-ltd.webshopapp.com
ESR Technology Ltd,Warrington,Cheshire,Worker (A rating),Skilled Worker,https://esrtechnology.com
ESI Technology Ltd,Wrexham,Wrexham,Worker (A rating),Skilled Worker,https://esi-tec.com
Eschmann Technologies Ltd,Lancing,West Sussex,Worker (A rating),Skilled Worker,https://www.eschmann.co.uk
EURO DIGITAL PRINT LTD,LONDON,,Worker (A rating),Skilled Worker,https://shop.staplescopyandprint.ca
EQUUS SOFTWARE UK LIMITED,London,London,Worker (A rating),Global Business Mobility: Senior or Specialist Worker,https://himalayas.app
eResearch Technology Limited,Nottingham,,Worker (A rating),Skilled Worker,https://uk.investing.com
Eurofins Digital Product Testing UK Limited,Bristol,,Worker (A rating),Skilled Worker,https://www.eurofins.co.uk
Eurolaser Technologies Limited,Datchet,,Worker (A rating),Skilled Worker,https://www.eurolaser-tech.com
Eurograph Computer Supplies Ltd,Newport,Gwent,Worker (A rating),Skilled Worker,https://www.findglocal.com
Eurolink Technology Ltd,Leatherhead,Surrey,Worker (A rating),Skilled Worker,https://www.eurolinktechnologies.co.uk
European Software Solutions (UK) Limited,Borehamwood,,Worker (A rating),Skilled Worker,https://uk.globaldatabase.com
European Data Analytics Limited,Edinburgh,Lothian Region,Worker (A rating),Skilled Worker,https://www.europeandataanalytics.co.uk
European Leadership Network,London,,Worker (A rating),Skilled Worker,https://europeanleadershipnetwork.org
European Technology Development Limited,Leatherhead,Surrey,Worker (A rating),Skilled Worker,https://www.companiesintheuk.co.uk
EVBULB TECHNOLOGY LTD,London,,Worker (A rating),Skilled Worker,https://www.evbulb.com
Evariste Technologies Limited,Reading,,Worker (A rating),Skilled Worker,https://www.evariste.com
EVERYDAY COMPUTER SOLUTIONS LTD,London,,Worker (A rating),Skilled Worker,https://ecsolutionsltd.co.uk
Erudite Technologies Limited,Bletchley,,Worker (A rating),Skilled Worker,https://bletchley.cylex-uk.co.uk
Everest Software Systems Limited,London,,Worker (A rating),Skilled Worker,https://everest-systems.com
ESSURE TECHNOLOGIES LTD,Coventry,,Worker (A rating),Skilled Worker,https://www.essuretechnologies.co.uk
Eviee Technologies Limited,Northampton,,Worker (A rating),Skilled Worker,https://www.evieetech.com
EVERYMATRIX TECHNOLOGY (UK) LIMITED,London,,Worker (A rating),Skilled Worker,https://everymatrix.com
Evoqua Water Technologies Ltd,Caldicot,Monmouthshire,Worker (A rating),Global Business Mobility: Senior or Specialist Worker,https://www.radward.com
Exate Technology,London,,Worker (A rating),Skilled Worker,https://www.exatetech.com
EVERYMATRIX TECHNOLOGY (UK) LIMITED,London,,Worker (A rating),Global Business Mobility: Senior or Specialist Worker,https://everymatrix.com
EXCHANGE DATA INTERNATIONAL LTD,LONDON,LONDON,Worker (A rating),Skilled Worker,https://www.exchange-data.com
Exclusive Networks Limited,Hampshire,,Worker (A rating),Skilled Worker,https://www.exclusive-networks.com
Exclusive Networks Limited,Hampshire,,Worker (A rating),Global Business Mobility: Senior or Specialist Worker,https://cloudian.com
Ethnic Technologies (London) Limited,London,,Worker (A rating),Skilled Worker,
Experion Technologies UK Ltd,"Staines-Upon-Thames,",,Worker (A rating),Global Business Mobility: Senior or Specialist Worker,https://experionglobal.com
Exponentia.ai Limited,London,,Worker (A rating),Global Business Mobility: Senior or Specialist Worker,https://www.exponentia.ai
Expo Technology Ltd,Sunbury On Thames,Surrey,Worker (A rating),Skilled Worker,https://www.expoworldwide.com
European Technology Group Ltd.,London,,Worker (A rating),Skilled Worker,https://www.etg.org
Exroid Technology Ltd,Sandwich,Kent,Worker (A rating),Skilled Worker,https://www.exroid.com
Exscientia AI Limited,Abingdon,Oxfordshire,Worker (A rating),Global Business Mobility: Senior or Specialist Worker,https://investors.exscientia.ai
Exscientia AI Limited,Abingdon,Oxfordshire,Worker (A rating),Skilled Worker,https://investors.exscientia.ai
Extreme Networks UK Technology Limited,Reading,Berkshire,Worker (A rating),Skilled Worker,https://extreme-networks.my.site.com
Evoqua Water Technologies Ltd,Caldicot,Monmouthshire,Worker (A rating),Skilled Worker,https://www.xylem.com
EXUS SOFTWARE LTD,LONDON,,Worker (A rating),Global Business Mobility: Senior or Specialist Worker,https://www.exus.co.uk
Experion Technologies UK Ltd,"Staines-Upon-Thames,",,Worker (A rating),Skilled Worker,https://experionglobal.com
Exponentia.ai Limited,London,,Worker (A rating),Skilled Worker,https://www.signalhire.com
Eyeballs to Data Points Limited,Manchester,,Worker (A rating),Skilled Worker,https://eyeballstodatapoints.com
EZI TECHNOLOGY LIMITED,EAST TILBURY,ESSEX,Worker (A rating),Skilled Worker,https://www.companiesintheuk.co.uk
Exponential Climate Technologies Ltd,London,,Worker (A rating),Skilled Worker,https://www.ukcompanydir.com
Express Delivery Network Ltd,Preston,,Worker (A rating),Skilled Worker,https://www.yunexpress.com
F Network Holdings UK Limited,London,,Worker (A rating),Skilled Worker,https://www.ukcompanydir.com
F Network Holdings UK Limited,London,,Worker (A rating),Global Business Mobility: Senior or Specialist Worker,https://www.companiesintheuk.co.uk
F & W Networks Ltd,London,,Worker (A rating),Skilled Worker,https://fwnetworks.co.uk
F5 Networks Limited,Addlestone,Surrey,Worker (A rating),Skilled Worker,https://www.123-reg.co.uk
Fable Data Ltd,London,,Worker (A rating),Skilled Worker,https://www.fabledata.com
F5 Networks Limited,Addlestone,Surrey,Worker (A rating),Global Business Mobility: Senior or Specialist Worker,https://www.123-reg.co.uk
F8 Networks Limited,Bedford,,Worker (A rating),Skilled Worker,https://www.123-reg.co.uk
Fairport Engineering Limited t/a Fairport Tunnelling Technologies,Chorley,Lancashire,Worker (A rating),Skilled Worker,https://www.fairport.co.uk
Facit Data Systems,Milton Keynes,,Worker (A rating),Skilled Worker,https://facit.ai
Fareye Technologies Pvt Ltd,Milton Keynes,,Worker (A rating),Skilled Worker,https://fareye.com
Farad.ai,Oxford,United Kingdom,Worker (A rating),Skilled Worker,https://tracxn.com
Facultatieve Technologies Limited,Leeds,West Yorkshire,Worker (A rating),Skilled Worker,https://www.facultatieve-technologies.com
EXUS SOFTWARE LTD,LONDON,,Worker (A rating),Skilled Worker,https://www.exus.co.uk
Extreme Networks UK Technology Limited,Reading,Berkshire,Worker (A rating),Global Business Mobility: Senior or Specialist Worker,https://uk.globaldatabase.com
FAULTFIXERS TECHNOLOGIES LIMITED,WINCHESTER,HAMPSHIRE,Worker (A rating),Skilled Worker,https://www.faultfixers.com
FD Technologies Plc,Newry,Co.Down,Worker (A rating),Global Business Mobility: Senior or Specialist Worker,https://www.newsletter.co.uk
FD Technologies Plc,Newry,Co.Down,Worker (A rating),Skilled Worker,https://fdtechnologies.com
Federated Financial Technology Limited,London,England,Worker (A rating),Skilled Worker,https://www.federatedfinancial.com
Fermentation Technologies Ltd,Oxford,,Worker (A rating),Skilled Worker,https://www.datocapital.uk
Fentics Technology Limited,London,,Worker (A rating),Skilled Worker,https://informaconnect.com
Fern Computer Services Limited,Belfast,Antrim,Worker (A rating),Skilled Worker,https://www.fernsoftware.com
FiberLean Technologies Limited,Par,Cornwall,Worker (A rating),Skilled Worker,https://fiberlean.com
Fibretrace Technologies Limited,London,,Worker (A rating),Skilled Worker,https://www.fibretrace.io
Fibretrace Technologies Limited,London,,Worker (A rating),Global Business Mobility: Senior or Specialist Worker,https://www.fibretrace.io
Fibrus Networks Ltd.,Belfast,Antrim,Worker (A rating),Skilled Worker,https://fibrus.com
FAIRSHOT AI LTD,London,,Worker (A rating),Skilled Worker,https://fairshot.tech
Fat Fish Digital Ltd,Dunstable,Bedfordshire,Worker (A rating),Skilled Worker,https://fatfishdigital.co.uk
Farrer Digital Ltd,London,,Worker (A rating),Skilled Worker,https://farrer.digital
Fast Technologies Limited,Chadwell Heath,Essex,Worker (A rating),Skilled Worker,https://fasttechnologies.com
FIFTH ROW TECHNOLOGIES LIMITED,London,,Worker (A rating),Skilled Worker,https://www.fifthrowtech.com
Figured Software UK Limited,London,,Worker (A rating),Global Business Mobility: Senior or Specialist Worker,https://www.figured.com
Figured Software UK Limited,London,,Worker (A rating),Skilled Worker,https://www.figured.com
Fifty Technology Limited,London,,Worker (A rating),Skilled Worker,https://www.make.com
Financial Network Analytics Ltd,London,,Worker (A rating),Skilled Worker,https://www.preqin.com
Financial Data Management Limited,London,,Worker (A rating),Skilled Worker,https://www.bing.com
Financial Recovery Technologies UK Limited,London,,Worker (A rating),Global Business Mobility: Senior or Specialist Worker,https://www.companiesintheuk.co.uk
Financial Recovery Technologies UK Limited,London,,Worker (A rating),Skilled Worker,https://www.bing.com
Fincra Technologies Ltd.,Nuneaton,Warwickshire,Worker (A rating),Global Business Mobility: Senior or Specialist Worker,https://fincra.com
Fibre Technology Limited,"Pinxton, Nottingham.",Nottingham,Temporary Worker (A rating),Global Business Mobility: Graduate Trainee,https://fibretechuk.com
Fincra Technologies Ltd.,Nuneaton,Warwickshire,Worker (A rating),Skilled Worker,https://fincra.com
Finsen Technologies Limited,London,,Worker (A rating),Skilled Worker,https://www.finsentech.com
Finmile AI Limited,London,,Worker (A rating),Skilled Worker,https://finmile.co
"Finster AI, UK",London,,Worker (A rating),Global Business Mobility: Senior or Specialist Worker,https://tracxn.com
Fifth Dimension AI Ltd,London,,Worker (A rating),Skilled Worker,https://www.fifthdimensionai.com
Ficom Networks Ltd,Ringwood,Hampshire,Worker (A rating),Skilled Worker,https://www.signalhire.com
Fiorano Software Ltd.,London,,Worker (A rating),Global Business Mobility: Senior or Specialist Worker,https://www.fiorano.com
Fintech Digital Solutions Ltd,London,,Worker (A rating),Skilled Worker,https://www.fintech-digital.co.uk
FireAngel Safety Technology Limited,Coventry,West Midlands,Worker (A rating),Skilled Worker,https://www.fireangel.co.uk
Fike Safety Technology Ltd.,Gwent,,Worker (A rating),Skilled Worker,http://fikesafetytechnology.co.uk
Fireant Networks Limited,Harlow,Essex,Worker (A rating),Skilled Worker,https://fireantnetworks.co.uk
Firefish Software,Glasgow,,Worker (A rating),Skilled Worker,https://www.firefishsoftware.com
Finbourne Technology Limited,London,,Worker (A rating),Skilled Worker,https://www.finbourne.com
First Network Limited,Northolt,Middlesex,Worker (A rating),Skilled Worker,https://shokz.com
FIVE AI Limited,Cambridge,,Worker (A rating),Skilled Worker,https://www.youtube.com
"Finster AI, UK",London,,Worker (A rating),Skilled Worker,https://tracxn.com
FINTECHOS TECHNOLOGY UK LTD,London,,Worker (A rating),Skilled Worker,https://fintechos.com
Fire Suppression Technology Ltd,WOKING,Surrey,Worker (A rating),Skilled Worker,https://sea-fire.co.uk
FlexEnable Technology Ltd,Cambridge,,Worker (A rating),Skilled Worker,https://www.flexenable.com
Flexera Software Limited,Risley,Warrington,Worker (A rating),Skilled Worker,https://www.flexera.com
Firefinch Software Ltd,Edinburgh,Scotland,Worker (A rating),Skilled Worker,https://firefinch.io
Flexible Technology Solutions UK Ltd,Beaconsfield,Buckinghamshire,Worker (A rating),Skilled Worker,https://www.hicx.com
Flight Data Systems Limited,West Drayton,,Worker (A rating),Skilled Worker,https://www.flightradar24.com
First Technology Holdings Ltd,Reading,berkshire,Worker (A rating),Skilled Worker,https://www.first-technology.co.uk
floe technology limited,newcastle upon tyne,,Worker (A rating),Skilled Worker,https://floetech.com
Flint UK Technology Services Ltd,Watford,Hertfordshire,Worker (A rating),Skilled Worker,https://flint-ts.com
Flutter Labs AI Ltd,London,England,Worker (A rating),Skilled Worker,https://flutterlabapps.com
Floreon Technology Ltd,Hessle,,Worker (A rating),Skilled Worker,https://www.floreon.com
Flag Telecom UK Limited,London,,Worker (A rating),Skilled Worker,https://bgp.tools
FMC Technologies Ltd,Dunfermline,,Worker (A rating),Global Business Mobility: Senior or Specialist Worker,https://www.fmc.com
FMC Technologies Ltd,Dunfermline,,Temporary Worker (A rating),Global Business Mobility: Graduate Trainee,https://fmctechnologies.co.uk
Flagship Technologies ltd,Heathrow,,Worker (A rating),Skilled Worker,https://store.flagshiptech.com
FOCUS CLOUD LIMITED,East Sussex,England,Worker (A rating),Skilled Worker,https://talents.studysmarter.co.uk
Folio Technologies Ltd,London,,Worker (A rating),Skilled Worker,https://www.securityinformed.com
Folio3 Software UK,Woking,Surrey,Worker (A rating),Global Business Mobility: Senior or Specialist Worker,https://folio3.com
Flexera Software Limited,Risley,Warrington,Worker (A rating),Global Business Mobility: Senior or Specialist Worker,https://www.flexera.com
Fonoa Technologies UK Ltd,London,,Worker (A rating),Skilled Worker,https://www.fonoa.com
FLIPPER TECHNOLOGIES LTD,London,England,Worker (A rating),Skilled Worker,https://flippertech.co.uk
Football 1x2 Ltd. (T/A 1X2 Network Ltd.),"Shenfield, Brentwood",Essex,Worker (A rating),Skilled Worker,https://playfootball.games
Foragers AI Limited,London,,Worker (A rating),Skilled Worker,https://foragers.uk
Forecast Technologies limited,London,,Worker (A rating),Skilled Worker,https://weather.com
FMC Technologies Ltd,Dunfermline,,Worker (A rating),Skilled Worker,https://companylist.org
Foreks Financial Technologies Ltd,London,,Worker (A rating),Skilled Worker,https://www.foreks.com
FORESCOUT TECHNOLOGIES UK LTD,London,,Worker (A rating),Global Business Mobility: Senior or Specialist Worker,https://www.investing.com
Folio3 Software UK,Woking,Surrey,Temporary Worker (A rating),Global Business Mobility: Graduate Trainee,https://folio3.com
Fonoa Technologies UK Ltd,London,,Worker (A rating),Global Business Mobility: Senior or Specialist Worker,https://www.fonoa.com
Folio3 Software UK,Woking,Surrey,Worker (A rating),Skilled Worker,https://folio3.com
Foretell Digital Limited,Chelmsford,Essex,Worker (A rating),Skilled Worker,https://foretelldigital.com
Foresight Data Machines Ltd,London,,Worker (A rating),Skilled Worker,https://www.foresightdatamachines.com
Forge Software Inc Limited,London,,Worker (A rating),Skilled Worker,https://www.forgesoft.co
FORMAL TECHNOLOGY LIMITED,Bradwell,,Worker (A rating),Skilled Worker,https://formaltechnology.com
Food Cloud Limited T/A Tikka Nation,Dorking,Surrey,Worker (A rating),Skilled Worker,https://tikkanation.com
Fortune Technology Ltd,Glasgow,,Worker (A rating),Skilled Worker,https://www.fortunetechnology.com
FORESCOUT TECHNOLOGIES UK LTD,London,,Worker (A rating),Skilled Worker,https://www.youtube.com
Fountainhead software ltd,Bristol,,Worker (A rating),Skilled Worker,https://fountainhead.chasesoftware.co.za
Form3 Technology Limited,London,,Worker (A rating),Skilled Worker,https://bigtree-tech.com
FPT Software United Kingdom Ltd.,London,,Worker (A rating),Skilled Worker,https://fptsoftware.com
Forrit Technology Limited,Edinburgh,,Worker (A rating),Skilled Worker,https://forrit.com
Fortress Technology (Europe) Limited,Banbury,Oxfordshire,Worker (A rating),Skilled Worker,https://www.industrialtechnology.co.uk
FRESH GRAVITY SOFTWARE SERVICES UK LTD,London,,Worker (A rating),Global Business Mobility: Senior or Specialist Worker,https://www.freshgravity.com
FRESHWORKS TECHNOLOGIES UK LIMITED,London,,Worker (A rating),Global Business Mobility: Senior or Specialist Worker,https://www.freshworks.com
Forum Energy Technologies (UK) Limited,Westhill,Aberdeenshire,Worker (A rating),Skilled Worker,https://panjiva.com
Freudenberg Filtration Technologies UK Ltd,Crewe,Cheshire,Worker (A rating),Global Business Mobility: Senior or Specialist Worker,https://uk.freudenberg-filter.com
Fostro Technologies Ltd,Feltham,,Worker (A rating),Skilled Worker,https://fostro.co.uk
Freudenberg Sealing Technologies Ltd,North Shields,Tyne & Wear,Worker (A rating),Global Business Mobility: Senior or Specialist Worker,https://www.freudenberg.com
Freudenberg Sealing Technologies Ltd,North Shields,Tyne & Wear,Worker (A rating),Skilled Worker,https://www.freudenberg.com
Freudenberg Filtration Technologies UK Ltd,Crewe,Cheshire,Worker (A rating),Skilled Worker,https://uk.freudenberg-filter.com
Freudenberg Flow Technologies Limited,Port Talbot,,Worker (A rating),Skilled Worker,https://www.freudenberg.com
FRICTIONLESS TECHNOLOGIES LTD,London,,Worker (A rating),Skilled Worker,https://licensed-sponsors-uk.com
FPT Software United Kingdom Ltd.,London,,Worker (A rating),Global Business Mobility: Senior or Specialist Worker,https://fptsoftware.com
FRESH GRAVITY SOFTWARE SERVICES UK LTD,London,,Worker (A rating),Skilled Worker,https://www.freshgravity.com
FRESHWORKS TECHNOLOGIES UK LIMITED,London,,Worker (A rating),Skilled Worker,https://www.freshworks.com
FRUITFUL SOFTWARE LIMITED,London,,Worker (A rating),Skilled Worker,https://www.fruitful.com
FT Technologies (UK) Ltd,Sunbury-on-Thames,,Worker (A rating),Skilled Worker,https://www.salezshark.com
Fuel Additive Science Technologies Ltd,Shrewsbury,Shropshire,Worker (A rating),Skilled Worker,https://www.bcu.ac.uk
Frischmann Process Technology Limited,London,,Worker (A rating),Skilled Worker,https://pellfrischmann.com
Frontier AI Ltd,London,,Worker (A rating),Skilled Worker,https://faculty.ai
FULCRUM DIGITAL (UK) LIMITED,London,,Worker (A rating),Skilled Worker,https://fulcrumdigital-com.nproxy.org
Fulcrum Global Technologies UK Limited,London,,Worker (A rating),Global Business Mobility: Senior or Specialist Worker,https://fulcrumgt.com
Frontier Computer Corp Limited,Maidstone,Kent,Worker (A rating),Skilled Worker,https://frontiercomputercorp.com
Fusion Health Technology Solutions UK Ltd,London,,Worker (A rating),Global Business Mobility: Senior or Specialist Worker,https://fusionhealthtech.shop
Fusion Health Technology Solutions UK Ltd,London,,Worker (A rating),Skilled Worker,https://fusion-consulting.com
FRONTIER SPACE TECHNOLOGIES LTD,Nottingham,,Worker (A rating),Skilled Worker,https://www.frontier-space.co.uk
FusionAIx Technologies Limited,London,Greater London,Worker (A rating),Skilled Worker,https://www.fusionaix.com
FusionAIx Technologies Limited,London,Greater London,Worker (A rating),Global Business Mobility: Senior or Specialist Worker,https://www.fusionaix.com
FRONTLINE TECHNOLOGY SERVICES UK LIMITED,Belfast,,Worker (A rating),Skilled Worker,https://frontlineone.com
FULCRUM DIGITAL (UK) LIMITED,London,,Worker (A rating),Global Business Mobility: Senior or Specialist Worker,https://fulcrumdigital.com
Funfair Technologies Limited,London,,Worker (A rating),Skilled Worker,https://craft.co
Fulcrum Global Technologies UK Limited,London,,Worker (A rating),Skilled Worker,https://fulcrumdigital.com
Futuristic Technologies Ltd,Hounslow,Middlesex,Worker (A rating),Skilled Worker,https://www.futuristictechnologies.co.uk
Future Intelligence Technology Solutions Limited,Reading,Berkshire,Worker (A rating),Skilled Worker,https://www.imasfs.com
Fusionride Technology (UK) Limited,London,,Worker (A rating),Skilled Worker,
Futuristic Technology Limited,London,,Worker (A rating),Skilled Worker,https://www.futuristictechnologies.co.uk
Future Technology Group Ltd,Chatteris,Cambridgeshire,Worker (A rating),Skilled Worker,
Futuristic Technologies Ltd,Hounslow,Middlesex,Worker (A rating),Scale-up,https://www.futuristictechnologies.co.uk
FZ SOFTWARE SOLUTIONS LIMITED,Ilford,Essex,Worker (A rating),Skilled Worker,https://fzsoftware.co.uk
FX Digital Ltd,London,,Worker (A rating),Skilled Worker,
Fyber Digital UK Ltd,London,,Worker (A rating),Skilled Worker,https://fyberdigital.com
Fyber Digital UK Ltd,London,,Worker (A rating),Global Business Mobility: Senior or Specialist Worker,
G K TELECOM LTD,SLOUGH,BERKSHIRE,Worker (A rating),Skilled Worker,https://gktelecom.com
G2O Water Technologies Ltd,Manchester,,Worker (A rating),Skilled Worker,https://g2owatertech.com
FYRE DIGITAL LTD T/A YUZE,Darlington,Durham,Worker (A rating),Skilled Worker,
Gaea AI Limited,London,,Worker (A rating),Skilled Worker,https://gaealgm.ai
Gameplan Technology Limited,London,,Worker (A rating),Skilled Worker,https://gameplan.com
Fyxer AI Limited,London,England,Worker (A rating),Skilled Worker,https://www.fyxer.ai
Gaming Technology Solutions Ltd (Trading as GTS Ltd),London,,Worker (A rating),Skilled Worker,https://www.igamingsuppliers.com
Gardenia Technologies Ltd,London,London,Worker (A rating),Skilled Worker,https://www.gardeniatech.com
G2 Digital Video Limited,Alton,Hampshire,Worker (A rating),Skilled Worker,https://g2digital.co.uk
Garrison Technology Ltd,London,,Worker (A rating),Scale-up,https://www.garrison.com
Gate Technology Systems Ltd,Hove,,Worker (A rating),Skilled Worker,https://gatetechnology.co.uk
Galaxy Digital UK Limited,London,,Worker (A rating),Skilled Worker,https://www.galaxy.com
Galaxy Digital UK Limited,London,,Worker (A rating),Global Business Mobility: Senior or Specialist Worker,https://www.galaxy.com
Gaming Technology Solutions Ltd (Trading as GTS Ltd),London,,Worker (A rating),Global Business Mobility: Senior or Specialist Worker,
Gamma Telecom Holdings Limited,London,,Worker (A rating),Skilled Worker,
GBA Technologies Ltd,Grimsby,North East Lincolnshire,Worker (A rating),Skilled Worker,https://www.gbagroup.com
GBBC Digital Finance Limited,London,,Worker (A rating),Skilled Worker,https://www.gdf.io
Garrison Technology Ltd,London,,Worker (A rating),Skilled Worker,https://www.garrison.com
Gateview Technologies Limiited,Leeds,,Worker (A rating),Skilled Worker,
Gateway Digital UK Limited,Hook,United Kingdom,Worker (A rating),Skilled Worker,
GCI Network Solutions Limited,Wakefield,,Worker (A rating),Skilled Worker,https://www.nasstar.com
GB Infotech Retail Ventures Limited,"Nottingham,",,Worker (A rating),Skilled Worker,
GCP Applied Technologies (UK) Limited,Slough,Berkshire,Worker (A rating),Global Business Mobility: Senior or Specialist Worker,https://gcpat.uk
GCP Applied Technologies (UK) Limited,Slough,Berkshire,Worker (A rating),Skilled Worker,https://gcpat.uk
Gateway Digital UK Limited,Hook,United Kingdom,Worker (A rating),Global Business Mobility: Senior or Specialist Worker,
GEM Data Group UK Limited,London,,Worker (A rating),Skilled Worker,https://open.endole.co.uk
GBR Technology Limited,"Silchester, Reading",Berkshire,Worker (A rating),Skilled Worker,https://www.gbrtech.co.uk
GBTEC Software UK Ltd,London,,Worker (A rating),Skilled Worker,
GENASYS TECHNOLOGIES UK LTD,London,,Worker (A rating),Skilled Worker,https://www.genasystech.com
GCL Building Technologies Ltd,Tunbridge Wells,Kent,Worker (A rating),Skilled Worker,https://gcl.uk.com
GDG TECHNOLOGIES LTD,London,,Worker (A rating),Skilled Worker,https://gdgtechnologies.co.uk
GDK Software Ltd,Orpington,,Worker (A rating),Skilled Worker,
Gemraj Technologies Ltd.,Rayleigh,Essex,Worker (A rating),Skilled Worker,https://new.dev.gemrajtechs.com
Genesis Global Technology Limited.,London,,Worker (A rating),Skilled Worker,https://genesis.global
Gen AI ML Ltd,London,,Worker (A rating),Skilled Worker,https://www.gen-ai.com
Genesis Technology Services Limited,Peterborough,Cambridgeshire,Worker (A rating),Skilled Worker,https://genesis-tec.com
Generative Finance Technologies Limited,London,London,Worker (A rating),Skilled Worker,https://www.bing.com
Generis Enterprise Technology Limited,London,,Worker (A rating),Skilled Worker,https://generis.technology
Genesis Cloud Technologies Limited,Southall,,Worker (A rating),Skilled Worker,https://www.genesis.ai
Genie AI Limited,London,,Worker (A rating),Skilled Worker,https://www.genieai.co
GEOFF HALL DIGITAL PRINT LTD T/A Ghdigitalprint.com,glasgow,lanarkshire,Worker (A rating),Skilled Worker,https://ghdigitalprint.com
Genisys Software Ltd,London,,Worker (A rating),Skilled Worker,https://www.genisystech.co.uk
Genie Technology Limited,London,London,Worker (A rating),Skilled Worker,https://www.dnb.com
Genisys Software Ltd,London,,Worker (A rating),Global Business Mobility: Senior or Specialist Worker,https://www.genisystech.co.uk
Germains Seed Technology (a division of ABF Grain Products Limited),London,,Worker (A rating),Skilled Worker,https://germains.com
Genius Software Solutions Limited,Glasgow,,Worker (A rating),Skilled Worker,
Genuine Technologies Ltd t/a TruthEngine,Esher,,Worker (A rating),Skilled Worker,
Germains Seed Technology (a division of ABF Grain Products Limited),London,,Worker (A rating),Global Business Mobility: Senior or Specialist Worker,https://germains.com
Gerent Technologies Limited,Hatfield,,Worker (A rating),Skilled Worker,https://www.gerenttech.co.uk
Geordie AI Ltd,London,London,Worker (A rating),Skilled Worker,
GfK Retail and Technology UK Limited,London,,Worker (A rating),Global Business Mobility: Senior or Specialist Worker,
GILBRALTAR Technologies limited,Reading,,Worker (A rating),Skilled Worker,https://gilbraltartechnologies.co.uk
GfK Retail and Technology UK Limited,London,,Worker (A rating),Skilled Worker,
Giacom (Cloud) Limited,Hull,,Worker (A rating),Skilled Worker,
GIOS Technology Limited,Harrow,,Worker (A rating),Skilled Worker,https://www.giostechnology.com
Giesecke+Devrient Currency Technology GB Ltd,Milton Keynes,,Worker (A rating),Global Business Mobility: Senior or Specialist Worker,https://www.bing.com
Giesecke+Devrient Currency Technology GB Ltd,Milton Keynes,,Worker (A rating),Skilled Worker,https://www.gi-de.com
GIFT SUPPORT NETWORK,"LONDON,",Lambeth,Temporary Worker (A rating),Charity Worker,
GITHUB SOFTWARE UK LTD,Motherwell,North Lanarkshire,Worker (A rating),Skilled Worker,https://github.com
GKIM Digital Ltd,Impington,,Worker (A rating),Skilled Worker,https://gkim.digital
GKN Aerospace Services - Engineering and Technology,Bristol,,Worker (A rating),Global Business Mobility: Senior or Specialist Worker,https://www.gknaerospace.com
Ginger Digital Ltd,Hungerford,,Worker (A rating),Skilled Worker,
Ginza Technologies Ltd,Solihull,West Midlands,Worker (A rating),Skilled Worker,
GITHUB SOFTWARE UK LTD,Motherwell,North Lanarkshire,Worker (A rating),Global Business Mobility: Senior or Specialist Worker,https://github.com
Girling & Company Software Limited,Bury St Edmunds,Suffolk,Worker (A rating),Skilled Worker,
Glassbox Digital UK Ltd,NORWICH,,Worker (A rating),Skilled Worker,https://www.glassbox.com
GivEnergy Software Ltd,Newcastle-under-Lyme,Staffordshire,Worker (A rating),Skilled Worker,https://givenergy.com
GKN Aerospace Services - Engineering and Technology,Bristol,,Worker (A rating),Skilled Worker,https://www.gknaerospace.com
Glassbox Digital UK Ltd,NORWICH,,Worker (A rating),Global Business Mobility: Senior or Specialist Worker,https://www.glassbox.com
Glamorous AI Limited,Altrincham,Cheshire,Worker (A rating),Skilled Worker,https://glamorousai.com
GLOBAL COMPUTER SPECIALISTS LTD,Woodford Green,Essex,Worker (A rating),Skilled Worker,https://globalcomputerspecialists.com
Global Compact Network UK,London,,Worker (A rating),Skilled Worker,https://www.unglobalcompact.org.uk
Globacap Technology Limited,London,Great London,Worker (A rating),Skilled Worker,https://globacap.com
Global Family Care Network (SCIO),Falkirk,,Temporary Worker (A rating),Charity Worker,https://www.globalfamily.care
Glo-Networks Limited,Bridgend,,Worker (A rating),Skilled Worker,
Global Family Care Network (SCIO),Falkirk,,Worker (A rating),Skilled Worker,https://www.globalfamily.care
Global Change Data Lab,Oxford,,Worker (A rating),Skilled Worker,
Global Digital Express Limited,LONDON,,Worker (A rating),Skilled Worker,https://www.globaldigitalexpress.com
Global Digital Systems Limited,Hook,Hampshire,Worker (A rating),Skilled Worker,
Global Technologies International Limited,Glasgow,,Worker (A rating),Global Business Mobility: Senior or Specialist Worker,https://uk.globaldatabase.com
Global Legal Action Network,London,,Worker (A rating),Skilled Worker,
GLOBAL NANO NETWORK LIMITED,Coventry,West Midlands,Worker (A rating),Skilled Worker,
Global Network of Sex Work Projects Limited (NSWP),Edinburgh,,Worker (A rating),Skilled Worker,
Global Partners Digital,London,,Worker (A rating),Skilled Worker,
Glory Technology Development UK Ltd,London,,Worker (A rating),Global Business Mobility: Senior or Specialist Worker,https://www.glory-global.com
Glory Technology Development UK Ltd,London,,Worker (A rating),Skilled Worker,https://www.glory-global.com
Global Reach Technology EMEA Ltd,London,,Worker (A rating),Skilled Worker,
GMK Software Solutions Limited,Aylesbury,,Worker (A rating),Skilled Worker,https://gmksoftwaresolutions.co.uk
Global Technologies International Limited,Glasgow,,Worker (A rating),Skilled Worker,
Global Technology Ltd,Warrington,Cheshire,Worker (A rating),Skilled Worker,
Globe Technologies Uk Ltd,Coleshill,Birmingham,Worker (A rating),Skilled Worker,https://www.globetech.com
Global Telecom Networks Ltd,Milton Keynes,,Worker (A rating),Skilled Worker,
GO FIT LIFE SCIENCE AND TECHNOLOGY UK LIMITED,LONDON,,Worker (A rating),Skilled Worker,https://go-fituk.com
GOMMYR POWER NETWORKS LTD,Helston,Cornwall,Worker (A rating),Skilled Worker,https://gommyr.com
Glyphic AI Limited,Sevenoaks,Kent,Worker (A rating),Skilled Worker,
Golden Data Limited,Ardwick,Manchester,Worker (A rating),Skilled Worker,https://www.goldendata.co.uk
Godel Technologies Europe Ltd,Manchester,Greater Manchester,Worker (A rating),Skilled Worker,
Godel Technologies Europe Ltd,Manchester,Greater Manchester,Worker (A rating),Global Business Mobility: Senior or Specialist Worker,
Goldtakas Technologies Limited,London,,Worker (A rating),Skilled Worker,
GOODMAYSYS SOFTWARE TECHNOLOGIES LIMITED,Ilford,,Worker (A rating),Skilled Worker,https://www.bing.com
GOOD LAW SOFTWARE LTD,London,,Worker (A rating),Skilled Worker,https://goodlawsoftware.co.uk
Goodboy Digital Limited,London,,Worker (A rating),Skilled Worker,https://www.goodboydigital.com
Gordon Murray Technologies Limited,Shalford,,Worker (A rating),Skilled Worker,https://www.gordonmurraygroup.com
Goodfire AI UK Limited,London,,Worker (A rating),Skilled Worker,
Gooding & Co Ltd t/a Data Privacy Advisory Service,Exeter,,Worker (A rating),Skilled Worker,
GOODMAYSYS SOFTWARE TECHNOLOGIES LIMITED,Ilford,,Worker (A rating),Global Business Mobility: Senior or Specialist Worker,
GOODS & SERVICES TECHNOLOGY LIMITED,LONDON,,Worker (A rating),Skilled Worker,
GoTo Technologies UK Limited,London,,Worker (A rating),Skilled Worker,
GOT Technologies (UK) Ltd,London,,Worker (A rating),Skilled Worker,
GRAPHY TECHNOLOGIES LTD,London,,Worker (A rating),Skilled Worker,https://graphy.app
GPC Computer Software Ltd,Manchester,,Worker (A rating),Skilled Worker,
GoTo Technologies UK Limited,London,,Worker (A rating),Global Business Mobility: Senior or Specialist Worker,
GR Digital Ltd T/A Zygo Media,Swansea,,Worker (A rating),Skilled Worker,
Great IT Co Ltd / TA Cirrus Technology Solutions,Chester,Cheshire,Worker (A rating),Skilled Worker,https://cirrustechnologysolutions.co.uk
GRDJ Technology Ltd,Ashurstwood,West Sussex,Worker (A rating),Skilled Worker,https://www.grdjtechnology.co.uk
Greater Peterborough Network,Peterborough,Cambridgeshire,Worker (A rating),Skilled Worker,https://www.greaterpeterboroughgps.nhs.uk
Graphite Digital Ltd,Brighton,East Sussex,Worker (A rating),Skilled Worker,
Green Technologies Limited t/a AA Labels,Peterborough,,Worker (A rating),Skilled Worker,https://www.aalabels.com
Grasp Technologies Limited,London,,Worker (A rating),Skilled Worker,
GreenScale Data Centres Limited,London,,Worker (A rating),Skilled Worker,https://greenscaledc.com
Gravity Data Ltd,London,,Worker (A rating),Skilled Worker,
GREEN CODE TECHNOLOGIES LIMITED,ENGLAND,UNITED KINGDOM,Worker (UK Expansion Worker: Provisional ),Global Business Mobility: UK Expansion Worker,
Green Soft Technologies LTD,London,,Worker (A rating),Skilled Worker,
Greenback Recycling Technologies,London,,Worker (A rating),Skilled Worker,
Greenware Technologies UK Ltd,Brentford,England,Worker (A rating),Skilled Worker,https://greenware-tech.com
Greenowl AI Ltd,Rochdale,Manchester,Worker (A rating),Skilled Worker,https://greenowl.ai
GreenScale Data Centres Limited,London,,Worker (A rating),Global Business Mobility: Senior or Specialist Worker,https://greenscaledc.com
Greenstar Technology Limited,Harrow,,Worker (A rating),Skilled Worker,
GRIP Technologies Limited,Surrey,,Worker (A rating),Skilled Worker,https://griptechnologies.co.uk
Gresham Technologies (Solutions) Limited,London,,Worker (A rating),Skilled Worker,https://www.greshamtech.com
Gresham Technologies plc,Southampton,Hampshire,Worker (A rating),Skilled Worker,
Growatt New Energy Technology Limited,Ilford,,Worker (A rating),Skilled Worker,https://en.growatt.com
Grey Technology Limited (Gtech),Worcester,,Worker (A rating),Skilled Worker,
GreyMatters Technologies LTD,Bristol,,Worker (A rating),Skilled Worker,
Grit Digital Ltd,Norwich,Norfolk,Worker (A rating),Skilled Worker,https://thegritdigital.com
Ground Control Technologies UK Ltd,Churcham,Gloucestershire,Worker (A rating),Skilled Worker,
Growth Technologies Limited,"London,",,Worker (A rating),Skilled Worker,https://www.growthtechnology.com
GrowthPoint Technology Partners UK Ltd,London,London,Worker (A rating),Global Business Mobility: Senior or Specialist Worker,https://growthpoint.com
GT Wings t/a GT Green Technologies Limited,Liverpool,,Worker (A rating),Skilled Worker,https://gtwings.com
GS INNOVATIVE TECHNOLOGY LTD,Dagenham,,Worker (A rating),Skilled Worker,
Grunt Software Ltd,Norwich,,Worker (A rating),Skilled Worker,
GSC Technologies Limited,Dartford,,Worker (A rating),Skilled Worker,https://gsc-technologies.com
GSR Technology Europe Ltd.,Bracknell,Berkshire,Worker (A rating),Skilled Worker,
GTN Market Data Services Ltd,London,,Worker (A rating),Skilled Worker,https://gtngroup.com
Guidance Technologies Limited,London,,Worker (A rating),Skilled Worker,https://guidance-technology.com
GUHA INFOTECH LTD,London,,Worker (A rating),Skilled Worker,https://guhainfotech.com
Guided Technology Ltd t/a Go2Guide,Harrogate,,Worker (A rating),Skilled Worker,https://www.go2guide.co.uk
GVS Filter Technology UK Ltd,Lancaster,Lancashire,Worker (A rating),Skilled Worker,https://www.bing.com
Guidewire Software (UK) Limited,London,,Worker (A rating),Global Business Mobility: Senior or Specialist Worker,https://www.guidewire.com
GX2 Technology Group Ltd,BURNTWOOD,Staffordshire,Worker (A rating),Skilled Worker,https://efinder.uk
GWP Software Solutions Limited t/a FormusPro,Hereford,Herefordshire,Worker (A rating),Skilled Worker,https://www.formuspro.com
Guidewire Software (UK) Limited,London,,Worker (A rating),Skilled Worker,
HALLEYIN SOFTWARE CONSULTANCY LTD,"Holborn, London",,Worker (A rating),Skilled Worker,https://halleyin.com
Gyro Technologies Ltd,Tewkesbury,Gloucestershire,Worker (A rating),Skilled Worker,
H. AI Technology Limited,London,,Worker (A rating),Skilled Worker,https://www.genpact.com
Haes Technologies Ltd,West Drayton,Middlesex,Worker (A rating),Skilled Worker,https://haes-tech.com
Haefele Software Ltd,London,,Worker (A rating),Skilled Worker,https://www.haefelesoftware.com
Haefele Software Limited,London,,Worker (A rating),Skilled Worker,
Hambrand Technology Limited,"Bedford,",,Worker (A rating),Skilled Worker,http://www.checkcompany.co.uk
Hamillroad Software Limited,Cambridge,,Worker (A rating),Skilled Worker,https://hamillroad.com
Hammertech Software UK Ltd,London,,Worker (A rating),Global Business Mobility: UK Expansion Worker,
HAMPTON DATA SERVICES LTD,CHESSINGTON,SURREY,Worker (A rating),Skilled Worker,
Happening Technology Ltd,London,,Worker (A rating),Skilled Worker,https://www.happening.xyz
HANOTO TECHNOLOGY LTD,Barcombe,,Worker (A rating),Skilled Worker,
Handle Technologies Ltd,London,London,Worker (A rating),Skilled Worker,
Hansen Technologies CDE Limited,London,,Worker (A rating),Global Business Mobility: Senior or Specialist Worker,
Hansen Technologies CDE Limited,London,,Worker (A rating),Skilled Worker,https://www.hansencx.com
Happiest Minds Technologies Pvt Ltd,Reading,Berkshire,Worker (A rating),Skilled Worker,https://www.happiestminds.com
Happiest Minds Technologies Pvt Ltd,Reading,Berkshire,Worker (A rating),Global Business Mobility: Senior or Specialist Worker,
Harasoft Technologies Limited,Milton Keynes,Buckinghamshire,Worker (A rating),Skilled Worker,
Hard Drive Technology Limited,Atherstone,,Worker (A rating),Skilled Worker,
Harlequin Software Ltd,Marlborough,Wiltshire,Worker (A rating),Skilled Worker,
Harri Technologies (UK) Limited,Barnet,Hertfordshire,Worker (A rating),Skilled Worker,https://harri.com
Hay Technology Limited,London,,Worker (A rating),Global Business Mobility: Senior or Specialist Worker,https://www.haystechnology.com
Harsh Software Solutions Limited,Hounslow,,Worker (A rating),Skilled Worker,https://harshsoftwaresolutions.com
Harvest Digital Ltd,London,,Worker (A rating),Skilled Worker,
Harvey AI UK Ltd,Cheltenham,,Worker (A rating),Skilled Worker,https://www.harvey.ai
Hay Technology Limited,London,,Worker (A rating),Skilled Worker,https://www.haystechnology.com
Harvey AI UK Ltd,Cheltenham,,Worker (A rating),Global Business Mobility: Senior or Specialist Worker,
HCL Technologies UK Limited,London,,Worker (A rating),Skilled Worker,https://www.hcltech.com
HCV Network,Oxford,Oxfordshire,Worker (A rating),Skilled Worker,https://www.hcvnetwork.org
Haulmont Technology Limited,London,,Worker (A rating),Skilled Worker,
Hearst Networks UK,London,,Worker (A rating),Skilled Worker,https://www.hearstnetworks.com
Hay Technology Limited,London,,Temporary Worker (A rating),Global Business Mobility: Graduate Trainee,https://www.haystechnology.com
HCL Technologies UK Limited,London,,Worker (A rating),Global Business Mobility: Senior or Specialist Worker,https://www.hcltech.com
Helix Technologies Limited,Abingdon,,Worker (A rating),Skilled Worker,https://helixts.co.uk
Head of Grace Christian Network,North Shields,,Temporary Worker (A rating),Charity Worker,https://www.headofgrace.com
Helpful Technology Limited,London,,Worker (A rating),Skilled Worker,https://helpful.technology
Health Data Insight CIC,Cambridge,,Worker (A rating),Skilled Worker,https://healthdatainsight.org.uk
Hermes Logistics Technologies Ltd,Bracknell,Berkshire,Worker (A rating),Skilled Worker,https://hermes-cargo.com
Heritage Trust Network,Birmingham,,Worker (A rating),Skilled Worker,https://members.heritagetrustnetwork.org.uk
Heating & Oven Technology Limited,Isleworth,Middlesex,Worker (A rating),Skilled Worker,
Hertswel digital ltd,Hertford,Hertfordshire,Worker (A rating),Skilled Worker,https://www.bizdb.co.uk
HEURISTIX DIGITAL TECHNOLOGIES (UK) LIMITED,Ilford,Essex,Worker (A rating),Global Business Mobility: Senior or Specialist Worker,https://heuristix.net
Helios Technology,Farnborough,Hampshire,Worker (A rating),Skilled Worker,https://www.heliostechnologies.com
HEXAWARE TECHNOLOGIES UK LTD,LONDON,,Worker (A rating),Skilled Worker,https://hexaware.com
Hello AI Limited,London,,Worker (A rating),Global Business Mobility: UK Expansion Worker,
Heroes Technology Ltd,London,,Worker (A rating),Skilled Worker,https://makeheroes.co
Het Technologies Ltd.,Harrow,,Worker (A rating),Skilled Worker,https://hettechnologies.co.uk
HEXAWARE TECHNOLOGIES UK LTD,LONDON,,Worker (A rating),Global Business Mobility: Senior or Specialist Worker,
HEURISTIX DIGITAL TECHNOLOGIES (UK) LIMITED,Ilford,Essex,Worker (A rating),Skilled Worker,
HI-TECH TECHNOLOGIES LTD,Worcester,,Worker (A rating),Skilled Worker,
Hicom Technology Limited,"Brookwood, woking",,Worker (A rating),Skilled Worker,http://www.hicomsolution.com
HiETA Technologies Limited,Bristol,,Worker (A rating),Skilled Worker,
High Digital Limited,London,,Worker (A rating),Skilled Worker,
Higher Concept Software Limited,Reading,,Worker (A rating),Skilled Worker,
Higher Concept Software Limited,Reading,,Worker (A rating),Global Business Mobility: Senior or Specialist Worker,
Highlander Computing Solutions Ltd,Sheffield,,Worker (A rating),Skilled Worker,
Hippo Digital Limited,Leeds,,Worker (A rating),Skilled Worker,https://hippodigital.co.uk
Hightest Technology Limited,Hampton,,Worker (A rating),Skilled Worker,
Hillside (Technology) Limited,Stoke-On-Trent,,Worker (A rating),Skilled Worker,
HII-TECH-TECHNOLOGIES LTD,Worcester,,Worker (A rating),Skilled Worker,
Himanyu Technologies Limited,Hemel Hempstead,Hemel Hempstead,Worker (A rating),Skilled Worker,https://www.ukcompanydir.com
Hirehop Software Limited,London,,Worker (A rating),Skilled Worker,https://www.hirehop.co.uk
Hitachi Digital Services UK Limited,London,,Worker (A rating),Global Business Mobility: Senior or Specialist Worker,https://www.hitachids.com
HJS Emission Technology Limited,Swindon,,Worker (A rating),Global Business Mobility: Senior or Specialist Worker,https://hjs-emission.co.uk
Hitachi Digital Services UK Limited,London,,Worker (A rating),Skilled Worker,
Hivebyte Technology Ltd,Manchester,,Worker (A rating),Skilled Worker,https://hivebyte.co.uk
HJS Emission Technology Limited,Swindon,,Worker (A rating),Skilled Worker,https://hjs-emission.co.uk
Homey Technology Ltd,London,,Worker (A rating),Skilled Worker,https://homey.app
"HONOR TECHNOLOGIES (UK) CO., LTD",London,,Worker (A rating),Global Business Mobility: Senior or Specialist Worker,https://www.honor.com
HNS Infotech Limited,Harrow,,Worker (A rating),Skilled Worker,https://www.hnsinfotech.co.uk
HOOK TECHNOLOGY LTD,LONDON,,Worker (A rating),Skilled Worker,https://hook.co
Hope Church Network,Petersfield,Hampshire,Worker (A rating),Tier 2 Ministers of Religion,https://hopechurch.life
Homelink Technologies,Bristol,Stoke Gifford,Worker (A rating),Skilled Worker,
Holistic AI,London,,Worker (A rating),Skilled Worker,
Hometrack Data Systems Limited,London,London,Worker (A rating),Skilled Worker,https://www.hometrack.com
Hosana Technologies Limited,Rugby,,Worker (A rating),Skilled Worker,https://hosanatechnologies.co.uk
Hospitality Software Solutions Limited,Bedford,,Worker (A rating),Skilled Worker,https://www.hospitalitysolutions.group
"HONOR TECHNOLOGIES (UK) CO., LTD",London,,Worker (A rating),Skilled Worker,https://www.honor.com
Hot Pot Digital Limited,London,,Worker (A rating),Skilled Worker,https://www.efinder.uk
Hotel Technology Management (htm) ltd,Milton Keynes,,Worker (A rating),Skilled Worker,https://www.bing.com
HOOFPRINTS TECHNOLOGIES LTD T/A CHETTINAD MESS,Stirling,,Worker (A rating),Skilled Worker,
House-on-the-Hill Software Ltd,Stockport,Greater Manchester,Worker (A rating),Skilled Worker,https://houseonthehill.com
Hopscotch Network UK,London,,Worker (A rating),Global Business Mobility: Senior or Specialist Worker,
HS Printing & Computing Ltd T/A Broadway Printers & Computers,Wallington,Surrey,Worker (A rating),Skilled Worker,https://www.bing.com
Hopscotch Network UK,London,,Worker (A rating),Skilled Worker,
Hoopla Digital Ltd,London,London,Worker (A rating),Skilled Worker,
Hotel Technology Management (htm) ltd,Milton Keynes,Bucks,Worker (A rating),Skilled Worker,https://www.bing.com
Hotel Technology Management (htm) ltd,Milton Keynes,,Worker (A rating),Global Business Mobility: Senior or Specialist Worker,
"Huawei Technologies (UK) Co., Ltd",Reading,Berkshire,Worker (A rating),Global Business Mobility: Senior or Specialist Worker,https://www.huawei.com
HR DIGITAL CONSULTANCY LTD,London,,Worker (A rating),Skilled Worker,https://hrdigitalconsultingltd.com
HT Digital Ltd,London,,Worker (A rating),Skilled Worker,
HT Digital Services Ltd,London,,Worker (A rating),Skilled Worker,
HT SOFTWARE UK LTD,Chadwell Heath,,Worker (A rating),Skilled Worker,
"Huawei Technologies (UK) Co., Ltd",Reading,Berkshire,Worker (A rating),Skilled Worker,https://www.huawei.com
Huawei Technologies Research & Development (UK) Limited,Cambridge,,Worker (A rating),Skilled Worker,https://www.huawei.com
Humaans Software UK Limited,London,,Worker (A rating),Skilled Worker,https://humaans.io
Huawei Technologies Research & Development (UK) Limited,Cambridge,,Worker (A rating),Global Business Mobility: Senior or Specialist Worker,https://www.huawei.com
Hub Platform Technology Partners Ltd,London,,Worker (A rating),Skilled Worker,https://www.dnb.com
Hummingle Technology And Media Private Limited,Stoke-on-trent,Staffordshire,Worker (A rating),Skilled Worker,https://www.hummingle.com
Huble Digital Limited,London,,Worker (A rating),Skilled Worker,https://www.findglocal.com
Hugo Technologies Limited,Bromley,Kent,Worker (A rating),Skilled Worker,https://www.hugotechnology.co.uk
HUP TECHNOLOGY LIMITED,London,,Worker (A rating),Skilled Worker,https://hup-home.co.uk
Hyble Technology Ltd,Edinburgh,,Worker (A rating),Skilled Worker,https://hyble.tech
Hylink (UK) Digital Solution Limited,London,,Worker (A rating),Global Business Mobility: Senior or Specialist Worker,https://hylink.co.uk
Human Digital Twin Limited,London,,Worker (A rating),Skilled Worker,
Humble AI Limited,London,,Worker (A rating),Skilled Worker,https://humbleai.com
I -Exceed Technology Solutions Limited,Halesowen,,Worker (A rating),Skilled Worker,https://innovative-technology.com
Hutchison Technologies Limited,Dundee,,Worker (A rating),Skilled Worker,
HYDAC TECHNOLOGY LIMITED,Witney,Oxfordshire,Worker (A rating),Skilled Worker,
I Solution Technology Ltd,London,,Worker (A rating),Skilled Worker,https://isolution.org
Hydropath Technology Ltd,Nottingham,,Worker (A rating),Skilled Worker,
Hylink (UK) Digital Solution Limited,London,,Worker (A rating),Skilled Worker,
Hyran Technologies Ltd,Cambridge,,Worker (A rating),Skilled Worker,
I -Exceed Technology Solutions Limited,Halesowen,,Worker (A rating),Global Business Mobility: Senior or Specialist Worker,
I-Net Software Solutions,Hounslow,,Worker (A rating),Scale-up,
IAM Technology Group Limited,Huddersfield,,Worker (A rating),Skilled Worker,https://www.iam-tech.co.uk
I-Net Software Solutions,Hounslow,,Worker (A rating),Skilled Worker,
IBASE SOFTWARE SOLUTIONS PVT LIMITED,Cheshire,,Worker (A rating),Skilled Worker,https://www.ibaset.com
IBRAHIM & RAYAN TECHNOLOGIES LTD,Didcot,Oxfordshire,Worker (A rating),Skilled Worker,
IBS Software Europe Ltd,Bracknell,Berkshire,Worker (A rating),Global Business Mobility: Senior or Specialist Worker,
IBS Software Europe Ltd,Bracknell,Berkshire,Worker (A rating),Skilled Worker,https://www.ibsplc.com
ICE Data Services Europe Limited,London,,Worker (A rating),Skilled Worker,https://vista.icedataservices.com
ICE Data Services Europe Limited,London,,Worker (A rating),Global Business Mobility: Senior or Specialist Worker,
IceMOS Technology,Belfast,,Worker (A rating),Skilled Worker,https://www.icemostech.com
ICS.AI Limited,Basingstoke,,Worker (A rating),Skilled Worker,https://www.ics.ai
Iceotope Technologies Limited,Catcliffe,Sheffield,Worker (A rating),Skilled Worker,
Ideal Networks,Brighton,,Worker (A rating),Skilled Worker,https://www.ideal-networks.com
iConnect Digital Solutions Ltd,Northfleet,,Worker (A rating),Skilled Worker,
Icore Digital Ltd,Silsoe,Bedford,Worker (A rating),Skilled Worker,
IDEAL SOLUTIONS MEDIA AND TECHNOLOGY LTD,Leicester,,Worker (A rating),Skilled Worker,https://idealsolutions.uk
IDIADA Automotive Technology UK Ltd,Nuneaton,Warwickshire,Worker (A rating),Global Business Mobility: Senior or Specialist Worker,https://www.applusidiada.com
ID Cyber Solutions Ltd,Glasgow,Glasgow,Worker (A rating),Skilled Worker,https://support.idcyber.co.uk
IDC Technologies (UK) Limited,Middlesex,,Worker (A rating),Skilled Worker,https://idctechnologies.com
IDEABEAN SOFTWARE TECHNOLOGY LTD,keighley,,Worker (A rating),Skilled Worker,http://ideabean.co.uk
IDRAK AI LTD,London,,Worker (A rating),Skilled Worker,https://www.idrak-ai.com
Ieso Digital Health Limited,Cambridge,,Worker (A rating),Global Business Mobility: Senior or Specialist Worker,https://www.iesohealth.com
IDEAL COMPUTING.CO.UK LIMITED,EDINBURGH,,Worker (A rating),Skilled Worker,
IFIX COMPUTING LTD,Letchworth Garden City,Hertfordshire,Worker (A rating),Skilled Worker,https://ifixcomputing.co.uk
IDIADA Automotive Technology UK Ltd,Nuneaton,Warwickshire,Worker (A rating),Skilled Worker,
Idox Software Ltd.,Woking,Surrey,Worker (A rating),Skilled Worker,
Iglu Network Ltd.,London,,Worker (A rating),Skilled Worker,https://iglu.net
IDS TECHNOLOGY LIMITED,London,,Worker (A rating),Skilled Worker,
IDX Technology Europe Ltd,Slough,Berkshire,Worker (A rating),Skilled Worker,
iGrid Technology Consulting Ltd,Glasgow,,Worker (A rating),Skilled Worker,https://www.igrid.technology
Ieso Digital Health Limited,Cambridge,,Worker (A rating),Skilled Worker,
Iglu Network Ltd,London,,Worker (A rating),Skilled Worker,
Iglu Network Ltd.,London,,Worker (A rating),Global Business Mobility: Senior or Specialist Worker,https://iglu.net
IGNITE TECHNOLOGIES INTERNATIONAL LIMITED,London,,Worker (A rating),Skilled Worker,
Ignitho Technologies UK Ltd,Falmer,,Worker (A rating),Skilled Worker,
Ikigai Data Ltd,London,Select One,Worker (A rating),Skilled Worker,https://www.ikigaidata.com
IIT Software Limited,London,,Worker (A rating),Skilled Worker,https://www.iitsoftware.co.uk
Illuminate Digital Limited,London,,Worker (A rating),Skilled Worker,https://illuminatedigital.co.uk
IKIGAI DIGITAL LIMITED,Malmesbury,,Worker (A rating),Skilled Worker,https://www.ikigaidigital.io
Imagination Technologies Limited,Kings Langley,Herts,Worker (A rating),Skilled Worker,https://www.imaginationtech.com
IKNOW TECHNOLOGY UK LTD,London,,Worker (A rating),Skilled Worker,https://www.iknowtechnology.uk
Imagination Technologies Limited,Kings Langley,Herts,Worker (A rating),Global Business Mobility: Senior or Specialist Worker,https://www.imaginationtech.com
Ikonic Technology Ltd,Heywood,Lancashire,Worker (A rating),Skilled Worker,https://ikonic.com
Ilika Technologies Ltd,Romsey,,Worker (A rating),Skilled Worker,
IMD Technologies Ltd,London,Choose County,Temporary Worker (A rating),Global Business Mobility: Graduate Trainee,http://imd-tech.com
IMD Technologies Ltd,London,Choose County,Worker (A rating),Global Business Mobility: Senior or Specialist Worker,http://imd-tech.com
Illustrate Digital LTD,Cardiff,,Worker (A rating),Skilled Worker,https://illustrate.digital
Image Data Systems (UK) Ltd,London,,Worker (A rating),Skilled Worker,https://www.imagedata.co.uk
IMMO Investment Technologies UK Ltd,London,,Worker (A rating),Skilled Worker,https://www.immo.capital
Impact Data Metrics Ltd,Liverpool,,Worker (A rating),Skilled Worker,https://www.impactdatametrics.com
Impact Women Network CIC,Bradford,West Yorkshire,Worker (A rating),Skilled Worker,https://www.impactcic.org.uk
"Imagine Software (UK), Ltd.",London,,Worker (A rating),Global Business Mobility: Senior or Specialist Worker,
"Imagine Software (UK), Ltd.",London,,Worker (A rating),Skilled Worker,
IMD Technologies Ltd,London,Choose County,Worker (A rating),Skilled Worker,
IMMERSIVE CLOUD SOLUTIONS GROUP LIMITED,Windsor,Berkshire,Worker (A rating),Skilled Worker,
Impact Cubed Data Analytics Limited,London,,Worker (A rating),Skilled Worker,
Impala Travel Technology Ltd,London,,Worker (A rating),Skilled Worker,
Imply Data UK Limited,London,,Worker (A rating),Skilled Worker,
IMPERIAL WORLD TECHNOLOGIES LTD T/A PHOTOPLACE,PINNER,,Worker (A rating),Skilled Worker,
Imply Data UK Limited,London,,Worker (A rating),Global Business Mobility: Senior or Specialist Worker,
IMPRESSION DIGITAL LIMITED,NOTTINGHAM,,Worker (A rating),Skilled Worker,
Improvability AI,London,,Worker (A rating),Skilled Worker,
In Digital Ltd,London,,Worker (A rating),Skilled Worker,
In Digital Marketing Limited,London,,Worker (A rating),Skilled Worker,
Incode Technology UK Limited,Nottingham,,Worker (A rating),Skilled Worker,
Indigo Computer Consultancy Limited,London,,Worker (UK Expansion Worker: Provisional ),Global Business Mobility: UK Expansion Worker,https://www.indigo-ltd.com
Incredible Technologies Limited,London,,Worker (A rating),Skilled Worker,
INCTURE TECHNOLOGY LIMITED,Harrow,,Worker (A rating),Global Business Mobility: Senior or Specialist Worker,
INCTURE TECHNOLOGY LIMITED,Harrow,,Worker (A rating),Skilled Worker,
Independent Digital News and Media Limited,London,,Worker (A rating),Skilled Worker,
Independent Technology Systems Limited,Bristol,,Worker (A rating),Global Business Mobility: Senior or Specialist Worker,
Independent Technology Systems Limited,Bristol,,Worker (A rating),Skilled Worker,
Indigo Software Ltd,Durham City,County Durham,Worker (A rating),Skilled Worker,
Indigo Telecom Group Limited,Magor,Monmouthshire,Worker (A rating),Skilled Worker,
INDRA RENEWABLE TECHNOLOGIES LIMITED,Worcestershire,,Worker (A rating),Skilled Worker,
Indus Health Network UK,London,,Worker (A rating),Skilled Worker,
Industrial Technology Systems,Middlesbrough,Teesside,Worker (A rating),Skilled Worker,
Inetum Digital Services UK Limited,London,,Worker (A rating),Skilled Worker,
Infineon Technologies UK Limited,Bristol,,Worker (A rating),Skilled Worker,
Infineon Technologies UK Limited,Bristol,,Worker (A rating),Global Business Mobility: Senior or Specialist Worker,
INFINITE CARE NETWORK LTD,"Hersham,",Surrey,Worker (A rating),Skilled Worker,
INFINITE COMPUTER SOLUTIONS LIMITED,London,,Worker (A rating),Skilled Worker,
INFINITE SOFTWARE SOLUTIONS LTD,Preston,,Worker (A rating),Skilled Worker,
Infinity Technology Solutions,Tunbridge Wells,,Worker (A rating),Skilled Worker,
Influence Digital Limited,London,,Worker (A rating),Skilled Worker,
Influential Software Services Ltd,Maidstone,Kent,Worker (A rating),Skilled Worker,
Infoplus Technologies UK Limited,London,,Worker (A rating),Skilled Worker,
Infoplus Technologies UK Limited,London,,Worker (A rating),Global Business Mobility: Senior or Specialist Worker,
Infopro Digital Services Ltd,London,,Worker (A rating),Skilled Worker,
Informatica Software Ltd,Maidenhead,Berks,Worker (A rating),Skilled Worker,
Informatica Software Ltd,Maidenhead,Berks,Worker (A rating),Global Business Mobility: Senior or Specialist Worker,
Information Technologies Limited,Hitchin,,Worker (A rating),Skilled Worker,
INFOSEC CYBER SECURITY LTD,LONDON,,Worker (A rating),Skilled Worker,
INFOTECH SYSTEM SOLUTIONS LIMITED,Northolt,London,Worker (A rating),Skilled Worker,
INFOTECH WEB TECHNOLOGIES LIMITED,Tyne & Wear,England,Worker (A rating),Skilled Worker,
Infrasoft Technologies Limited,London,,Worker (A rating),Skilled Worker,
Ingenuity Digital Limited,Leeds,,Worker (A rating),Skilled Worker,
Infrasoft Technologies Limited,London,,Worker (A rating),Global Business Mobility: Senior or Specialist Worker,
InHaus.ai Limited,London,,Worker (A rating),Skilled Worker,
INK NETWORKS LIMITED,Farnham,,Worker (A rating),Skilled Worker,
Ink Digital Ltd,Brentwood,Essex,Worker (A rating),Skilled Worker,
Innatus Digital,Taunton,Somerset,Worker (A rating),Skilled Worker,
INNOTECH DIGITAL & DISPLAY LTD,"Bardon,",Leics,Worker (A rating),Skilled Worker,
INNOVA TECHNOLOGY SOLUTIONS UK LIMITED,London,,Worker (A rating),Skilled Worker,
Innovate Automotive Network Limited,Preston,Lancashire,Worker (A rating),Skilled Worker,
Innovation Technology and Business Solutions Limited,London,,Worker (A rating),Global Business Mobility: Senior or Specialist Worker,
Innovation Technology and Business Solutions Limited,London,,Worker (A rating),Skilled Worker,
INNOVATIVE TECHNOLOGY LTD,OLDHAM,LANCASHIRE,Worker (A rating),Skilled Worker,
Innovatus Telecom Services Limited,Wellesbourne,Warwickshire,Worker (A rating),Skilled Worker,
Innovent Technology Limited,Roslin,Midlothian,Worker (A rating),Skilled Worker,
Innovia Technology Ltd,Cambridge,,Worker (A rating),Skilled Worker,
Insider Technologies Limited,Greater Manchester,,Worker (A rating),Skilled Worker,
Insight Technology Ltd,Lonon,,Worker (A rating),Skilled Worker,
Insight Data Analytics Limited,Hatfield,Herts,Worker (A rating),Skilled Worker,
Insightful Technology Limited,London,,Worker (A rating),Skilled Worker,
Inspira Digital Ltd.,Barnstaple,Devon,Worker (A rating),Skilled Worker,
Inspired Homes Network Ltd,Conwy,Conwy,Worker (A rating),Skilled Worker,
Instant Access Technologies,Wokingham,Berkshire,Worker (A rating),Skilled Worker,
Instill AI Ltd,London,,Worker (A rating),Skilled Worker,
Insurance Data Solutions,Chelmsford,Essex,Worker (A rating),Skilled Worker,
InSync Technology Ltd,Petersfield,Hampshire,Worker (A rating),Skilled Worker,
Intact Software (UK) Limited,Hemel Hempstead,Herts,Worker (A rating),Skilled Worker,
INTEGRA SOFTWARE SERVICES PRIVATE LTD,Berkshire,,Worker (A rating),Global Business Mobility: Senior or Specialist Worker,
INTEGRA SOFTWARE SERVICES PRIVATE LTD,Berkshire,,Worker (A rating),Skilled Worker,
Integrated Clinical Oncology Network UK Ltd,Wimbledon,,Worker (A rating),Skilled Worker,
Integrated Clinical Oncology Network UK Ltd,Wimbledon,,Worker (A rating),Global Business Mobility: Senior or Specialist Worker,
Integrated Digital Solutions Limited,Buckinghamshire,,Worker (A rating),Skilled Worker,
Integrated System Technologies Limited,Lichfield,Staffordshire,Worker (A rating),Skilled Worker,
Integrated Technologies Limited,Ashford,Kent,Worker (A rating),Skilled Worker,
Integrated Technology Corporation Ltd,London,,Worker (A rating),Skilled Worker,
Intelance Digital Enablement Services Ltd,Hayes,Greater London,Worker (A rating),Skilled Worker,
Intelliam AI Plc,Sheffield,South Yorkshire,Worker (A rating),Skilled Worker,
Intelligent Data Technologies Limited,Weybridge,Surrey,Worker (A rating),Skilled Worker,
Intellium AI,BRISTOL,Avon,Worker (A rating),Skilled Worker,
Intelys Technology Limited,Windlesham,Surrey,Worker (A rating),Skilled Worker,
Intense Technologies UK Limited,Reading,Berkshire,Worker (A rating),Global Business Mobility: Senior or Specialist Worker,
Intense Technologies UK Limited,Reading,Berkshire,Worker (A rating),Skilled Worker,
INTER TECHNOLOGIES CORPORATION LIMITED,LONDON,,Worker (UK Expansion Worker: Provisional ),Global Business Mobility: UK Expansion Worker,
Interactive Software Ltd,Solihull,,Worker (A rating),Skilled Worker,
Intercom Software UK Limited,London,,Worker (A rating),Skilled Worker,
Interactive Technology Corporation Ltd,Manchester,,Worker (A rating),Skilled Worker,
Interlink Software Services Limited,Wilmslow,,Worker (A rating),Skilled Worker,
Intermedia Technologies Company Ltd,Bristol,,Worker (A rating),Skilled Worker,
Intermedia Technologies Company Ltd,Bristol,,Worker (A rating),Global Business Mobility: Senior or Specialist Worker,
INTERNATIONAL NETWORK FOR TRADITIONAL BUILDING ARCHITECTURE & URBANISM (UK),London,,Worker (A rating),Skilled Worker,
International Corporate Governance Network,London,,Worker (A rating),Skilled Worker,
International Food Technologies Ltd,London,London,Worker (A rating),Skilled Worker,
International Network of People who Use Drugs,London,London,Worker (A rating),Skilled Worker,
Intrinsic Semiconductor Technologies Limited,Brill,Buckinghamshire,Worker (A rating),Skilled Worker,
Intropy AI Ltd,London,,Worker (A rating),Skilled Worker,
Introworld Technology Limited,London,,Worker (A rating),Skilled Worker,
INVEON DIGITAL COMMERCE SOLUTIONS LTD,Buckinghamshire,,Worker (A rating),Skilled Worker,
Inventive Technologies Limited,Basingstoke,Hampshire,Worker (A rating),Skilled Worker,
Investement Software Limited,London,,Worker (A rating),Skilled Worker,
Investis Digital Limited,London,,Worker (A rating),Skilled Worker,
Investis Digital Limited,London,,Worker (A rating),Global Business Mobility: Senior or Specialist Worker,
INVESTOR NETWORKS LTD,London,,Worker (A rating),Skilled Worker,
Invincible Software Holdings Ltd,Abingdon,,Worker (A rating),Skilled Worker,
InVision Software Limited,Leicester,,Worker (A rating),Skilled Worker,
IOKODA TECHNOLOGIES LTD,London,Fitzrovia,Worker (A rating),Skilled Worker,
Ionic Technologies International Limited,Belfast,,Worker (A rating),Global Business Mobility: Senior or Specialist Worker,
Ion Technologies Ltd,Belfast,,Worker (A rating),Skilled Worker,
Ionic Technologies International Limited,Belfast,,Worker (A rating),Skilled Worker,
IOPEX TECHNOLOGIES LTD,LONDON,,Worker (A rating),Skilled Worker,
IOPEX TECHNOLOGIES LTD,LONDON,,Worker (A rating),Global Business Mobility: Senior or Specialist Worker,
IQ Data Group Limited trading as DataIQ,London,,Worker (A rating),Skilled Worker,
IQEQ DIGITAL LTD,Birmingham,,Worker (A rating),Skilled Worker,
iRhythm Technologies Limited,Bagshot,Surrey,Worker (A rating),Skilled Worker,
iRhythm Technologies Limited,Bagshot,Surrey,Worker (A rating),Global Business Mobility: Senior or Specialist Worker,
IRIS Audio Technologies Limited,London,,Worker (A rating),Skilled Worker,
iRiS Software Systems Ltd,London,,Worker (A rating),Skilled Worker,
ISN Software UK Ltd,London,,Worker (A rating),Global Business Mobility: Senior or Specialist Worker,
ISN Software UK Ltd,London,,Worker (A rating),Skilled Worker,
Island Technology (UK) Limited,Reading,,Worker (A rating),Skilled Worker,
Isometrix Software UK Ltd,London,,Worker (A rating),Skilled Worker,
ISUN- IMMIGRATION SUPPORT NETWORK LTD,LONDON,Haringey,Worker (A rating),Skilled Worker,
ISUN- IMMIGRATION SUPPORT NETWORK LTD,LONDON,Haringey,Worker (A rating),Global Business Mobility: Senior or Specialist Worker,
IT Software Consultancy Services Limited.,Reading,,Worker (A rating),Skilled Worker,
IT TECHNOLOGY SOLUTION LTD,Leicester,,Worker (A rating),Skilled Worker,
IT TRANSMUTER CLOUD FORCE LIMITED,Bexleyheath,,Worker (A rating),Skilled Worker,
ITC Infotech Limited,London,,Worker (A rating),Global Business Mobility: Senior or Specialist Worker,
ITC Infotech Limited,London,,Worker (A rating),Skilled Worker,
Itineris Software UK Ltd,Kingston upon Thames,Surrey,Worker (A rating),Skilled Worker,
Itineris Software UK Ltd,Kingston upon Thames,Surrey,Worker (A rating),Global Business Mobility: Senior or Specialist Worker,
ITS Digital Ltd,Hertford,Hertfordshire,Worker (A rating),Skilled Worker,
Ivy Farm Technologies,Oxford,,Worker (A rating),Skilled Worker,
IXICO Technologies Ltd.,London,,Worker (A rating),Skilled Worker,
Iyris Technology Ltd,Port Talbot,,Worker (A rating),Skilled Worker,
J P L FLAVOUR TECHNOLOGIES LIMITED,Neston,,Worker (A rating),Skilled Worker,
J.E.B. Technologies Limited,Suffolk,,Worker (A rating),Skilled Worker,
J2 Design Marketing Digital Ltd,Bushey,Herts,Worker (A rating),Skilled Worker,
J2 Software Limited,Williton,Somerset,Worker (A rating),Skilled Worker,
Jade Software Corporation UK Ltd,Harrogate,North Yorkshire,Worker (A rating),Global Business Mobility: Senior or Specialist Worker,
Jade Software Corporation UK Ltd,Harrogate,North Yorkshire,Worker (A rating),Skilled Worker,
JAI TECHNOLOGIES LTD,READING,BERKSHIRE,Worker (A rating),Skilled Worker,
Jain Network,LONDON,Barnet,Temporary Worker (A rating),Religious Worker,
Jain Network,LONDON,Barnet,Worker (A rating),Tier 2 Ministers of Religion,
Jain Network,LONDON,Barnet,Temporary Worker (A rating),Charity Worker,
Jain Network,LONDON,Barnet,Worker (A rating),Skilled Worker,
JAL RANG DIGITAL PRINTING LTD,LONDON,,Worker (A rating),Skilled Worker,
Jas Live Digital Limited,Coventry,,Worker (A rating),Skilled Worker,
Jc Data Solutions Limited,READING,,Worker (A rating),Skilled Worker,
JDL TECHNOLOGIES LIMITED,Stoke-On-Trent,,Worker (A rating),Skilled Worker,
Jeen AI Technologies UK Ltd,London,,Worker (A rating),Skilled Worker,
Jenesys HQ LTD t/a Jenesys AI,London,,Worker (A rating),Skilled Worker,
Jersey Telecom (UK) Limited,Fareham,Hampshire,Worker (A rating),Skilled Worker,
Jiva.ai Limited,Cardiff,Wales,Worker (A rating),Skilled Worker,
JK Digital Consulting Limited,London,,Worker (A rating),Skilled Worker,
JKA INFOTECH LIMITED,Leeds,,Worker (A rating),Skilled Worker,
JKL Networks Ltd,London,,Worker (A rating),Skilled Worker,
JMS INFOTECH LIMITED,Milton Keynes,,Worker (A rating),Skilled Worker,
Joan Technologies Ltd,Milton Keynes,,Worker (A rating),Skilled Worker,
Job Bank Recruitment Network LTD,Blackburn,,Worker (A rating),Skilled Worker,
John Bean Technologies Limited,Livingston,West Lothian,Worker (A rating),Global Business Mobility: Senior or Specialist Worker,
John Bean Technologies Limited,Livingston,West Lothian,Worker (A rating),Skilled Worker,
Johnson Matthey Davy Technologies Limited,London,,Worker (A rating),Skilled Worker,
Jonas Computing (UK) Limited,Wallingford,,Worker (A rating),Skilled Worker,
Jonas Metals Software Limited,Wallingford,Oxfordshire,Worker (A rating),Skilled Worker,
JOURNEY DIGITAL EMEA LIMITED,London,,Worker (A rating),Skilled Worker,
JULIAND DIGITAL LTD,Manchester,,Worker (A rating),Skilled Worker,
JPL Telecom Limited,"Todber, Sturminster Newton",Dorset,Worker (A rating),Skilled Worker,
Juneja Telecom Limited,Horsham,,Worker (A rating),Skilled Worker,
JUNIOR AI LIMITED,London,,Worker (A rating),Skilled Worker,
Juniper Networks (UK) Limited,Staines,,Worker (A rating),Global Business Mobility: Senior or Specialist Worker,
Juniper Networks (UK) Limited,Staines,,Worker (A rating),Skilled Worker,
Just Digital Ltd,HUNTINGDON,Cambridgeshire,Worker (A rating),Skilled Worker,
Jusan Technologies Ltd,London,,Worker (A rating),Skilled Worker,
Jusan Technologies Ltd,London,,Worker (A rating),Global Business Mobility: Senior or Specialist Worker,
Just Technology Group Ltd,Bury,,Worker (A rating),Skilled Worker,
JV Tec Software Solutions Limited,Ilford,,Worker (A rating),Skilled Worker,
K23 Limited T/A K23.ai,Guildford,,Worker (A rating),Skilled Worker,
K3 Business Technology Group plc,Manchester,,Worker (A rating),Global Business Mobility: Senior or Specialist Worker,
Kaar Technologies UK Limited,Huddersfield,,Worker (A rating),Global Business Mobility: Senior or Specialist Worker,
K3 Business Technology Group plc,Manchester,,Worker (A rating),Skilled Worker,
Kaar Technologies UK Limited,Huddersfield,,Worker (A rating),Skilled Worker,
KADA TECHNOLOGIES US LTD,Slough,,Worker (A rating),Skilled Worker,
KAF Telecom Ltd,Chadwell Heath,Essex,Worker (A rating),Skilled Worker,
KAI Computer Services Ltd,LONDON,,Worker (A rating),Skilled Worker,
Kainos Software Ltd,Belfast,Antrim,Worker (A rating),Skilled Worker,
Kaifa Technology UK Limited,Milton Keynes,Buckinghamshire,Worker (A rating),Skilled Worker,
KAL Software UK,Edinburgh,,Worker (A rating),Global Business Mobility: Senior or Specialist Worker,
KAL Software UK,Edinburgh,,Worker (A rating),Skilled Worker,
Kaldi Financial Technology Ltd,London,,Worker (A rating),Skilled Worker,
Kalibrate Technologies Limited,Manchester,,Worker (A rating),Skilled Worker,
Kamu Technologies Ltd,Birmingham,,Worker (A rating),Skilled Worker,
KARTOA TECHNOLOGIES LTD,Bedford,Bedfordshire,Worker (A rating),Skilled Worker,
KATAM TECHNOLOGIES LTD,MAIDENHEAD,BERKSHIRE,Worker (A rating),Skilled Worker,
KATRYAN TECHNOLOGIES LTD,LONDON,,Worker (A rating),Skilled Worker,
Kayak Software (UK) Limited,London,,Worker (A rating),Global Business Mobility: Senior or Specialist Worker,
Kayak Software (UK) Limited,London,,Worker (A rating),Skilled Worker,
KBC Process Technology Ltd,Walton on Thames,Surrey,Temporary Worker (A rating),Global Business Mobility: Graduate Trainee,
KBC Process Technology Ltd,Walton on Thames,Surrey,Worker (A rating),Skilled Worker,
KBC Process Technology Ltd,Walton on Thames,Surrey,Worker (A rating),Global Business Mobility: Senior or Specialist Worker,
KBC TECHNOLOGIES UK LIMITED,BRENTFORD,,Worker (A rating),Skilled Worker,
KBC TECHNOLOGIES UK LIMITED,BRENTFORD,,Worker (A rating),Global Business Mobility: UK Expansion Worker,
KBS TECHNOLOGIES LTD,Birmingham,,Worker (A rating),Skilled Worker,
KEATH.AI LTD,England,,Worker (A rating),Skilled Worker,
Keble Network Limited,Surrey,,Worker (A rating),Skilled Worker,
Keertana Information Technology Solutions Limited,Amersham,Buckinghamshire,Worker (A rating),Skilled Worker,
Keet Technology Solutions Ltd,Edinburgh,Midlothian,Worker (A rating),Skilled Worker,
KELLTRON SOFTWARE SOLUTIONS LTD,AYLESBURY,,Worker (A rating),Skilled Worker,
Kemnal Technology College,Sidcup,Kent,Worker (A rating),Skilled Worker,
Kepler Technologies Limited,London,,Worker (A rating),Skilled Worker,
KEPTRA TECHNOLOGIES LIMITED,Slough,,Worker (A rating),Skilled Worker,
KeyIT Technologies Ltd,London,,Worker (A rating),Skilled Worker,
Keysight Technologies UK Limited,Wokingham,Berkshire,Worker (A rating),Global Business Mobility: Senior or Specialist Worker,
Keysight Technologies UK Limited,Wokingham,Berkshire,Worker (A rating),Skilled Worker,
Keyvantus Digital Solutions Limited,Birmingham,,Worker (A rating),Skilled Worker,
Kheiron Medical Technologies Ltd,London,,Worker (A rating),Global Business Mobility: Senior or Specialist Worker,
Kheiron Medical Technologies Ltd,London,,Worker (A rating),Skilled Worker,
Khipu Networks Ltd,Fleet,Hampshire,Worker (A rating),Skilled Worker,
KIIN AI LTD,London,,Worker (A rating),Skilled Worker,
Kiln Technologies Limited,London,,Worker (A rating),Global Business Mobility: Senior or Specialist Worker,
Kiln Technologies Limited,London,,Worker (A rating),Skilled Worker,
Kinetic AI Limited,London,,Worker (A rating),Skilled Worker,
Kinetic Technologies Europe Limited,Edinburgh,,Worker (A rating),Global Business Mobility: Senior or Specialist Worker,
Kinetic Technologies Europe Limited,Edinburgh,,Worker (A rating),Skilled Worker,
Kingdom Advance Network,Burton on Trent,Staffordshire,Temporary Worker (A rating),Charity Worker,
Kingdom Technologies Ltd,Glasgow,,Worker (A rating),Skilled Worker,
KINGSTON TECHNOLOGY EUROPE CO LLP,SUNBURY ON THAMES,,Worker (A rating),Global Business Mobility: Senior or Specialist Worker,
KINGSTON TECHNOLOGY EUROPE CO LLP,SUNBURY ON THAMES,,Worker (A rating),Skilled Worker,
KIOXIA Technology UK Ltd,Abingdon,OXON,Worker (A rating),Global Business Mobility: Senior or Specialist Worker,
KIOXIA Technology UK Ltd,Abingdon,OXON,Worker (A rating),Skilled Worker,
Kiri Technologies Ltd,London,,Worker (A rating),Skilled Worker,
Kitt Technology Ltd,London,,Worker (A rating),Skilled Worker,
KJR Software Services Ltd,Reading,,Worker (A rating),Skilled Worker,
Kleo Cloud Limited,Winchester,Hampshire,Worker (A rating),Skilled Worker,
Klinera Data Services Limited,London,,Worker (A rating),Skilled Worker,
Klient Software Solutions Limited,Crook,County Durham,Worker (A rating),Skilled Worker,
KLV Software Solutions Ltd,Staines,,Worker (A rating),Skilled Worker,
Knitmesh Technologies Limited,Holywell,Flintshire,Worker (A rating),Skilled Worker,
Knox Digital Limited,London,,Worker (A rating),Skilled Worker,
KODEV INFOTECH LTD,Chichester,,Worker (A rating),Skilled Worker,
Kohort Software Limited,London,,Worker (A rating),Global Business Mobility: Senior or Specialist Worker,
Kohort Software Limited,London,,Worker (A rating),Skilled Worker,
KOIOS Master Data Limited,Winchester,Hampshire,Worker (A rating),Skilled Worker,
KOKO Networks (UK) Limited,London,,Worker (A rating),Skilled Worker,
KOKO Networks (UK) Limited,London,,Worker (A rating),Global Business Mobility: Senior or Specialist Worker,
KOKORO NETWORKS LIMITED,KINGSTON UPON THAMES,,Worker (A rating),Skilled Worker,
kommuru technologies ltd,LONDON,,Worker (A rating),Skilled Worker,
Komodo Digital Ltd,Newcastle upon Tyne,,Worker (A rating),Skilled Worker,
Konami Digital Entertainment B.V.,Windsor,,Worker (A rating),Skilled Worker,
Konami Digital Entertainment B.V.,Windsor,,Worker (A rating),Global Business Mobility: Senior or Specialist Worker,
Konrad-Technologies UK Ltd,Dunfermline,Fife,Worker (A rating),Skilled Worker,
Konverge Technologies Limited,London,,Worker (A rating),Global Business Mobility: Senior or Specialist Worker,
Konverge Technologies Limited,London,,Worker (A rating),Skilled Worker,
Kooth Digital Health Limited,London,,Worker (A rating),Skilled Worker,
KOPE AI Ltd,London,,Worker (A rating),Skilled Worker,
KORE IT TECHNOLOGY SERVICES LTD,London,,Worker (A rating),Skilled Worker,
Kore Software Limited,London,,Worker (A rating),Skilled Worker,
KORE.AI UK LIMITED,London,,Worker (A rating),Global Business Mobility: Senior or Specialist Worker,
KORE.AI UK LIMITED,London,,Worker (A rating),Skilled Worker,
KP SOFTWARE SOLUTIONS LTD,Slough,,Worker (A rating),Skilled Worker,
KPIT TECHNOLOGIES (UK) LTD,COVENTRY,,Worker (A rating),Skilled Worker,
KPIT TECHNOLOGIES (UK) LTD,COVENTRY,,Worker (A rating),Global Business Mobility: Senior or Specialist Worker,
KPS Digital Ltd,London,,Worker (A rating),Skilled Worker,
Krome Technologies Limited,Chertsey,Surrey,Worker (A rating),Skilled Worker,
KRISHNEX AI SOLUTION LTD,Leeds,,Worker (A rating),Skilled Worker,
Kraken Technologies Limited,London,,Worker (A rating),Global Business Mobility: Senior or Specialist Worker,
Kraken Technologies Limited,London,,Worker (A rating),Skilled Worker,
KRS Infotech Limited,Colchester,Essex,Worker (A rating),Skilled Worker,
KRUCX TECHNOLOGIES LIMITED,London,,Worker (A rating),Skilled Worker,
Kult AI Limited,London,,Worker (A rating),Skilled Worker,
KRYPTOS TECHNOLOGIES LIMITED,Wembley,,Worker (A rating),Skilled Worker,
Kula Technologies Limited,Derby,,Worker (A rating),Skilled Worker,
KSD TECHNOLOGY LIMITED,Keighley,,Worker (A rating),Skilled Worker,
KUMAR INFOTECH LIMITED,BASINGSTOKE,,Worker (A rating),Skilled Worker,
Kunai Technology Limited,London,,Worker (A rating),Skilled Worker,
L & G Technologies Limited,Birmingham,,Worker (A rating),Skilled Worker,
KYDOS DIGITAL LTD,Manchester,,Worker (A rating),Skilled Worker,
KYM Technology Ltd,Birmingham,,Worker (A rating),Skilled Worker,
L&T Technology Service Limited,London,,Worker (A rating),Global Business Mobility: Senior or Specialist Worker,
L&T Technology Service Limited,London,,Worker (A rating),Skilled Worker,
L'Computer Hub (UK) Limited,Swindon,,Worker (A rating),Skilled Worker,
L3 Infotech Limited,Milton Keynes,Buckinghamshire,Worker (A rating),Skilled Worker,
LABORIE MEDICAL TECHNOLOGIES UK,Banbury,Oxfordshire,Worker (A rating),Skilled Worker,
Labrys Technologies Ltd,Elstree,Hertfordshire,Worker (A rating),Skilled Worker,
LADERA TECHNOLOGY LTD,Reading,,Worker (A rating),Skilled Worker,
LADERA TECHNOLOGY LTD,Reading,,Worker (A rating),Global Business Mobility: Senior or Specialist Worker,
Lama Technology Group Limited,London,,Worker (A rating),Skilled Worker,
Laser Cladding Technology LTD,Worksop,Nottinghamshire,Worker (A rating),Skilled Worker,
Lantern.ai Limited,London,,Worker (A rating),Skilled Worker,
Landa Digital Printing UK Ltd,Cambridge,Cambridgeshire,Worker (A rating),Skilled Worker,
Land Technologies Limited (LandInsight),London,,Worker (A rating),Skilled Worker,
Laser Digital UK Ltd,London,,Worker (A rating),Skilled Worker,
Laser Digital UK Ltd,London,,Worker (A rating),Global Business Mobility: Senior or Specialist Worker,
Latent Technology Ltd,London,,Worker (A rating),Skilled Worker,
Lata Technologies Limited,South Croydon,,Worker (A rating),Skilled Worker,
LatentSpace AI Ltd,Altrincham,Cheshire,Worker (A rating),Skilled Worker,
Latsen Technology Ltd,Liverpool,,Worker (A rating),Skilled Worker,
Lattice Technologies Limited,London,,Worker (A rating),Skilled Worker,
Lattice Technologies Limited,London,,Worker (A rating),Global Business Mobility: Senior or Specialist Worker,
Laurel Co Technology Limited,London,,Worker (A rating),Skilled Worker,
LCC Technologies Limited,Runcorn,,Worker (A rating),Skilled Worker,
Leadership Through Data|,Halstead,Mrs,Worker (A rating),Skilled Worker,
Leading Globe Technology Limited,London,,Worker (A rating),Skilled Worker,
Lean Technologies Development (UK) Limited,London,,Worker (A rating),Global Business Mobility: Senior or Specialist Worker,
Lean Technologies Development (UK) Limited,London,,Worker (A rating),Skilled Worker,
LEAP Legal Software Limited,Twickenham,,Worker (A rating),Skilled Worker,
Leap Networks Global Ltd,Manchester,,Worker (A rating),Skilled Worker,
Learning Resource Network Ltd,Romford,,Worker (A rating),Skilled Worker,
Learning Technologies Group PLC,Brighton,East Sussex,Worker (A rating),Skilled Worker,
Ledger Technologies UK LTD,London,,Worker (A rating),Skilled Worker,
Lego Digital Play Limited,Slough,Berkshire,Worker (A rating),Global Business Mobility: Senior or Specialist Worker,
Lego Digital Play Limited,Slough,Berkshire,Worker (A rating),Skilled Worker,
Lenkie Technologies Limited,London,,Worker (A rating),Skilled Worker,
Lenovo Technology (United Kingdom) Limited,Farnborough,,Worker (A rating),Global Business Mobility: Senior or Specialist Worker,
Lenovo Technology (United Kingdom) Limited,Farnborough,,Worker (A rating),Skilled Worker,
LEOPARD TECHNOLOGY LTD,Redhill,,Worker (A rating),Skilled Worker,
LetterOne Technology (UK) LLP,London,,Worker (A rating),Skilled Worker,
Level Financial Technology Limited,Ashford,,Worker (A rating),Skilled Worker,
LEVEL THREE TECHNOLOGY SOLUTIONS LTD,Birmingham,,Worker (A rating),Skilled Worker,
Levels Technologies Ltd,London,,Worker (A rating),Skilled Worker,
Leyland Primary Care Network Limited,Preston,Lancashire,Worker (A rating),Skilled Worker,
Lianco Technologies Limited,London,,Worker (A rating),Skilled Worker,
Liberty Information Technology Limited,Belfast,,Worker (A rating),Global Business Mobility: Senior or Specialist Worker,
Liberty Information Technology Limited,Belfast,,Worker (A rating),Skilled Worker,
LIFE SCIENCE NETWORKS LTD,London,,Worker (A rating),Skilled Worker,
Life Technologies Limited,Paisley,,Worker (A rating),Global Business Mobility: Senior or Specialist Worker,
Life Technologies Limited,Paisley,,Worker (A rating),Skilled Worker,
Lifeline Network,Dagenham,Essex,Temporary Worker (A rating),Religious Worker,
Lifeline Network,Dagenham,Essex,Temporary Worker (A rating),Charity Worker,
Lifeline Network,Dagenham,Essex,Worker (A rating),Skilled Worker,
LifeProven Technologies,Crowborough,,Worker (A rating),Skilled Worker,
Light Science Technologies Ltd,Derby,,Worker (A rating),Skilled Worker,
"LIGHTRIVER TECHNOLOGIES UK, LIMITED",London,,Worker (A rating),Skilled Worker,
"LIGHTRIVER TECHNOLOGIES UK, LIMITED",London,,Worker (A rating),Global Business Mobility: Senior or Specialist Worker,
Lightsense Technologies Ltd,London,England,Worker (A rating),Skilled Worker,
Lilt Technologies Limited,London,,Worker (A rating),Skilled Worker,
LIMA Networks LTD,Salford,Greater Manchester,Worker (A rating),Skilled Worker,
Lime Technology Limited,London,UK,Worker (A rating),Skilled Worker,
Lime Technology Limited,London,UK,Worker (A rating),Global Business Mobility: Senior or Specialist Worker,
LIMITOWEB TECHNOLOGIES LTD,Birmingham,West Midlands,Worker (A rating),Skilled Worker,
Limpet Technology Limited,Stirling,Stirlingshire,Worker (A rating),Skilled Worker,
Link Data Management Solutions Ltd,Cardiff,,Worker (A rating),Skilled Worker,
Line-Technology Networks Ltd,London,,Worker (A rating),Skilled Worker,
Linkedin Technology UK Limited,LONDON,,Worker (A rating),Skilled Worker,
Linkedin Technology UK Limited,LONDON,,Worker (A rating),Global Business Mobility: Senior or Specialist Worker,
LinkedTrade Technologies Ltd,London,,Worker (A rating),Skilled Worker,
LINKFRESH Software Limited,Lichfield,,Worker (A rating),Skilled Worker,
Linus Technology Ltd,Sheffield,South Yorkshire,Worker (A rating),Skilled Worker,
Linwave Technology Limited,Lincoln,,Worker (A rating),Skilled Worker,
Linwave Technology Limited,Lincoln,,Worker (A rating),Global Business Mobility: Senior or Specialist Worker,
Linx Printing Technologies Limited,St Ives,Cambridgeshire,Worker (A rating),Global Business Mobility: Senior or Specialist Worker,
Linx Printing Technologies Limited,St Ives,Cambridgeshire,Worker (A rating),Skilled Worker,
Lisa Technologies Ltd,Bedford,Bedfordshire,Worker (A rating),Skilled Worker,
Livelink Technology Ltd,Havant,,Worker (A rating),Skilled Worker,
LITTLEDATA TECHNOLOGIES LTD,Newbury,Berkshire,Worker (A rating),Skilled Worker,
Liveology Digital Media UK Ltd,London,,Worker (A rating),Skilled Worker,
Livewire Digital Ltd,Leatherhead,Surrey,Worker (A rating),Skilled Worker,
LIVEWIRE Telecom Limited,Silverstone,,Worker (A rating),Skilled Worker,
Livingstone Technologies Limited,York,,Worker (A rating),Skilled Worker,
Liya Technologies Ltd,Bexleyheath,,Worker (A rating),Skilled Worker,
LM Technologies Limited,Edgware,Middlesex,Worker (A rating),Skilled Worker,
Locus Software Limited,Farnborough,Hampshire,Worker (A rating),Skilled Worker,
Lola Performance Technologies,London,- select -,Worker (A rating),Skilled Worker,
Lomare Technologies Ltd,London,,Worker (A rating),Skilled Worker,
LONDON ACADEMY FOR APPLIED TECHNOLOGY LTD,Brentford,,Worker (A rating),Skilled Worker,
London College of Management and Technology London Limited,Hayes,Greater London,Worker (A rating),Skilled Worker,
London Booking Network Ltd,London,,Worker (A rating),Skilled Worker,
London College of Marketing and Technology (LCMT),London,,Worker (A rating),Skilled Worker,
London Computer Centre Limited,Hammersmith,UK,Worker (A rating),Skilled Worker,
London Computer Recycling,London,London,Temporary Worker (A rating),Charity Worker,
LONDON DIGITAL LAB LIMITED,London,,Worker (A rating),Skilled Worker,
London Fluid System Technologies Ltd,Kings Langley,Hertfordshire,Worker (A rating),Skilled Worker,
London Network Church (Previously Known as East Acton Baptist Church),London,,Temporary Worker (A rating),Religious Worker,
LONDON SCHOOL OF BUSINESS & COMPUTING LTD,London,Havering,Worker (A rating),Skilled Worker,
London School of Science & Technology Limited,London,,Worker (A rating),Skilled Worker,
London Technology Club,Hemel Hampstead,,Worker (A rating),Skilled Worker,
Longwave Digital Ltd,Leeds,,Worker (A rating),Skilled Worker,
Loop Software Ltd,Moreton-in-Marsh,Gloucestershire,Worker (A rating),Skilled Worker,
Loop Technology Limited,Dorchester,Dorset,Worker (A rating),Skilled Worker,
Loqbox Technology UK Limited,Bristol,,Worker (A rating),Skilled Worker,
LOTUS INFOTECH LTD,LUTON,BEDFORDSHIRE,Worker (A rating),Skilled Worker,
Lotus Technology Innovative Limited,London,,Worker (A rating),Global Business Mobility: Senior or Specialist Worker,
Lotus Technology Innovative Limited,London,,Worker (A rating),Skilled Worker,
LOVIE TECHNOLOGY LTD,London,,Worker (A rating),Skilled Worker,
Loyal Technologies Limited,Ilford,Essex,Worker (A rating),Skilled Worker,
LPS Ehealth Software Limited,London,,Worker (A rating),Skilled Worker,
LPW Technology Ltd,Widnes,Cheshire,Worker (A rating),Global Business Mobility: Senior or Specialist Worker,
LPW Technology Ltd,Widnes,Cheshire,Worker (A rating),Skilled Worker,
LQT Technologies Limited,Croydon,,Worker (A rating),Skilled Worker,
LTI TECHNOLOGY SOLUTIONS LIMITED,Reading,Berkshire,Worker (A rating),Global Business Mobility: Senior or Specialist Worker,
LTI TECHNOLOGY SOLUTIONS LIMITED,Reading,Berkshire,Worker (A rating),Skilled Worker,
Lubz Telecom Ltd,Reading,Berkshire,Worker (A rating),Skilled Worker,
Lumentum Technology UK Limited,Towcester,Northants,Worker (A rating),Skilled Worker,
Lumico Digital Limited,Lee-on-the-Solent,Hampshire,Worker (A rating),Skilled Worker,
Luminance Technologies Ltd,London,,Worker (A rating),Skilled Worker,
LUMIO TECHNOLOGIES LTD,Clevedon,,Worker (A rating),Skilled Worker,
LUUX Digital Media Limited,London,,Worker (A rating),Skilled Worker,
Luvia Digital Ltd,Milton Keynes,,Worker (A rating),Skilled Worker,
Lydia Digital Ltd,London,,Worker (A rating),Skilled Worker,
LYFE TECHNOLOGY LIMITED,Bristol,,Worker (A rating),Skilled Worker,
Lytham St Annes Primary Care Network Limited,Lytham St Annes,Lancashire,Worker (A rating),Skilled Worker,
M & M CYBER CAFE LTD,London,,Worker (A rating),Skilled Worker,
M3 TECHNOLOGY LTD,London,,Worker (A rating),Skilled Worker,
Maanvi Technologies Limited,West Bromwich,West Midlands,Worker (A rating),Skilled Worker,
MAARAN TECHNOLOGIES LIMITED,Romford,London,Worker (A rating),Skilled Worker,
Machine Medicine Technologies Ltd,London,,Worker (A rating),Skilled Worker,
Macro Infotech Limited,London,,Worker (A rating),Skilled Worker,
Madhav Software Solutions Limited,Slough,,Worker (A rating),Skilled Worker,
Madic Technologies Limited,Guildford,,Worker (A rating),Global Business Mobility: Senior or Specialist Worker,
Madic Technologies Limited,Guildford,,Worker (A rating),Skilled Worker,
Magentus Software Limited,Mansfield,,Worker (A rating),Global Business Mobility: Senior or Specialist Worker,
MAGIC SOFTWARE SERVICES LTD,LONDON,,Worker (A rating),Skilled Worker,
MAGIC SOFTWARE SERVICES LTD,LONDON,,Worker (A rating),Global Business Mobility: Senior or Specialist Worker,
Magna Software Ltd,Banbridge,County Down,Worker (A rating),Skilled Worker,
Magnetic Systems Technology Limited,Rotherham,,Worker (A rating),Skilled Worker,
MAGNUM NETWORKS LIMITED,Sutton,London,Worker (A rating),Skilled Worker,
MAGNUS INFOTECH LIMITED,Romford,,Worker (A rating),Skilled Worker,
MAIA Technology Limited,London,,Worker (A rating),Skilled Worker,
Mailing Technology & Sup[port Ltd,Romford,Essex,Worker (A rating),Skilled Worker,
MAISHA TECHNOLOGY LIMITED,London,,Worker (A rating),Skilled Worker,
MANNAT TECHNOLOGIES LIMITED,BRISTOL,,Worker (A rating),Skilled Worker,
Manor Telecom Services LTD T/A Manors Group,Southall,,Worker (A rating),Skilled Worker,
Mantic Technologies Limited,London,,Worker (A rating),Skilled Worker,
MANTILLA NETWORK LTD,Manchester,Greater Manchester,Worker (A rating),Skilled Worker,
MantraRaj Infotech Ltd,Southend- on-Sea,,Worker (A rating),Skilled Worker,
MAPP Digital UK Ltd,London,,Worker (A rating),Global Business Mobility: Senior or Specialist Worker,
MAPP Digital UK Ltd,London,,Worker (A rating),Skilled Worker,
MAQ TECHNOLOGIES LIMITED,Walsall,West Midlands,Worker (A rating),Skilled Worker,
MARCOM DIGITAL SOLUTIONS LTD,COVENTRY,WEST MIDLANDS,Worker (A rating),Skilled Worker,
Marine Systems Technology Ltd,Winsford,Cheshire,Worker (A rating),Global Business Mobility: Senior or Specialist Worker,
Marine Systems Technology Ltd,Winsford,Cheshire,Worker (A rating),Skilled Worker,
Marino Software LimitedMari,London,,Worker (A rating),Skilled Worker,
Market Cloud Ltd,London,,Worker (A rating),Skilled Worker,
MARKET MAKERS AI LIMITED,London,,Worker (A rating),Skilled Worker,
Markethub Technologies Ltd,London,,Worker (A rating),Skilled Worker,
Marlan Maritime Technologies Ltd,Liverpool,Merseyside,Worker (A rating),Skilled Worker,
Marquis Technologies Limited,London,,Worker (A rating),Global Business Mobility: Senior or Specialist Worker,
Marquis Technologies Limited,London,,Worker (A rating),Skilled Worker,
MARS DIGITAL SOLUTIONS LTD,Manchester,Greater Manchester,Worker (A rating),Skilled Worker,
Marshmallow Technology Ltd,London,,Worker (A rating),Skilled Worker,
Mart Network Solutions Limited,West Drayton,Middlesex,Worker (A rating),Skilled Worker,
Marx Technology Consulting Ltd,London,,Worker (A rating),Skilled Worker,
Master Electronic Technology Ltd,Bilston,,Worker (A rating),Skilled Worker,
MASTER TRADE NETWORK LTD T/A MFG,London,,Worker (A rating),Skilled Worker,
MASTER SOFTWARE SOLUTIONS LTD,READING,,Worker (A rating),Skilled Worker,
MASZ TECHNOLOGIES LIMITED,Leicester,,Worker (A rating),Skilled Worker,
Matfron Automation Technology Limited,London,,Worker (A rating),Skilled Worker,
Matfron Automation Technology Limited,London,,Worker (A rating),Global Business Mobility: UK Expansion Worker,
Matrix Technology Solutions Limited,Halifax,West Yorkshire,Worker (A rating),Skilled Worker,
Maven Technology Limited,London,,Worker (A rating),Skilled Worker,
Matrixx Software Europe Llimited,Ipswich,,Worker (A rating),Skilled Worker,
Mavens Cloud Ltd,Altrincham,Cheshire,Worker (A rating),Skilled Worker,
Maxon Computer Limited,Cranfield,Bedfordshire,Worker (A rating),Skilled Worker,
Maya Technologies Limited,London Heathrow,,Worker (A rating),Global Business Mobility: Senior or Specialist Worker,
Maya Technologies Limited,London Heathrow,,Worker (A rating),Skilled Worker,
MBS Survey Software Ltd,STEYNING,WEST SUSSEX,Worker (A rating),Skilled Worker,
MCDOWELL DIGITAL MEDIA LTD,London,,Worker (A rating),Skilled Worker,
MCS Rental Software Limited,Maidenhead,Berkshire,Worker (A rating),Skilled Worker,
MDI Networks Limited,Portsmouth,Hampshire,Worker (A rating),Skilled Worker,
MDX Technology Limited,London,,Worker (A rating),Skilled Worker,
MECHSMERIZE TECHNOLOGIES LTD,ILFORD,ESSEX,Worker (A rating),Skilled Worker,
Medequip Assistive Technology Limited,Harmondsworth,,Worker (A rating),Skilled Worker,
Medevice Digital Ltd.,Cambourne,Cambridgeshire,Worker (A rating),Skilled Worker,
Medialake AI Limited,London,,Worker (A rating),Skilled Worker,
Medical Research Network,Milton Keynes,Bucks,Worker (A rating),Skilled Worker,
MEDICASIMPLE HEALTHCARE TECHNOLOGIES LIMITED,London,,Worker (A rating),Skilled Worker,
Medius Software Limited,Manchester,,Worker (A rating),Skilled Worker,
Medly AI Limited,London,,Worker (A rating),Skilled Worker,
MEDPAL AI PLC,London,,Worker (A rating),Skilled Worker,
Medwise AI Limited,Leeds,,Worker (A rating),Skilled Worker,
Meen Technologies Ltd,Hatfield,Hertfordshire,Worker (A rating),Skilled Worker,
Mentat Technology Limited,Byfield,northamptonshire,Worker (A rating),Skilled Worker,
MER MARINE TECHNOLOGIES LTD,London,,Worker (A rating),Skilled Worker,
Mercury Computer Systems Limited,Reading,Berkshire,Worker (A rating),Skilled Worker,
Mercury Computer Systems Limited,Reading,Berkshire,Worker (A rating),Global Business Mobility: Senior or Specialist Worker,
MERCURY DIGITAL ASSETS LIMITED,London,,Worker (A rating),Skilled Worker,
Meridian Lightweight Technologies UK Ltd,Sutton-in-Ashfield,Nottinghamshire,Worker (A rating),Skilled Worker,
Meridian Lightweight Technologies UK Ltd,Sutton-in-Ashfield,Nottinghamshire,Worker (A rating),Global Business Mobility: Senior or Specialist Worker,
MESH AI LIMITED,LONDON,,Worker (A rating),Skilled Worker,
MESOO DIGITAL LTD,London,,Worker (A rating),Skilled Worker,
Meshprime Technologies Ltd,London,,Worker (A rating),Skilled Worker,
Meta Data Systems Ltd,London,,Worker (A rating),Skilled Worker,
Meta Solution Technologies Ltd,London,,Worker (A rating),Skilled Worker,
METALS FOCUS DATA LIMITED,London,,Worker (A rating),Skilled Worker,
Methodica Technologies Limited,Nottingham,,Worker (A rating),Skilled Worker,
Methods Business and Digital Technology,London,Greater London,Worker (A rating),Skilled Worker,
Meticulous Ai Limited,London,,Worker (A rating),Skilled Worker,
Metrikus Software Limited,London,,Worker (A rating),Skilled Worker,
Metrol Technology Ltd,Aberdeen,,Worker (A rating),Global Business Mobility: Senior or Specialist Worker,
Metrol Technology Ltd,Aberdeen,,Worker (A rating),Skilled Worker,
Metropress Limited t/a Auction Technology Group,London,,Worker (A rating),Global Business Mobility: Senior or Specialist Worker,
MF Telecom Services Limited,Kent,,Worker (A rating),Skilled Worker,
MGH Technology Solutions Ltd,Cobham,GB,Worker (A rating),Skilled Worker,
Metropress Limited t/a Auction Technology Group,London,,Worker (A rating),Skilled Worker,
MGS TECHNOLOGIES LIMITED,Surbiton,SURREY,Worker (A rating),Skilled Worker,
MHT Technology Limited,Richmond,North Yorkshire,Worker (A rating),Skilled Worker,
MHZ TECHNOLOGIES LTD,"Wilton,  Salisbury",Wiltshire,Worker (A rating),Skilled Worker,
Micro Precision Gear Technology Limited,Hemel Hempstead,,Worker (A rating),Skilled Worker,
Micro Technology Services Ltd,Wigston,Leicestershire,Worker (A rating),Skilled Worker,
Micro365 Technologies Ltd,Manchester,,Worker (A rating),Skilled Worker,
MicroFast Technologies Limited,Harrow,,Worker (A rating),Skilled Worker,
Midland Telecom Networks Group Ltd,Birmingham,West Midlands,Worker (A rating),Skilled Worker,
"Mignon Technologies Ltd, T.A. Literal Labs",Newcastle upon Tyne,,Worker (A rating),Skilled Worker,
MIITERA TECHNOLOGIES Ltd,STRATFORD UPON AVON,WARWICKSHIRE,Worker (A rating),Skilled Worker,
Mijo Krish Infotech Limited,Bristol,,Worker (A rating),Skilled Worker,
Milestone Technologies UK Limited,Pinner,,Worker (A rating),Skilled Worker,
Mindbay Technologies Ltd,London,,Worker (A rating),Skilled Worker,
Mindful Technologies Limited,Birmingham,,Worker (A rating),Skilled Worker,
MindLink Software Limited,London,,Worker (A rating),Skilled Worker,
MindMill (HR) Software Ltd,Belfast,Antrim,Worker (A rating),Skilled Worker,
MINDPATH TECHNOLOGY LIMITED,London,,Worker (A rating),Skilled Worker,
MINDRANK TECHNOLOGIES LIMITED,Manchester,,Worker (A rating),Skilled Worker,
MINDS TECHNOLOGIES LIMITED,Hounslow,,Worker (A rating),Skilled Worker,
MINDSET AI LTD,London,,Worker (A rating),Skilled Worker,
Mindset Technologies Limited (trading as Mindstep),London,,Worker (A rating),Skilled Worker,
Minna Technologies Limited,Warwick,,Worker (A rating),Skilled Worker,
MINNU SOFTWARE SOLUTIONS PRIVATE LIMITED,Coventry,,Worker (A rating),Skilled Worker,
MINSTER COMPUTER SYSTEMS LIMITED,Lichfield,Staffordshire,Worker (A rating),Skilled Worker,
Minster Software Ltd,Reading,,Worker (A rating),Skilled Worker,
MINT MANAGEMENT TECHNOLOGY UK (PTY) LIMITED,England,,Worker (A rating),Global Business Mobility: Senior or Specialist Worker,
MINT MANAGEMENT TECHNOLOGY UK (PTY) LIMITED,England,,Worker (A rating),Skilled Worker,
MiQ Digital Limited,London,,Worker (A rating),Global Business Mobility: Senior or Specialist Worker,
MiQ Digital Limited,London,,Worker (A rating),Skilled Worker,
Mirion Technologies (IST) Limited,Farnborough,,Worker (A rating),Global Business Mobility: Senior or Specialist Worker,
Mirion Technologies (IST) Limited,Farnborough,,Worker (A rating),Skilled Worker,
Miro Technologies Limited,Bristol,Somerset,Worker (A rating),Global Business Mobility: Senior or Specialist Worker,
Miro Technologies Limited,Bristol,Somerset,Worker (A rating),Skilled Worker,
Mission Zero Technologies Ltd,London,,Worker (A rating),Skilled Worker,
Mistral AI UK Limited,London,,Worker (A rating),Global Business Mobility: Senior or Specialist Worker,
Mistral AI UK Limited,London,,Worker (A rating),Skilled Worker,
Mitto Technologies Limited,London,,Worker (A rating),Skilled Worker,
MJ Data Solutions Ltd,Ruislip,England,Worker (A rating),Skilled Worker,
MK ALL NETWORK COMMUNICATIONS LTD,Cardiff,,Worker (A rating),Skilled Worker,
MLL Telecom Limited,Marlow,Bucks,Worker (A rating),Skilled Worker,
MLT Digital Ltd,Glasgow,,Worker (A rating),Skilled Worker,
MoA Technology Ltd,Oxford,Oxfordshire,Worker (A rating),Skilled Worker,
MOBILE & COMPUTER SHOP LIMITED,Edmonton Green,,Worker (A rating),Skilled Worker,
Mobile Broadband Network Limited,Reading,,Worker (A rating),Skilled Worker,
MOBILE TECHNOLOGIES LTD,London,United Kingdom,Worker (A rating),Skilled Worker,
Mobility Cyber Labs Ltd,Milton Keynes,Buckinghamshire,Worker (A rating),Skilled Worker,
Modetour Network UK Ltd,LONDON,,Worker (A rating),Global Business Mobility: Senior or Specialist Worker,
Modetour Network UK Ltd,LONDON,,Worker (A rating),Skilled Worker,
Modulr Technology Ltd,Edinburgh,,Worker (A rating),Skilled Worker,
MOF Technologies Limited,Newtownabbey,,Worker (A rating),Skilled Worker,
MOMENTUM AI LIMITED,London,,Worker (A rating),Skilled Worker,
Momentum Data Ltd,St Albans,Hertfordshire,Worker (A rating),Skilled Worker,
Moneyhub Financial Technology Ltd,Bristol,,Worker (A rating),Skilled Worker,
Moneynmore Technologies Limited,Reading,,Worker (A rating),Skilled Worker,
MONIEPOINT TECHNOLOGIES UK LTD,London,,Worker (A rating),Skilled Worker,
Monitor Computer Systems,YORK,North Yorkshire,Worker (A rating),Skilled Worker,
Monofloor Technology Ltd,Ivybridge,,Temporary Worker (A rating),Global Business Mobility: Service Supplier,
Monument Technology Limited,London,,Worker (A rating),Skilled Worker,
Morning Data Ltd,London,London,Worker (A rating),Skilled Worker,
Moore Global Network Limited,London,,Worker (A rating),Skilled Worker,
Motherson Technology Services United Kingdom Limited,Wokingham,,Worker (A rating),Skilled Worker,
Motive Technology UK Limited,London,,Worker (A rating),Global Business Mobility: Senior or Specialist Worker,
Motive Technology UK Limited,London,,Worker (A rating),Skilled Worker,
Motor Repair Network,Halfiax,,Worker (A rating),Skilled Worker,
Motorsport Network Media UK Ltd,London,,Worker (A rating),Skilled Worker,
Mount Digital Solutions Limited,Manchester,,Worker (A rating),Skilled Worker,
Move AI Ltd,London,,Worker (A rating),Skilled Worker,
MRI Software Limited,London,,Worker (A rating),Skilled Worker,
MRI Software Limited,London,,Worker (A rating),Global Business Mobility: Senior or Specialist Worker,
MS InfoTech Limted,AYLESBURY,,Worker (A rating),Skilled Worker,
MSG NETWORK LTD,ELGIN,Morayshire,Worker (A rating),Skilled Worker,
MSC NETWORK LIMITED,ILFORD,,Worker (A rating),Skilled Worker,
MSI Computer (UK) Ltd,London,,Worker (A rating),Global Business Mobility: Senior or Specialist Worker,
MSI Computer (UK) Ltd,London,,Temporary Worker (A rating),Global Business Mobility: Graduate Trainee,
MSI Computer (UK) Ltd,London,,Worker (A rating),Skilled Worker,
MSP Technologies Ltd,Carnforth,Cumbria,Worker (A rating),Skilled Worker,
MST Ltd - Marine Specialised Technology Ltd,Bromborough,Wirral,Worker (A rating),Skilled Worker,
MSWIPE TECHNOLOGIES (UK) PRIVATE LIMITED,Edgware,,Worker (A rating),Skilled Worker,
MTI Welding Technologies Limited,Dudley,West Midlands,Worker (A rating),Skilled Worker,
MTV Networks Europe,London,,Worker (A rating),Global Business Mobility: Senior or Specialist Worker,
MTV Networks Europe,London,,Worker (A rating),Skilled Worker,
Multi Technologies Limited,Manchester,,Worker (A rating),Skilled Worker,
Mundo Livre Digital Ltd,Warwick,,Worker (A rating),Skilled Worker,
Muraai Information Technologies Limited,Coventry,West Midlands,Worker (A rating),Skilled Worker,
Mura Technology Limited,Cleveland,,Worker (A rating),Skilled Worker,
Mushroom Technologies Ltd,Rainham,Essex,Worker (A rating),Skilled Worker,
MUSIC EDUCATION TECHNOLOGIES LIMITED,London,,Worker (A rating),Skilled Worker,
My Data Technologies Limited,Hounslow,Middlesex,Worker (A rating),Skilled Worker,
My Digital Accounts Limited,Cheadle Hulme,,Worker (A rating),Global Business Mobility: Senior or Specialist Worker,
My Digital Accounts Limited,Cheadle Hulme,,Worker (A rating),Skilled Worker,
MY DIGITAL COLLEGE LTD (Trading as Purlos),London,,Worker (A rating),Skilled Worker,
My Digital Hero Consulting LTD,Harrogate,,Worker (A rating),Skilled Worker,
MYCARDIUM AI LIMITED,Liverpool,,Worker (A rating),Skilled Worker,
Mycelium Network Ltd,Sheffield,,Worker (A rating),Skilled Worker,
Myrtle Software Limited,Cambridge,Cambridgeshire,Worker (A rating),Skilled Worker,
MYRTLE SOFTWARE SOLUTIONS LIMITED,London,,Worker (A rating),Skilled Worker,
MYSTIC AI LIMITED,Bath,,Worker (A rating),Skilled Worker,
MYTOWN TECHNOLOGIES LTD,London,,Worker (A rating),Skilled Worker,
MyWay Digital Health Ltd,Dundee,Angus,Worker (A rating),Skilled Worker,
N-able Technologies Ltd,Dundee,,Worker (A rating),Skilled Worker,
N-IX TECHNOLOGIES LIMITED,London,,Worker (A rating),Skilled Worker,
NADIRAH TECHNOLOGIES LIMITED,High Wycombe,,Worker (A rating),Skilled Worker,
N2 Technology Consulting Ltd,Harrow,,Worker (A rating),Skilled Worker,
NAFT TRADING & TECHNOLOGY CO LIMITED,LONDON,,Worker (A rating),Global Business Mobility: Senior or Specialist Worker,
NAFT TRADING & TECHNOLOGY CO LIMITED,LONDON,,Worker (A rating),Skilled Worker,
NAG Technologies Limited,Maidenhead,,Worker (A rating),Skilled Worker,
Nagarro Software Ltd,London,,Worker (A rating),Skilled Worker,
Naib Technologies Limited,Birmingham,,Worker (A rating),Global Business Mobility: UK Expansion Worker,
Nagarro Software Ltd,London,,Worker (A rating),Global Business Mobility: Senior or Specialist Worker,
Naina Technologies Ltd,London,,Worker (A rating),Skilled Worker,
Namo Technologies Ltd,Watford,,Worker (A rating),Skilled Worker,
Nannyplus Network Ltd,London,,Worker (A rating),Skilled Worker,
Nano AI LTD,London,,Worker (A rating),Skilled Worker,
Nanoco Technologies Limited,Runcorn,Cheshire,Worker (A rating),Skilled Worker,
NanoString Technologies Europe Limited,Bristol,,Worker (A rating),Global Business Mobility: Senior or Specialist Worker,
NanoString Technologies Europe Limited,Bristol,,Worker (A rating),Skilled Worker,
Nanotemper Technologies Ltd,London,,Worker (A rating),Skilled Worker,
Napier Technologies Limited,London,County (optional),Worker (A rating),Skilled Worker,
Narla Technologies Ltd,Newcastle,Staffordshire,Worker (A rating),Skilled Worker,
Nash Technologies and Consulting Limited,Birmingham,,Worker (A rating),Skilled Worker,
NATIONAL SUPPLY CHAIN NETWORKS UK LTD,Birmingham,West Midlands,Worker (A rating),Skilled Worker,
Native AI Ltd,London,,Worker (A rating),Skilled Worker,
Nav Infotech Ltd,Slough,,Worker (A rating),Skilled Worker,
Navigate Digital,London,,Worker (A rating),Skilled Worker,
NAVIS SOFTWARE UK LIMITED,LONDON,,Worker (A rating),Global Business Mobility: Senior or Specialist Worker,
NAVIS SOFTWARE UK LIMITED,LONDON,,Worker (A rating),Skilled Worker,
Navitas Digital Safety Ltd,Coalville,,Worker (A rating),Skilled Worker,
Navys Technologies Limited,London,,Worker (A rating),Skilled Worker,
NDL Software Ltd,WETHERBY,West Yorkshire,Worker (A rating),Skilled Worker,
Neara Software Ltd,Reading,Berkshire,Worker (A rating),Skilled Worker,
NEC Software Solutions UK Ltd,Hemel Hempstead,Hertfordshire,Worker (A rating),Skilled Worker,
"NEC Telecom MODUS, Ltd",Leatherhead,Surrey,Worker (A rating),Global Business Mobility: Senior or Specialist Worker,
"NEC Telecom MODUS, Ltd",Leatherhead,Surrey,Worker (A rating),Skilled Worker,
Nendrasys Technologies UK Limited,Milton Keynes,Buckinghamshire,Worker (A rating),Global Business Mobility: Senior or Specialist Worker,
Nendrasys Technologies UK Limited,Milton Keynes,Buckinghamshire,Worker (A rating),Skilled Worker,
Neo Technology Limited,London,Greater London,Worker (A rating),Skilled Worker,
Neo-Global Technology Ltd,Hallow,Essex,Worker (A rating),Skilled Worker,
Neos Networks Limited,Perth,,Worker (A rating),Skilled Worker,
Neosalpha Technologies Limited,Maidenhead,Berkshire,Worker (A rating),Global Business Mobility: Senior or Specialist Worker,
Neosalpha Technologies Limited,Maidenhead,Berkshire,Worker (A rating),Skilled Worker,
Nervecentre Software Ltd,Wokingham,,Worker (A rating),Skilled Worker,
Nephos Technologies,London,---,Worker (A rating),Skilled Worker,
Nest Digital Limited,London,,Worker (A rating),Global Business Mobility: Senior or Specialist Worker,
NET AI TECH LTD,EDINBURGH,Scotland,Worker (A rating),Skilled Worker,
Nest Digital Limited,London,,Worker (A rating),Skilled Worker,
Net Zero Technology Centre Limited,Aberdeen,,Worker (A rating),Skilled Worker,
NetCracker Technology EMEA Ltd,Histon,Cambridgeshire,Worker (A rating),Global Business Mobility: Senior or Specialist Worker,
Netcore Cloud Limited,London,,Worker (A rating),Skilled Worker,
NetCracker Technology EMEA Ltd,Histon,Cambridgeshire,Worker (A rating),Skilled Worker,
NetMind.AI Ltd,London,,Worker (A rating),Skilled Worker,
Netsol Technologies Europe Limited,Horsham,,Worker (A rating),Skilled Worker,
Netsol Technologies Europe Limited,Horsham,,Worker (A rating),Global Business Mobility: Senior or Specialist Worker,
Network Access Associates Limited,London,,Worker (A rating),Skilled Worker,
Network 2 Supplies Ltd,Bury St Edmunds,Suffolk,Worker (A rating),Skilled Worker,
Network Access Associates Limited,London,,Worker (A rating),Global Business Mobility: Senior or Specialist Worker,
Network Centric Support,London,,Worker (A rating),Skilled Worker,
Network Communication Systems Ltd,Doncaster,United Kingdom,Worker (A rating),Skilled Worker,
Network DNA Ltd,Aberdeen,,Worker (A rating),Skilled Worker,
NETWORK DRY CLEANERS LTD,BUSHEY,,Worker (A rating),Skilled Worker,
Network Energy Limited,Wembley,,Worker (A rating),Skilled Worker,
Network Fantasy Holdings Limited,London,,Worker (A rating),Skilled Worker,
NETWORK GUARD (UK) LIMITED,LONDON,,Worker (A rating),Skilled Worker,
NETWORK FOOD DISTRIBUTION LTD,LONDON,,Worker (A rating),Skilled Worker,
ALARIS THE RF TECHNOLOGY GROUP LTD,LINCOLN,Lincolnshire,Worker (A rating),Global Business Mobility: Senior or Specialist Worker,
Aira Digital Limited,Milton Keynes,Buckinghamshire,Worker (A rating),Skilled Worker,
AI Recruitment Technologies Limited,Knowsley,Merseyside,Worker (A rating),Skilled Worker,
AGS Cyber,London,,Worker (A rating),Skilled Worker,
Aksha Technologies Limited,Watford,Hertfordshire,Worker (A rating),Skilled Worker,
Address Intelligence Technologies Limited,London,,Worker (A rating),Skilled Worker,
Aksha Technologies Limited,Watford,Hertfordshire,Worker (A rating),Skilled Worker,https://open.endole.co.uk
AGS Cyber,London,,Worker (A rating),Skilled Worker,https://www.agscyber.com
ALARIS THE RF TECHNOLOGY GROUP LTD,LINCOLN,Lincolnshire,Worker (A rating),Global Business Mobility: Senior or Specialist Worker,
AI Recruitment Technologies Limited,Knowsley,Merseyside,Worker (A rating),Skilled Worker,
Aira Digital Limited,Milton Keynes,Buckinghamshire,Worker (A rating),Skilled Worker,
Allied Software Ltd,Glasgow,,Worker (A rating),Skilled Worker,https://alliedsoftware.co.uk
AllPoints Fibre Networks Limited,Reading,,Worker (A rating),Skilled Worker,https://allpointsfibre.uk
Address Intelligence Technologies Limited,London,,Worker (A rating),Skilled Worker,
Aligne Technologies Ltd,London,,Worker (A rating),Skilled Worker,
ALPHA2 SOLUTIONS & SOFTWARE LIMITED,LONDON,,Worker (A rating),Skilled Worker,https://open.endole.co.uk
ALARIS THE RF TECHNOLOGY GROUP LTD,LINCOLN,Lincolnshire,Worker (A rating),Skilled Worker,https://alaris.tech
Alfa Financial Software Ltd,London,,Worker (A rating),Skilled Worker,
Alp Technologies Ltd,London,,Worker (A rating),Skilled Worker,https://www.alp-technologies.com
Altana Technologies UK Ltd,London,,Worker (A rating),Global Business Mobility: Senior or Specialist Worker,https://altana.ai
Ankar.ai,London,,Worker (A rating),Skilled Worker,https://ankar.ai
Altana Technologies UK Ltd,London,,Worker (A rating),Skilled Worker,
AlSaab Ltd t/a AlSaab Digital Ventures,London,,Worker (A rating),Skilled Worker,
Anansi Technology Limited,London,,Worker (A rating),Skilled Worker,
Amphora Technologies Limited,Belfast,Antrim,Worker (A rating),Skilled Worker,
AND Technology Research Limited,Epping,Essex,Worker (A rating),Skilled Worker,http://andtechnology.co.uk
APCO Technologies Services Ltd,Didcot,,Worker (A rating),Skilled Worker,https://www.apco-technologies.eu
Ant Data Limited,Liverpool,Merseyside,Worker (A rating),Skilled Worker,
ANSA Data Analytics Ltd,Aberdeen,,Worker (A rating),Skilled Worker,
ANZ DIGITAL LIMITED,"Welwyn Garden City,",,Worker (A rating),Skilled Worker,https://www.anz.co.uk
Ant Data Limited,Liverpool,,Worker (A rating),Skilled Worker,
Antare Technology Limited,London,,Worker (A rating),Skilled Worker,
APG Technologies Limited,London,Greater London,Worker (A rating),Skilled Worker,https://www.ukcompanydir.com
Applied Manufacturing Technologies Ltd,Pembroke,Dyfed,Worker (A rating),Skilled Worker,http://applied-mt.com
Applied Scientific Technologies Ltd,Stokesley,North Yorkshire,Worker (A rating),Skilled Worker,http://appliedscientifictechnology.com
APCO Technologies Services Ltd,Didcot,,Worker (A rating),Global Business Mobility: Senior or Specialist Worker,https://www.apco-technologies.eu
Appella AI Limited,London,,Worker (A rating),Skilled Worker,https://www.appella.net
Apis Assay Technologies,Manchester,Greater Manchester,Worker (A rating),Skilled Worker,
"API Software Limited (Trading as ""AutoRek"")",Glasgow,,Worker (A rating),Skilled Worker,
Applexus Infotech Ltd,Amersham,,Worker (A rating),Skilled Worker,https://www.applexus.com
Appsync Technologies Limited,Luton,,Worker (A rating),Skilled Worker,
Arkana Technology Limited,Newcastle Upon Tyne,,Worker (A rating),Skilled Worker,https://www.arkanatechnology.com
Arkphire Technologies UK Ltd T/A Presidio,London,,Worker (A rating),Skilled Worker,https://blog.arkphire.com
Argti Software & IT Solutions UK Ltd,Preston,,Worker (A rating),Skilled Worker,https://www.argti.co.uk
Arete Medical Technologies Ltd,Cambridge,,Worker (A rating),Skilled Worker,https://www.aretemedicalcommunity.com
Argentum Data Solutions Ltd,Windsor,,Worker (A rating),Skilled Worker,
ARIES GLOBAL SOFTWARE HOLDING LIMITED,London,,Worker (A rating),Skilled Worker,https://www.aries.global
Art Technologies Limited,London,,Worker (A rating),Skilled Worker,https://www.arttechnologies.co
ARIS Software UK Limited,Bracknell,,Worker (A rating),Skilled Worker,https://aris.com
Arrakis Technologies Limited,London,,Worker (A rating),Skilled Worker,https://www.arrakistechnologies.ai
Arva AI Ltd,London,,Worker (A rating),Skilled Worker,https://arva.ai
ASAP Cloud Solutions,Tunbridge Wells,,Worker (A rating),Skilled Worker,https://asapcloud.com
ARNOLD MAGNETIC TECHNOLOGIES LIMITED,Sheffield,South Yorkshire,Worker (A rating),Skilled Worker,
Artemis Technologies Ltd,Poole,,Worker (A rating),Skilled Worker,
Artificial Intelligence Digital Solutions Limited,Milton Keynes,,Worker (A rating),Skilled Worker,
ASFIN SOFTWARE & CONSULTANCY LTD,London,,Worker (A rating),Skilled Worker,https://www.asfinsoftware.com
Ascend Technologies Limited,Southampton,Hampshire,Worker (A rating),Skilled Worker,
Arvia Water Technologies Ltd,Runcorn,Cheshire,Worker (A rating),Skilled Worker,
Assist Digital EU Limited,LONDON,,Worker (A rating),Skilled Worker,https://assistdigital.com
ASKK Technologies Ltd,London,,Worker (A rating),Skilled Worker,https://www.askktech.com
ASPER TECHNOLOGIES LIMITED,Wembley,,Worker (A rating),Skilled Worker,
Atomic Digital Marketing Ltd,Cheshire,,Worker (A rating),Skilled Worker,https://atomicdigitalmarketing.co.uk
Aspire technology solutions,Gateshead,,Worker (A rating),Skilled Worker,
Assemble Technology Ltd,Liverpool,Merseyside,Worker (A rating),Skilled Worker,https://www.assembletechnology.io
ASPIRED DIGITAL LTD,Ilford,,Worker (A rating),Skilled Worker,
Astrid Technologies LTD,London,,Worker (A rating),Skilled Worker,http://astridtech.co.uk
Astute Data Systems Ltd,Canterbury,Kent,Worker (A rating),Skilled Worker,
Atomic Wire Technology Limited,London,,Worker (A rating),Skilled Worker,https://www.atomicwire.io
Avigna Technology Solutions Limited,London,,Worker (A rating),Skilled Worker,https://www.avignatech.com
Avos Technology Ltd,Cambridge,,Worker (A rating),Skilled Worker,https://www.prosegur.com
Atominvest Software Ltd,London,,Worker (A rating),Skilled Worker,
Autify Digital Ltd,Nottingham,Nottinghamshire,Worker (A rating),Skilled Worker,https://www.autify.co.uk
Auto Network (GB) Limited,LIVERPOOL,"Merseyside, England",Worker (A rating),Skilled Worker,https://www.companieslist.co.uk
AYKO Digital Limited t/a AYKO,Leeds,,Worker (A rating),Skilled Worker,https://www.ayko.com
Aventus Network Services Limited,East Grinstead,,Worker (A rating),Skilled Worker,https://aventus.com
BA Technologies Limited,Portsmouth,Hants,Worker (A rating),Skilled Worker,https://www.bartechnologies.uk
Balindra Software Limited,London,,Worker (A rating),Skilled Worker,https://balindrasoftware.co.uk
BALRE TECHNOLOGIES LTD,London,,Worker (A rating),Skilled Worker,https://bale-tech.com
Aware Digital Ltd,Stoke on Trent,,Worker (A rating),Skilled Worker,https://www.awaredigital.co.uk
Avon Network Events,Bristol,,Worker (A rating),Skilled Worker,
Axia Computer Systems Limited,Watford,Hertfordshire,Worker (A rating),Skilled Worker,https://www.axia.co.uk
Axiom Technologies Pty Ltd,Crawley,West Sussex,Worker (A rating),Skilled Worker,https://ext.axiomtechnologies.com
AZo Network UK Limited,Manchester,,Worker (A rating),Skilled Worker,
BB2 Digital and Technology Services Ltd,London,,Worker (A rating),Skilled Worker,https://opengovuk.com
BANKTECH SOFTWARE SERVICES LIMITED,Cambridge,,Worker (A rating),Skilled Worker,https://bank.tech
BANDGI TECHNOLOGIES PVT LTD,MAIDENHEAD,BERKSHIRE,Worker (A rating),Skilled Worker,
Barracuda Networks Limited,Nottingham,,Worker (A rating),Skilled Worker,https://www.barracuda.com
Barracuda Networks Limited,Nottingham,,Worker (A rating),Global Business Mobility: Senior or Specialist Worker,https://www.barracuda.com
Beta Technology Limited,Sheffield,South Yorkshire,Worker (A rating),Skilled Worker,https://www.betatechnology.co.uk
BG Infotech Ltd,London,,Worker (A rating),Skilled Worker,https://www.bginfotech.co.uk
BCS Data Centres Limited,London,,Worker (A rating),Skilled Worker,https://www.bcsconsultancy.com
Barrier Networks Limited,Glasgow,,Worker (A rating),Skilled Worker,
BIG PICTURE (SOFTWARE) LIMITED,Snaith,East Yorkshire,Worker (A rating),Skilled Worker,https://www.bigpicturesoft.in
Bead Technologies Limited,London,,Worker (A rating),Skilled Worker,http://www.beadtechnology.com
BERKUK TECHNOLOGY LTD,Sheffield,,Worker (A rating),Skilled Worker,
Berkshire Technologies Limited,Bracknell,Berkshire,Worker (A rating),Skilled Worker,
BirdsEyeView Technologies Limited,London,,Worker (A rating),Skilled Worker,https://www.birdseyeviewtechnologies.com
BiologIC Technologies,Soham,,Worker (A rating),Skilled Worker,https://biologic-tech.com
Big Orange Software trading as Sonin,Reigate,Surrey,Worker (A rating),Skilled Worker,https://sonin.agency
BIG DATA SCIENCE & TECHNOLOGY LIMITED,Feltham,England,Worker (A rating),Skilled Worker,
Bliss software solutions Ltd,Aylesbury,Buckinghamshire,Worker (A rating),Skilled Worker,https://blisssoftwaresolutions.co.uk
BigByte Digital Ltd,Manchester,,Worker (A rating),Skilled Worker,
BIM Technologies (Europe) Limited,Newcastle upon Tyne,UK,Worker (A rating),Skilled Worker,
Black Box Network Services (UK) Limited,Reading,,Worker (A rating),Skilled Worker,https://www.blackbox.com
Blackhawk Network EMEA Limited,Hemel Hempstead,,Worker (A rating),Skilled Worker,
Bloc Digital Ltd,Derby,,Worker (A rating),Skilled Worker,https://bloc.digital
Bloompark Software Services Ltd,Slough,Berkshire,Worker (A rating),Skilled Worker,https://www.bing.com
Blue Precision Technologies Ltd,Maidstone,Kent,Worker (A rating),Skilled Worker,https://www.blueprecision.co.uk
Bluemax Technology Support Ltd.,Cambridge,Cambridgeshire,Worker (A rating),Skilled Worker,https://bluemaxinfo.co.uk
BLUEGRID TECHNOLOGY LTD,Peterborough,,Worker (A rating),Skilled Worker,https://www.bluegridutilities.com
BLOOP AI LIMITED,LONDON,England,Worker (A rating),Skilled Worker,https://getbloop.ai
BLOW MOULDING TECHNOLOGIES,Belfast,United Kingdom,Worker (A rating),Skilled Worker,
AI Recruitment Technologies Limited,Knowsley,Merseyside,Worker (A rating),Skilled Worker,https://airecruitment.com
AlSaab Ltd t/a AlSaab Digital Ventures,London,,Worker (A rating),Skilled Worker,https://immigrationgpt.co.uk
Aligne Technologies Ltd,London,,Worker (A rating),Skilled Worker,https://www.aligne.ai
Address Intelligence Technologies Limited,London,,Worker (A rating),Skilled Worker,
Aira Digital Limited,Milton Keynes,Buckinghamshire,Worker (A rating),Skilled Worker,
Alfa Financial Software Ltd,London,,Worker (A rating),Skilled Worker,
Amphora Technologies Limited,Belfast,Antrim,Worker (A rating),Skilled Worker,https://amphora.net
Ant Data Limited,Liverpool,,Worker (A rating),Skilled Worker,https://www.antdataltd.co.uk
Anansi Technology Limited,London,,Worker (A rating),Skilled Worker,https://withanansi.com
Apis Assay Technologies,Manchester,Greater Manchester,Worker (A rating),Skilled Worker,https://www.apisassay.com
"API Software Limited (Trading as ""AutoRek"")",Glasgow,,Worker (A rating),Skilled Worker,http://api-software.co.uk
Argentum Data Solutions Ltd,Windsor,,Worker (A rating),Skilled Worker,https://www.argentum.co.uk
ARNOLD MAGNETIC TECHNOLOGIES LIMITED,Sheffield,South Yorkshire,Worker (A rating),Skilled Worker,https://www.arnoldmagnetics.co.uk
ANSA Data Analytics Ltd,Aberdeen,,Worker (A rating),Skilled Worker,https://ansa-data.com
Antare Technology Limited,London,,Worker (A rating),Skilled Worker,https://antare.com
Ant Data Limited,Liverpool,Merseyside,Worker (A rating),Skilled Worker,
ASPER TECHNOLOGIES LIMITED,Wembley,,Worker (A rating),Skilled Worker,https://www.aspertechnologies.com
Appsync Technologies Limited,Luton,,Worker (A rating),Skilled Worker,
ASPIRED DIGITAL LTD,Ilford,,Worker (A rating),Skilled Worker,https://www.aspired.digital
Artemis Technologies Ltd,Poole,,Worker (A rating),Skilled Worker,https://www.artemistechnologies.co.uk
Artificial Intelligence Digital Solutions Limited,Milton Keynes,,Worker (A rating),Skilled Worker,
Arvia Water Technologies Ltd,Runcorn,Cheshire,Worker (A rating),Skilled Worker,
Ascend Technologies Limited,Southampton,Hampshire,Worker (A rating),Skilled Worker,
AZo Network UK Limited,Manchester,,Worker (A rating),Skilled Worker,https://www.azonetwork.com
Aspire technology solutions,Gateshead,,Worker (A rating),Skilled Worker,https://www.aspirets.com
Barrier Networks Limited,Glasgow,,Worker (A rating),Skilled Worker,https://www.barriernetworks.com
Astute Data Systems Ltd,Canterbury,Kent,Worker (A rating),Skilled Worker,https://www.astutegroup.com
Avon Network Events,Bristol,,Worker (A rating),Skilled Worker,https://avonnetworkevents.co.uk
Atominvest Software Ltd,London,,Worker (A rating),Skilled Worker,
BERKUK TECHNOLOGY LTD,Sheffield,,Worker (A rating),Skilled Worker,https://berkuk.com
BigByte Digital Ltd,Manchester,,Worker (A rating),Skilled Worker,https://bigbyte.digital
Blackhawk Network EMEA Limited,Hemel Hempstead,,Worker (A rating),Skilled Worker,https://blackhawknetwork.com
BANDGI TECHNOLOGIES PVT LTD,MAIDENHEAD,BERKSHIRE,Worker (A rating),Skilled Worker,https://www.bandgitechnologies.com
Berkshire Technologies Limited,Bracknell,Berkshire,Worker (A rating),Skilled Worker,
BIM Technologies (Europe) Limited,Newcastle upon Tyne,UK,Worker (A rating),Skilled Worker,https://www.bimtechnologies.co.uk
BIG DATA SCIENCE & TECHNOLOGY LIMITED,Feltham,England,Worker (A rating),Skilled Worker,
BMC Software Ltd,Winnersh Triangle,Berkshire,Worker (A rating),Global Business Mobility: Senior or Specialist Worker,https://www.bmc.com
BLOW MOULDING TECHNOLOGIES,Belfast,United Kingdom,Worker (A rating),Skilled Worker,https://www.bing.com
BMLL Technologies Ltd,London,,Worker (A rating),Skilled Worker,https://www.bmlltech.com
Blue Car Technologies Limited,Reading,Berkshire,Worker (A rating),Skilled Worker,
BOREAS SOFTWARE AND CONSULTING LTD,London,,Worker (A rating),Skilled Worker,https://www.boreassoftware.com
Bond Financial Technologies Ltd,London,,Worker (A rating),Skilled Worker,https://www.bond-financial.com
Blue State Digital UK Limited,London,,Worker (A rating),Skilled Worker,https://www.bluestate.co
BMC Software Ltd,Winnersh Triangle,Berkshire,Worker (A rating),Skilled Worker,
Bo Digital Ltd,Cambridge,Cambridgeshire,Worker (A rating),Skilled Worker,
Bottomline Technologies Limited,Theale,Berkshire,Worker (A rating),Global Business Mobility: Senior or Specialist Worker,https://www.bottomline.com
Boku Network Services UK Ltd,London,,Worker (A rating),Skilled Worker,https://www.boku.com
Brady Technologies Limited,London,,Worker (A rating),Global Business Mobility: Senior or Specialist Worker,https://www.bradytechnologies.com
BORIS SOFTWARE LIMITED,LEEDS,,Worker (A rating),Skilled Worker,https://boris-software.com
Borer Data Systems Ltd,Winnersh,,Worker (A rating),Skilled Worker,
Branthill Computing Ltd,Covent,,Worker (A rating),Skilled Worker,http://www.branthill.com
BRG INFOTECH LIMITED,London,,Worker (A rating),Skilled Worker,https://www.brginfotech.co.uk
Bottomline Technologies Limited,Theale,Berkshire,Worker (A rating),Skilled Worker,
Brady Technologies Limited,London,,Worker (A rating),Skilled Worker,https://www.bradytechnologies.com
BrightSign Digital Ltd,Great Shelford,,Worker (A rating),Skilled Worker,https://www.brightsign.biz
Brain Labs Digital Ltd,London,,Worker (A rating),Global Business Mobility: Senior or Specialist Worker,https://www.brainlabsdigital.com
Brain Labs Digital Ltd,London,,Worker (A rating),Skilled Worker,
Bricklane Technologies Ltd,London,,Worker (A rating),Skilled Worker,
BrightSign Technology Limited,London,,Worker (A rating),Skilled Worker,https://www.brightsign.biz
BRICLOGIX TECHNOLOGIES LTD,Uxbridge,,Worker (A rating),Skilled Worker,
Brightly Software Limited,"Chatham Maritime, Chatham,",Kent,Worker (A rating),Skilled Worker,
Bristol Fluid System Technologies Ltd. T/A Swagelok Central UK,Bristol,,Temporary Worker (A rating),Global Business Mobility: Graduate Trainee,https://www.bing.com
Britannia Cloud Ltd,London,England,Worker (A rating),Skilled Worker,
Brompton Technology Ltd,London,,Worker (A rating),Skilled Worker,https://www.brompton.com
Broad Visions Technologies Ltd,Reading,,Worker (A rating),Skilled Worker,
Broadvision Technologies (UK) Ltd,London,,Worker (A rating),Skilled Worker,https://broadvision.com
BRS Technology Limited,GLASGOW,Lanarkshire,Worker (A rating),Skilled Worker,https://brstechnology.co.uk
Bromley Computer And Laptop Repairs,Bromley,,Worker (A rating),Skilled Worker,http://bromleycomputerrepair.com
Britasia TV Networks Ltd,Birmingham,West Midlands,Worker (A rating),Skilled Worker,
Bubo AI Ltd,Middlesborough,,Worker (A rating),Skilled Worker,https://bubo.ai
Brown Earth Technologies UK Limited,Sutton,,Worker (A rating),Skilled Worker,
BTL NETWORK LTD T/a Paytap,London,,Worker (A rating),Skilled Worker,https://immigrationgpt.co.uk
BUSINESS DATA QUALITY LTD,LONDON,,Worker (A rating),Skilled Worker,
BZ Technology Limited,London,Greater London,Worker (A rating),Skilled Worker,https://www.ukcompanydir.com
C SQUARED NETWORKS LTD,London,,Worker (A rating),Skilled Worker,https://csquarednetworks.com
Cairn technology Ltd,Sheffield,South Yorkshire,Worker (A rating),Skilled Worker,https://cairntechnology.com
C.D.S. Computer Design Systems Ltd,Salford,Greater Manchester,Worker (A rating),Skilled Worker,https://manchester.cylex-uk.co.uk
CAPITAL TRAINING AND DEVELOPMENT NETWORK,London,,Temporary Worker (A rating),Charity Worker,https://capitaltraining.com
Capsa.AI Ltd,London,,Worker (A rating),Skilled Worker,https://capsa.ai
C3 BIO-TECHNOLOGIES LIMITED,Lancaster,Lancashire,Worker (A rating),Skilled Worker,https://c3biotech.com
Carbon (AI) Ltd,Middlesbrough,County Durham,Worker (A rating),Skilled Worker,https://carbonai.eco
Caldervale Technology Limited,Dewsbury,West Yorkshire,Worker (A rating),Skilled Worker,https://www.caldertech.com
Call Systems Technology Limited,Elstree,Hertfordshire,Worker (A rating),Skilled Worker,https://www.call-systems.com
Cambridge Photon Technology Limited,Saffron Walden,Essex,Worker (A rating),Skilled Worker,
Camden AI Limited,London,,Worker (A rating),Skilled Worker,
Catalent Micron Technologies Limited,Dartford,,Worker (A rating),Global Business Mobility: Senior or Specialist Worker,https://www.catalent.com
Cato Networks (UK) Limited,London,,Worker (A rating),Skilled Worker,https://www.catonetworks.com
Caribbean & African Health Network (CAHN),Manchester,,Worker (A rating),Skilled Worker,https://www.cahn.org.uk
Cast Software Limited,London,,Worker (A rating),Skilled Worker,https://www.castsoftware.com
CCm Technologies Ltd,Swindon,,Worker (A rating),Skilled Worker,https://www.ccmtechnologies.co.uk
CCS Technology Ltd,Coventry,Warwickshire,Worker (A rating),Skilled Worker,https://www.ccstech.co.uk
Catch Digital,London,,Worker (A rating),Skilled Worker,https://www.catchdigital.io
Caysure Digital Limited,London,,Worker (A rating),Skilled Worker,https://caysure.digital
Catalent Micron Technologies Limited,Dartford,,Worker (A rating),Skilled Worker,
Celestia Technologies Group - UK Ltd,Edinburgh,,Worker (A rating),Skilled Worker,https://www.celestia-uk.com
CCL Technology Solutions Ltd,Bellshill,,Worker (A rating),Skilled Worker,
Central Technology Ltd,Chesterfield,Derbshire,Worker (A rating),Skilled Worker,https://www.centralnetworks.co.uk
Celebrium Technologies Limited,Bradford,ENGLAND,Worker (A rating),Skilled Worker,https://www.celebriumtech.com
Celebrus Technologies Plc,Sunbury,Middlesex,Worker (A rating),Skilled Worker,https://www.celebrus.com
Centillion Technology Limited,Cambridge,,Worker (A rating),Skilled Worker,https://centillion.eu
Cenex (Centre of Excellence for Low Carbon and Fuel Cell Technologies),Loughborough,Leicestershire,Worker (A rating),Skilled Worker,
Centium Software Limited,Milton Keynes,,Worker (A rating),Skilled Worker,
Chameleon Technology Ltd,Harrogate,,Worker (A rating),Skilled Worker,https://chameleontechnology.co.uk
CENTRE OF INTELLIGENT TECHNOLOGIES LTD,Dewsbury,,Worker (A rating),Skilled Worker,
Cheq Technologies (UK) Limited,London,,Worker (A rating),Skilled Worker,https://cheqtechnologies.com
CENTURAY TECHNOLOGIES UK LTD,London,,Worker (A rating),Global Business Mobility: UK Expansion Worker,
Centrepoint Computer Services Ltd,Epsom,Surrey,Worker (A rating),Skilled Worker,
Certs Assured Technology Limited,Letchworth,Hertfordshire,Worker (A rating),Skilled Worker,
Chime Software Limited,Kings Langley,,Worker (A rating),Skilled Worker,https://www.chimesoftware.co.uk
Cheam Academies Network,Cheam,Surrey,Worker (A rating),Skilled Worker,
"CHONGQING CABERS ENVIRONMENTAL PROTECTION TECHNOLOGY UK CO, LTD",London,,Worker (A rating),Skilled Worker,https://www.chongqingcabers.co.uk
CHESTER CENTRAL PRIMARY CARE NETWORK LTD,CHESTER,CHESHIRE,Worker (A rating),Skilled Worker,
Chilli Source Software Limited,Newry,Co Down,Worker (A rating),Skilled Worker,https://chillisourcesoftware.co.uk
Chipper Technologies (UK) Limited,London,,Worker (A rating),Skilled Worker,
Chipper Technologies (UK) Limited,London,,Worker (A rating),Global Business Mobility: Senior or Specialist Worker,https://chippertechnologies.com
Cityplus Network Ltd,London,,Worker (A rating),Skilled Worker,https://www.cityplusnetwork.co.uk
Chipstone (UK) Technologies Ltd,London,,Worker (UK Expansion Worker: Provisional ),Global Business Mobility: UK Expansion Worker,
CIM Software Ltd,Southampton,Hampshire,Worker (A rating),Skilled Worker,
Circle Cloud Communications Ltd,SOUTHAMPTON,,Worker (A rating),Skilled Worker,https://circle.cloud
CITATION CYBER LIMITED,Lancaster,,Worker (A rating),Skilled Worker,https://citationcyber.com
CITY CONSTRUCTION NETWORK LTD,ILFORD,,Worker (A rating),Skilled Worker,https://www.cityconstructionltd.co.uk
CLAIMWISE AI LIMITED,London,,Worker (A rating),Skilled Worker,
CITYSCAPE DIGITAL LIMITED,LONDON,GREATER LONDON,Worker (A rating),Skilled Worker,
Clarity Software Group Limited,Solihull,West Midlands,Worker (A rating),Skilled Worker,https://clarity-software.com
Cloud Cowork Ltd,Romford,,Temporary Worker (A rating),Global Business Mobility: Graduate Trainee,https://www.companieslist.co.uk
Clearmatics Technologies Ltd,London,,Worker (A rating),Skilled Worker,
CLOUD DATA CONSULTANTS LTD,Slough,,Worker (A rating),Skilled Worker,https://clouddataconsultants.co.uk
Clientserver Technology Solutions Ltd,Rugby,,Worker (A rating),Skilled Worker,
Clinical Network Systems Limited,London,,Worker (A rating),Skilled Worker,
Cloud Consulting Group Ltd,Bristol,,Worker (A rating),Skilled Worker,http://cloudconsultinggroup.net
Cloud Made Ltd,London,,Worker (A rating),Skilled Worker,https://open.endole.co.uk
CLOUD CX LTD,London,,Worker (A rating),Skilled Worker,
Cloud Digital Limited,Hinckley,,Worker (A rating),Skilled Worker,https://www.clouddigitalmedia.co.uk
Cloud SG UK Ltd,London,,Worker (A rating),Skilled Worker,https://www.dnb.com
Cloud Logics Ltd,BROMLEY,,Worker (A rating),Skilled Worker,https://www.cloudlogics.com
Cloud Kitchen London Ltd T/AS Hyderabad Wala {House of Biryani},London,,Worker (A rating),Skilled Worker,
Coder Technologies Inc,London,,Worker (A rating),Global Business Mobility: UK Expansion Worker,https://codertechnologies.in
COLOR STAR TECHNOLOGY UK LIMITED,London,,Worker (A rating),Skilled Worker,https://www.colorstartechnology.com
Cloud Ninjas Limited,Halesowen,West Midlands,Worker (A rating),Skilled Worker,https://cloudninjasltd.com
CLOUD ODYSSEY IT SOLUTIONS LTD,London,,Worker (A rating),Skilled Worker,
COMM-TECH VOICE & DATA LIMITED,Norwich,Norfolk,Worker (A rating),Skilled Worker,https://www.comm-tech.co.uk
Commonplace Digital LTD,Manchester,,Worker (A rating),Skilled Worker,https://www.commonplace.is
Cloud SG UK Ltd,London,,Worker (A rating),Global Business Mobility: Senior or Specialist Worker,https://www.dnb.com
Communications Software (Airline systems) Limited,London,,Worker (A rating),Skilled Worker,https://www.oases.aero
CLOUD TAX LIMITED,London,,Worker (A rating),Skilled Worker,
cloud.IQ Limited,London,,Worker (A rating),Skilled Worker,
Colvir Software Solutions Ltd,London,,Worker (A rating),Skilled Worker,https://colvir.com
Community Trust Network,Milton Keynes,,Worker (A rating),Skilled Worker,https://www.communitylandtrusts.org.uk
COMPUTER HYPE LTD,London,London,Worker (A rating),Skilled Worker,https://www.infobel.com
Compound Digital Technologies Limited,London,,Worker (A rating),Skilled Worker,
COMPUTER DATA SHRED LTD,Leicester,,Worker (A rating),Skilled Worker,https://computeritdisposals.co.uk
Computer Says Maybe Ltd,London,,Worker (A rating),Skilled Worker,
Computer Specialist LTD,Birmingham,,Worker (A rating),Skilled Worker,https://www.computerspecialistuk.co.uk
Connect Software Solutions Limited,"Nelson, Lancashire",,Worker (A rating),Skilled Worker,https://connect-software.solutions
Computer Task Group (UK) LTD,Reading,Berkshire,Worker (A rating),Global Business Mobility: Senior or Specialist Worker,
Computer Task Group (UK) LTD,Reading,Berkshire,Worker (A rating),Skilled Worker,https://taskgroup.co.uk
COMTEK NETWORK SYSTEMS (UK)LTD,DEESIDE,FLINTSHIRE,Worker (A rating),Skilled Worker,https://comtek.co.uk
Computing Distribution Group Ltd,Sunningdale,Berkshire,Worker (A rating),Skilled Worker,
Conduct AI Ltd,London,,Worker (A rating),Skilled Worker,
Conway Marsh Garrett Technologies Limited,Rendlesham,Suffolk,Worker (A rating),Skilled Worker,https://cmgtechnologies.co.uk
COPA-DATA UK LIMITED,Bristol,,Worker (A rating),Skilled Worker,https://www.copadata.com
Credo Technology Services UK Ltd,Leeds,,Worker (A rating),Skilled Worker,https://credots.uk
Contained Technologies UK Ltd,Spalding,Lincolnshire,Worker (A rating),Skilled Worker,
Container Solutions Software Ltd,London,,Worker (A rating),Skilled Worker,
CONTRACTPOD TECHNOLOGIES LIMITED,LONDON,,Worker (A rating),Skilled Worker,https://www.findglocal.com
Conway Marsh Garrett Technologies Limited CMG Technologies,Rendlesham,,Worker (A rating),Skilled Worker,https://cmgtechnologies.co.uk
Data Market Information Technology Ltd,London,,Worker (A rating),Skilled Worker,https://www.ukcompanydir.com
Cubewise Software Ltd,Edgware,,Worker (A rating),Skilled Worker,
Cyber Security Hub Ltd,London,,Worker (A rating),Skilled Worker,
Data Interconnect Ltd,Watchfield,Oxon,Worker (A rating),Skilled Worker,
Ethnic Technologies (London) Limited,London,,Worker (A rating),Skilled Worker,
Data Physics (UK) Ltd,Hailsham,,Worker (A rating),Skilled Worker,https://dataphysics.com
Fusionride Technology (UK) Limited,London,,Worker (A rating),Skilled Worker,
Future Technology Group Ltd,Chatteris,Cambridgeshire,Worker (A rating),Skilled Worker,https://futuretech.cloud
FX Digital Ltd,London,,Worker (A rating),Skilled Worker,https://fxdigital.uk
FYRE DIGITAL LTD T/A YUZE,Darlington,Durham,Worker (A rating),Skilled Worker,
Gamma Telecom Holdings Limited,London,,Worker (A rating),Skilled Worker,https://gammagroup.co
Gateway Digital UK Limited,Hook,United Kingdom,Worker (A rating),Skilled Worker,https://www.thegatewaydigital.com
Gateview Technologies Limiited,Leeds,,Worker (A rating),Skilled Worker,https://gateview.com
Gateway Digital UK Limited,Hook,United Kingdom,Worker (A rating),Global Business Mobility: Senior or Specialist Worker,
GBTEC Software UK Ltd,London,,Worker (A rating),Skilled Worker,
GB Infotech Retail Ventures Limited,"Nottingham,",,Worker (A rating),Skilled Worker,
GfK Retail and Technology UK Limited,London,,Worker (A rating),Skilled Worker,https://www.dnb.com
Giacom (Cloud) Limited,Hull,,Worker (A rating),Skilled Worker,https://giacom.com
GDK Software Ltd,Orpington,,Worker (A rating),Skilled Worker,https://gdksoftware.com
Genuine Technologies Ltd t/a TruthEngine,Esher,,Worker (A rating),Skilled Worker,https://truthengine.com
Genius Software Solutions Limited,Glasgow,,Worker (A rating),Skilled Worker,
Ginger Digital Ltd,Hungerford,,Worker (A rating),Skilled Worker,https://ginger-digital.co.uk
Ginza Technologies Ltd,Solihull,West Midlands,Worker (A rating),Skilled Worker,https://www.ginzatech.co.uk
Geordie AI Ltd,London,London,Worker (A rating),Skilled Worker,
Girling & Company Software Limited,Bury St Edmunds,Suffolk,Worker (A rating),Skilled Worker,https://efinder.uk
Glo-Networks Limited,Bridgend,,Worker (A rating),Skilled Worker,https://www.gloworld.com
Global Change Data Lab,Oxford,,Worker (A rating),Skilled Worker,https://global-change-data-lab.org
Global Legal Action Network,London,,Worker (A rating),Skilled Worker,https://glanlaw.org
GfK Retail and Technology UK Limited,London,,Worker (A rating),Global Business Mobility: Senior or Specialist Worker,
GIFT SUPPORT NETWORK,"LONDON,",Lambeth,Temporary Worker (A rating),Charity Worker,
Global Technology Ltd,Warrington,Cheshire,Worker (A rating),Skilled Worker,https://www.globaltechnologiesltd.info
Global Digital Systems Limited,Hook,Hampshire,Worker (A rating),Skilled Worker,
Global Network of Sex Work Projects Limited (NSWP),Edinburgh,,Worker (A rating),Skilled Worker,
GLOBAL NANO NETWORK LIMITED,Coventry,West Midlands,Worker (A rating),Skilled Worker,
Global Reach Technology EMEA Ltd,London,,Worker (A rating),Skilled Worker,
Godel Technologies Europe Ltd,Manchester,Greater Manchester,Worker (A rating),Skilled Worker,https://www.godeltech.com
Global Partners Digital,London,,Worker (A rating),Skilled Worker,
Goodfire AI UK Limited,London,,Worker (A rating),Skilled Worker,https://www.goodfire.ai
GOODS & SERVICES TECHNOLOGY LIMITED,LONDON,,Worker (A rating),Skilled Worker,https://www.goodsandservices.com
GOT Technologies (UK) Ltd,London,,Worker (A rating),Skilled Worker,https://www.ukcompanydir.com
Global Telecom Networks Ltd,Milton Keynes,,Worker (A rating),Skilled Worker,
Glyphic AI Limited,Sevenoaks,Kent,Worker (A rating),Skilled Worker,
Godel Technologies Europe Ltd,Manchester,Greater Manchester,Worker (A rating),Global Business Mobility: Senior or Specialist Worker,
Goldtakas Technologies Limited,London,,Worker (A rating),Skilled Worker,https://goldtakastechnologies.co.uk
GR Digital Ltd T/A Zygo Media,Swansea,,Worker (A rating),Skilled Worker,https://visasponsorshipuk.com
Gooding & Co Ltd t/a Data Privacy Advisory Service,Exeter,,Worker (A rating),Skilled Worker,https://www.goodingandco.uk
Graphite Digital Ltd,Brighton,East Sussex,Worker (A rating),Skilled Worker,https://www.graphitedigital.com
Grasp Technologies Limited,London,,Worker (A rating),Skilled Worker,https://www.grasptech.com
GoTo Technologies UK Limited,London,,Worker (A rating),Skilled Worker,
GoTo Technologies UK Limited,London,,Worker (A rating),Global Business Mobility: Senior or Specialist Worker,
GPC Computer Software Ltd,Manchester,,Worker (A rating),Skilled Worker,https://www.gpcsl.com
GREEN CODE TECHNOLOGIES LIMITED,ENGLAND,UNITED KINGDOM,Worker (UK Expansion Worker: Provisional ),Global Business Mobility: UK Expansion Worker,
Gravity Data Ltd,London,,Worker (A rating),Skilled Worker,
Green Soft Technologies LTD,London,,Worker (A rating),Skilled Worker,http://greensofttechnologies.co.uk
Ground Control Technologies UK Ltd,Churcham,Gloucestershire,Worker (A rating),Skilled Worker,https://www.ground-control.co.uk
Greenback Recycling Technologies,London,,Worker (A rating),Skilled Worker,https://www.greenback.earth
Greenstar Technology Limited,Harrow,,Worker (A rating),Skilled Worker,
Gresham Technologies plc,Southampton,Hampshire,Worker (A rating),Skilled Worker,
Grey Technology Limited (Gtech),Worcester,,Worker (A rating),Skilled Worker,https://www.gtech.co.uk
GreyMatters Technologies LTD,Bristol,,Worker (A rating),Skilled Worker,
Hammertech Software UK Ltd,London,,Worker (A rating),Global Business Mobility: UK Expansion Worker,https://www.hammertech.com
Grunt Software Ltd,Norwich,,Worker (A rating),Skilled Worker,
GS INNOVATIVE TECHNOLOGY LTD,Dagenham,,Worker (A rating),Skilled Worker,https://gstechnology.co.uk
GSR Technology Europe Ltd.,Bracknell,Berkshire,Worker (A rating),Skilled Worker,
Gyro Technologies Ltd,Tewkesbury,Gloucestershire,Worker (A rating),Skilled Worker,
Hard Drive Technology Limited,Atherstone,,Worker (A rating),Skilled Worker,https://www.westerndigital.com
Haefele Software Limited,London,,Worker (A rating),Skilled Worker,
Harlequin Software Ltd,Marlborough,Wiltshire,Worker (A rating),Skilled Worker,https://harlequinsoftware.co.uk
HAMPTON DATA SERVICES LTD,CHESSINGTON,SURREY,Worker (A rating),Skilled Worker,https://www.hamptondata.com
Heating & Oven Technology Limited,Isleworth,Middlesex,Worker (A rating),Skilled Worker,https://www.heating-and-oven-technology.co.uk
Handle Technologies Ltd,London,London,Worker (A rating),Skilled Worker,https://www.handle.com
HANOTO TECHNOLOGY LTD,Barcombe,,Worker (A rating),Skilled Worker,https://hanototechnology.com
Harasoft Technologies Limited,Milton Keynes,Buckinghamshire,Worker (A rating),Skilled Worker,https://harasoft.co.uk
Harvest Digital Ltd,London,,Worker (A rating),Skilled Worker,
Haulmont Technology Limited,London,,Worker (A rating),Skilled Worker,
Higher Concept Software Limited,Reading,,Worker (A rating),Skilled Worker,http://www.higherconceptsoftware.co.uk
HI-TECH TECHNOLOGIES LTD,Worcester,,Worker (A rating),Skilled Worker,https://www.hitechltd.com
Hello AI Limited,London,,Worker (A rating),Global Business Mobility: UK Expansion Worker,
HiETA Technologies Limited,Bristol,,Worker (A rating),Skilled Worker,https://www.raceenginetechnology.com
High Digital Limited,London,,Worker (A rating),Skilled Worker,https://www.highdigital.co.uk
Holistic AI,London,,Worker (A rating),Skilled Worker,https://www.holisticai.com
Higher Concept Software Limited,Reading,,Worker (A rating),Global Business Mobility: Senior or Specialist Worker,http://www.higherconceptsoftware.co.uk
Highlander Computing Solutions Ltd,Sheffield,,Worker (A rating),Skilled Worker,https://connectyorkshire.org
HII-TECH-TECHNOLOGIES LTD,Worcester,,Worker (A rating),Skilled Worker,https://hii3.co.uk
Hightest Technology Limited,Hampton,,Worker (A rating),Skilled Worker,
Hillside (Technology) Limited,Stoke-On-Trent,,Worker (A rating),Skilled Worker,https://www.dnb.com
Hopscotch Network UK,London,,Worker (A rating),Skilled Worker,https://hopscotch.one
HT Digital Services Ltd,London,,Worker (A rating),Skilled Worker,https://www.ht.digital
Homelink Technologies,Bristol,Stoke Gifford,Worker (A rating),Skilled Worker,
HOOFPRINTS TECHNOLOGIES LTD T/A CHETTINAD MESS,Stirling,,Worker (A rating),Skilled Worker,
Hoopla Digital Ltd,London,London,Worker (A rating),Skilled Worker,
Hopscotch Network UK,London,,Worker (A rating),Global Business Mobility: Senior or Specialist Worker,https://hopscotch.one
HT Digital Ltd,London,,Worker (A rating),Skilled Worker,https://www.ht.digital
Human Digital Twin Limited,London,,Worker (A rating),Skilled Worker,https://human-digital.com
HT SOFTWARE UK LTD,Chadwell Heath,,Worker (A rating),Skilled Worker,
Hutchison Technologies Limited,Dundee,,Worker (A rating),Skilled Worker,
I-Net Software Solutions,Hounslow,,Worker (A rating),Skilled Worker,https://www.inetsoftwaresolutions.co.uk
IBRAHIM & RAYAN TECHNOLOGIES LTD,Didcot,Oxfordshire,Worker (A rating),Skilled Worker,https://www.gbrbusiness.com
HYDAC TECHNOLOGY LIMITED,Witney,Oxfordshire,Worker (A rating),Skilled Worker,
Hydropath Technology Ltd,Nottingham,,Worker (A rating),Skilled Worker,
Hyran Technologies Ltd,Cambridge,,Worker (A rating),Skilled Worker,https://hyran.co
Idox Software Ltd.,Woking,Surrey,Worker (A rating),Skilled Worker,https://www.idoxgroup.com
I-Net Software Solutions,Hounslow,,Worker (A rating),Scale-up,https://www.inetsoftwaresolutions.co.uk
IDS TECHNOLOGY LIMITED,London,,Worker (A rating),Skilled Worker,https://www.idstech.uk
Iceotope Technologies Limited,Catcliffe,Sheffield,Worker (A rating),Skilled Worker,
iConnect Digital Solutions Ltd,Northfleet,,Worker (A rating),Skilled Worker,
Icore Digital Ltd,Silsoe,Bedford,Worker (A rating),Skilled Worker,https://icore.digital
IDEAL COMPUTING.CO.UK LIMITED,EDINBURGH,,Worker (A rating),Skilled Worker,
Ilika Technologies Ltd,Romsey,,Worker (A rating),Skilled Worker,https://www.ilika.com
IDX Technology Europe Ltd,Slough,Berkshire,Worker (A rating),Skilled Worker,https://idx-europe.co.uk
IMMERSIVE CLOUD SOLUTIONS GROUP LIMITED,Windsor,Berkshire,Worker (A rating),Skilled Worker,https://immersiveai.co.uk
Iglu Network Ltd,London,,Worker (A rating),Skilled Worker,
IGNITE TECHNOLOGIES INTERNATIONAL LIMITED,London,,Worker (A rating),Skilled Worker,
Ignitho Technologies UK Ltd,Falmer,,Worker (A rating),Skilled Worker,https://www.ignitho.com
"Imagine Software (UK), Ltd.",London,,Worker (A rating),Global Business Mobility: Senior or Specialist Worker,
"Imagine Software (UK), Ltd.",London,,Worker (A rating),Skilled Worker,
Imply Data UK Limited,London,,Worker (A rating),Global Business Mobility: Senior or Specialist Worker,https://imply.io
Improvability AI,London,,Worker (A rating),Skilled Worker,https://improvability.ai
Impact Cubed Data Analytics Limited,London,,Worker (A rating),Skilled Worker,
In Digital Ltd,London,,Worker (A rating),Skilled Worker,https://indigital.marketing
Impala Travel Technology Ltd,London,,Worker (A rating),Skilled Worker,
IMPERIAL WORLD TECHNOLOGIES LTD T/A PHOTOPLACE,PINNER,,Worker (A rating),Skilled Worker,
Incredible Technologies Limited,London,,Worker (A rating),Skilled Worker,https://www.getincredible.com
Imply Data UK Limited,London,,Worker (A rating),Skilled Worker,
IMPRESSION DIGITAL LIMITED,NOTTINGHAM,,Worker (A rating),Skilled Worker,
In Digital Marketing Limited,London,,Worker (A rating),Skilled Worker,https://indigital.marketing
Incode Technology UK Limited,Nottingham,,Worker (A rating),Skilled Worker,
INCTURE TECHNOLOGY LIMITED,Harrow,,Worker (A rating),Global Business Mobility: Senior or Specialist Worker,https://incture.com
Independent Technology Systems Limited,Bristol,,Worker (A rating),Skilled Worker,https://independent-systems.com
INCTURE TECHNOLOGY LIMITED,Harrow,,Worker (A rating),Skilled Worker,https://incture.com
Independent Digital News and Media Limited,London,,Worker (A rating),Skilled Worker,https://www.independent.co.uk
Indigo Software Ltd,Durham City,County Durham,Worker (A rating),Skilled Worker,https://indigo.co.uk
Indus Health Network UK,London,,Worker (A rating),Skilled Worker,https://indushospital.org.uk
Industrial Technology Systems,Middlesbrough,Teesside,Worker (A rating),Skilled Worker,https://www.its-ltd.co.uk
Inetum Digital Services UK Limited,London,,Worker (A rating),Skilled Worker,https://www.inetum.com
INFINITE CARE NETWORK LTD,"Hersham,",Surrey,Worker (A rating),Skilled Worker,https://infinitecarenetwork.co.uk
Independent Technology Systems Limited,Bristol,,Worker (A rating),Global Business Mobility: Senior or Specialist Worker,https://independent-systems.com
INFINITE COMPUTER SOLUTIONS LIMITED,London,,Worker (A rating),Skilled Worker,https://www.infinite.com
Indigo Telecom Group Limited,Magor,Monmouthshire,Worker (A rating),Skilled Worker,https://www.indigotg.com
INDRA RENEWABLE TECHNOLOGIES LIMITED,Worcestershire,,Worker (A rating),Skilled Worker,
Infineon Technologies UK Limited,Bristol,,Worker (A rating),Global Business Mobility: Senior or Specialist Worker,
Infineon Technologies UK Limited,Bristol,,Worker (A rating),Skilled Worker,https://www.infineon.com
Infoplus Technologies UK Limited,London,,Worker (A rating),Skilled Worker,http://www.infoplusltd.co.uk
INFINITE SOFTWARE SOLUTIONS LTD,Preston,,Worker (A rating),Skilled Worker,https://infinite.software
Infinity Technology Solutions,Tunbridge Wells,,Worker (A rating),Skilled Worker,
Influence Digital Limited,London,,Worker (A rating),Skilled Worker,
Influential Software Services Ltd,Maidstone,Kent,Worker (A rating),Skilled Worker,
Infoplus Technologies UK Limited,London,,Worker (A rating),Global Business Mobility: Senior or Specialist Worker,http://www.infoplusltd.co.uk
Infopro Digital Services Ltd,London,,Worker (A rating),Skilled Worker,
Informatica Software Ltd,Maidenhead,Berks,Worker (A rating),Skilled Worker,
Informatica Software Ltd,Maidenhead,Berks,Worker (A rating),Global Business Mobility: Senior or Specialist Worker,
Infrasoft Technologies Limited,London,,Worker (A rating),Global Business Mobility: Senior or Specialist Worker,https://www.infrasoft.uk
Information Technologies Limited,Hitchin,,Worker (A rating),Skilled Worker,
INFOSEC CYBER SECURITY LTD,LONDON,,Worker (A rating),Skilled Worker,
Ink Digital Ltd,Brentwood,Essex,Worker (A rating),Skilled Worker,https://ink-digital.co.uk
INFOTECH SYSTEM SOLUTIONS LIMITED,Northolt,London,Worker (A rating),Skilled Worker,
INFOTECH WEB TECHNOLOGIES LIMITED,Tyne & Wear,England,Worker (A rating),Skilled Worker,
Infrasoft Technologies Limited,London,,Worker (A rating),Skilled Worker,https://www.infrasoft.uk
Ingenuity Digital Limited,Leeds,,Worker (A rating),Skilled Worker,https://ingenuitylondon.com
InHaus.ai Limited,London,,Worker (A rating),Skilled Worker,
Innovate Automotive Network Limited,Preston,Lancashire,Worker (A rating),Skilled Worker,https://www.innovation-automotive.co.uk
INK NETWORKS LIMITED,Farnham,,Worker (A rating),Skilled Worker,
Innatus Digital,Taunton,Somerset,Worker (A rating),Skilled Worker,
INNOTECH DIGITAL & DISPLAY LTD,"Bardon,",Leics,Worker (A rating),Skilled Worker,
INNOVA TECHNOLOGY SOLUTIONS UK LIMITED,London,,Worker (A rating),Skilled Worker,
Innovation Technology and Business Solutions Limited,London,,Worker (A rating),Global Business Mobility: Senior or Specialist Worker,
Innovation Technology and Business Solutions Limited,London,,Worker (A rating),Skilled Worker,https://innovative-technology.com
INNOVATIVE TECHNOLOGY LTD,OLDHAM,LANCASHIRE,Worker (A rating),Skilled Worker,https://innovative-technology.com
Innovatus Telecom Services Limited,Wellesbourne,Warwickshire,Worker (A rating),Skilled Worker,
Innovent Technology Limited,Roslin,Midlothian,Worker (A rating),Skilled Worker,
Inspira Digital Ltd.,Barnstaple,Devon,Worker (A rating),Skilled Worker,https://www.inspira.com
Innovia Technology Ltd,Cambridge,,Worker (A rating),Skilled Worker,
Insider Technologies Limited,Greater Manchester,,Worker (A rating),Skilled Worker,https://www.insidertech.co.uk
Insightful Technology Limited,London,,Worker (A rating),Skilled Worker,https://insightfultechnology.com
Insight Data Analytics Limited,Hatfield,Herts,Worker (A rating),Skilled Worker,https://insight-da.com
Insight Technology Ltd,Lonon,,Worker (A rating),Skilled Worker,
InSync Technology Ltd,Petersfield,Hampshire,Worker (A rating),Skilled Worker,https://www.insync.tv
Inspired Homes Network Ltd,Conwy,Conwy,Worker (A rating),Skilled Worker,
Instant Access Technologies,Wokingham,Berkshire,Worker (A rating),Skilled Worker,
INTEGRA SOFTWARE SERVICES PRIVATE LTD,Berkshire,,Worker (A rating),Skilled Worker,https://integranxt.com
Instill AI Ltd,London,,Worker (A rating),Skilled Worker,https://www.instill-ai.com
Insurance Data Solutions,Chelmsford,Essex,Worker (A rating),Skilled Worker,https://www.insurancedatasolutions.co.uk
Intact Software (UK) Limited,Hemel Hempstead,Herts,Worker (A rating),Skilled Worker,
INTEGRA SOFTWARE SERVICES PRIVATE LTD,Berkshire,,Worker (A rating),Global Business Mobility: Senior or Specialist Worker,https://integranxt.com
Integrated Technology Corporation Ltd,London,,Worker (A rating),Skilled Worker,https://integratedtechltd.com
Integrated Clinical Oncology Network UK Ltd,Wimbledon,,Worker (A rating),Skilled Worker,
Integrated Clinical Oncology Network UK Ltd,Wimbledon,,Worker (A rating),Global Business Mobility: Senior or Specialist Worker,https://www.ioclinicalnetwork.co.uk
Intelliam AI Plc,Sheffield,South Yorkshire,Worker (A rating),Skilled Worker,https://intelliam.ai
Integrated Digital Solutions Limited,Buckinghamshire,,Worker (A rating),Skilled Worker,
Integrated System Technologies Limited,Lichfield,Staffordshire,Worker (A rating),Skilled Worker,https://integratedsystemtech.com
Integrated Technologies Limited,Ashford,Kent,Worker (A rating),Skilled Worker,
Intelance Digital Enablement Services Ltd,Hayes,Greater London,Worker (A rating),Skilled Worker,https://www.intelance.co.uk
Intelligent Data Technologies Limited,Weybridge,Surrey,Worker (A rating),Skilled Worker,https://intelligent-ds.com
Intelys Technology Limited,Windlesham,Surrey,Worker (A rating),Skilled Worker,
Intellium AI,BRISTOL,Avon,Worker (A rating),Skilled Worker,https://www.intellium.ai
Intense Technologies UK Limited,Reading,Berkshire,Worker (A rating),Global Business Mobility: Senior or Specialist Worker,
Intense Technologies UK Limited,Reading,Berkshire,Worker (A rating),Skilled Worker,
Interlink Software Services Limited,Wilmslow,,Worker (A rating),Skilled Worker,https://www.interlinksoftware.com
Intermedia Technologies Company Ltd,Bristol,,Worker (A rating),Skilled Worker,https://www.intermedia.com
International Corporate Governance Network,London,,Worker (A rating),Skilled Worker,https://www.bing.com
INTER TECHNOLOGIES CORPORATION LIMITED,LONDON,,Worker (UK Expansion Worker: Provisional ),Global Business Mobility: UK Expansion Worker,https://intertech.tv
INTERNATIONAL NETWORK FOR TRADITIONAL BUILDING ARCHITECTURE & URBANISM (UK),London,,Worker (A rating),Skilled Worker,https://www.intbau.org
Interactive Software Ltd,Solihull,,Worker (A rating),Skilled Worker,https://www.interactivesoftware.co.uk
International Network of People who Use Drugs,London,London,Worker (A rating),Skilled Worker,https://inpud.net
Interactive Technology Corporation Ltd,Manchester,,Worker (A rating),Skilled Worker,http://www.int-tech.co.uk
Intercom Software UK Limited,London,,Worker (A rating),Skilled Worker,https://www.intercom.com
Intropy AI Ltd,London,,Worker (A rating),Skilled Worker,https://intropy.ai
Intermedia Technologies Company Ltd,Bristol,,Worker (A rating),Global Business Mobility: Senior or Specialist Worker,
International Food Technologies Ltd,London,London,Worker (A rating),Skilled Worker,
Intrinsic Semiconductor Technologies Limited,Brill,Buckinghamshire,Worker (A rating),Skilled Worker,
Introworld Technology Limited,London,,Worker (A rating),Skilled Worker,
Inventive Technologies Limited,Basingstoke,Hampshire,Worker (A rating),Skilled Worker,https://inventivetechnologies.com
INVEON DIGITAL COMMERCE SOLUTIONS LTD,Buckinghamshire,,Worker (A rating),Skilled Worker,
Investement Software Limited,London,,Worker (A rating),Skilled Worker,https://www.investmentsoftwareltd.com
Investis Digital Limited,London,,Worker (A rating),Skilled Worker,https://www.ecipartners.com
Investis Digital Limited,London,,Worker (A rating),Global Business Mobility: Senior or Specialist Worker,https://www.ecipartners.com
INVESTOR NETWORKS LTD,London,,Worker (A rating),Skilled Worker,
InVision Software Limited,Leicester,,Worker (A rating),Skilled Worker,
Invincible Software Holdings Ltd,Abingdon,,Worker (A rating),Skilled Worker,
IOPEX TECHNOLOGIES LTD,LONDON,,Worker (A rating),Global Business Mobility: Senior or Specialist Worker,http://iopextechnologies.com
IOKODA TECHNOLOGIES LTD,London,Fitzrovia,Worker (A rating),Skilled Worker,
IQ Data Group Limited trading as DataIQ,London,,Worker (A rating),Skilled Worker,https://www.dataiq.global
Ion Technologies Ltd,Belfast,,Worker (A rating),Skilled Worker,
iRhythm Technologies Limited,Bagshot,Surrey,Worker (A rating),Global Business Mobility: Senior or Specialist Worker,https://www.irhythmtech.com
iRhythm Technologies Limited,Bagshot,Surrey,Worker (A rating),Skilled Worker,https://www.irhythmtech.com
Ionic Technologies International Limited,Belfast,,Worker (A rating),Global Business Mobility: Senior or Specialist Worker,https://ionictechnologies.com
Island Technology (UK) Limited,Reading,,Worker (A rating),Skilled Worker,https://island-techology.com
Ionic Technologies International Limited,Belfast,,Worker (A rating),Skilled Worker,
IOPEX TECHNOLOGIES LTD,LONDON,,Worker (A rating),Skilled Worker,
IQEQ DIGITAL LTD,Birmingham,,Worker (A rating),Skilled Worker,
IRIS Audio Technologies Limited,London,,Worker (A rating),Skilled Worker,
iRiS Software Systems Ltd,London,,Worker (A rating),Skilled Worker,
IT Software Consultancy Services Limited.,Reading,,Worker (A rating),Skilled Worker,https://www.itcs.co.uk
ISN Software UK Ltd,London,,Worker (A rating),Skilled Worker,
ISN Software UK Ltd,London,,Worker (A rating),Global Business Mobility: Senior or Specialist Worker,
Isometrix Software UK Ltd,London,,Worker (A rating),Skilled Worker,https://www.isometrix.com
ITC Infotech Limited,London,,Worker (A rating),Global Business Mobility: Senior or Specialist Worker,https://www.itcinfotech.com
ISUN- IMMIGRATION SUPPORT NETWORK LTD,LONDON,Haringey,Worker (A rating),Skilled Worker,
ISUN- IMMIGRATION SUPPORT NETWORK LTD,LONDON,Haringey,Worker (A rating),Global Business Mobility: Senior or Specialist Worker,https://visasponsorshipuk.com
ITS Digital Ltd,Hertford,Hertfordshire,Worker (A rating),Skilled Worker,https://itsdigital.co.uk
IT TECHNOLOGY SOLUTION LTD,Leicester,,Worker (A rating),Skilled Worker,https://it-techsolutions.co.uk
IT TRANSMUTER CLOUD FORCE LIMITED,Bexleyheath,,Worker (A rating),Skilled Worker,
ITC Infotech Limited,London,,Worker (A rating),Skilled Worker,
Itineris Software UK Ltd,Kingston upon Thames,Surrey,Worker (A rating),Skilled Worker,
J.E.B. Technologies Limited,Suffolk,,Worker (A rating),Skilled Worker,https://jeb-technologies.com
Itineris Software UK Ltd,Kingston upon Thames,Surrey,Worker (A rating),Global Business Mobility: Senior or Specialist Worker,
Ivy Farm Technologies,Oxford,,Worker (A rating),Skilled Worker,https://ivy.farm
IXICO Technologies Ltd.,London,,Worker (A rating),Skilled Worker,https://ixico.com
Iyris Technology Ltd,Port Talbot,,Worker (A rating),Skilled Worker,https://iyris.com
J P L FLAVOUR TECHNOLOGIES LIMITED,Neston,,Worker (A rating),Skilled Worker,https://www.jpl-flavours.com
Jade Software Corporation UK Ltd,Harrogate,North Yorkshire,Worker (A rating),Skilled Worker,https://www.jadesoftwarecompany.com
Jain Network,LONDON,Barnet,Temporary Worker (A rating),Religious Worker,https://www.jainnetwork.com
J2 Design Marketing Digital Ltd,Bushey,Herts,Worker (A rating),Skilled Worker,https://wiza.co
Jain Network,LONDON,Barnet,Worker (A rating),Tier 2 Ministers of Religion,https://www.jainnetwork.com
J2 Software Limited,Williton,Somerset,Worker (A rating),Skilled Worker,https://www.dnb.com
Jain Network,LONDON,Barnet,Temporary Worker (A rating),Charity Worker,https://www.jainnetwork.com
Jade Software Corporation UK Ltd,Harrogate,North Yorkshire,Worker (A rating),Global Business Mobility: Senior or Specialist Worker,https://www.jadesoftwarecompany.com
JAI TECHNOLOGIES LTD,READING,BERKSHIRE,Worker (A rating),Skilled Worker,https://www.jaitechnologies.info
JAL RANG DIGITAL PRINTING LTD,LONDON,,Worker (A rating),Skilled Worker,https://jalrang.co.uk
Jain Network,LONDON,Barnet,Worker (A rating),Skilled Worker,
Jas Live Digital Limited,Coventry,,Worker (A rating),Skilled Worker,
Jiva.ai Limited,Cardiff,Wales,Worker (A rating),Skilled Worker,https://www.jiva.ai
Jc Data Solutions Limited,READING,,Worker (A rating),Skilled Worker,
Jenesys HQ LTD t/a Jenesys AI,London,,Worker (A rating),Skilled Worker,https://immigrationgpt.co.uk
JK Digital Consulting Limited,London,,Worker (A rating),Skilled Worker,https://www.jkconsulting.ltd
JDL TECHNOLOGIES LIMITED,Stoke-On-Trent,,Worker (A rating),Skilled Worker,https://jdltechnologieslimited.com
JMS INFOTECH LIMITED,Milton Keynes,,Worker (A rating),Skilled Worker,https://www.jmsinfotech.co.uk
Jeen AI Technologies UK Ltd,London,,Worker (A rating),Skilled Worker,
Jersey Telecom (UK) Limited,Fareham,Hampshire,Worker (A rating),Skilled Worker,
JKA INFOTECH LIMITED,Leeds,,Worker (A rating),Skilled Worker,
JKL Networks Ltd,London,,Worker (A rating),Skilled Worker,
Joan Technologies Ltd,Milton Keynes,,Worker (A rating),Skilled Worker,
Job Bank Recruitment Network LTD,Blackburn,,Worker (A rating),Skilled Worker,
John Bean Technologies Limited,Livingston,West Lothian,Worker (A rating),Global Business Mobility: Senior or Specialist Worker,
John Bean Technologies Limited,Livingston,West Lothian,Worker (A rating),Skilled Worker,
Johnson Matthey Davy Technologies Limited,London,,Worker (A rating),Skilled Worker,
Jonas Computing (UK) Limited,Wallingford,,Worker (A rating),Skilled Worker,
Jonas Metals Software Limited,Wallingford,Oxfordshire,Worker (A rating),Skilled Worker,
JOURNEY DIGITAL EMEA LIMITED,London,,Worker (A rating),Skilled Worker,
JPL Telecom Limited,"Todber, Sturminster Newton",Dorset,Worker (A rating),Skilled Worker,
JULIAND DIGITAL LTD,Manchester,,Worker (A rating),Skilled Worker,
Juneja Telecom Limited,Horsham,,Worker (A rating),Skilled Worker,
JUNIOR AI LIMITED,London,,Worker (A rating),Skilled Worker,
Juniper Networks (UK) Limited,Staines,,Worker (A rating),Global Business Mobility: Senior or Specialist Worker,
Juniper Networks (UK) Limited,Staines,,Worker (A rating),Skilled Worker,
Jusan Technologies Ltd,London,,Worker (A rating),Skilled Worker,
Jusan Technologies Ltd,London,,Worker (A rating),Global Business Mobility: Senior or Specialist Worker,
Just Digital Ltd,HUNTINGDON,Cambridgeshire,Worker (A rating),Skilled Worker,
Just Technology Group Ltd,Bury,,Worker (A rating),Skilled Worker,
K23 Limited T/A K23.ai,Guildford,,Worker (A rating),Skilled Worker,
JV Tec Software Solutions Limited,Ilford,,Worker (A rating),Skilled Worker,
K3 Business Technology Group plc,Manchester,,Worker (A rating),Global Business Mobility: Senior or Specialist Worker,
K3 Business Technology Group plc,Manchester,,Worker (A rating),Skilled Worker,
Kaar Technologies UK Limited,Huddersfield,,Worker (A rating),Global Business Mobility: Senior or Specialist Worker,
Kaar Technologies UK Limited,Huddersfield,,Worker (A rating),Skilled Worker,
KAF Telecom Ltd,Chadwell Heath,Essex,Worker (A rating),Skilled Worker,
KADA TECHNOLOGIES US LTD,Slough,,Worker (A rating),Skilled Worker,
KAI Computer Services Ltd,LONDON,,Worker (A rating),Skilled Worker,
Kaifa Technology UK Limited,Milton Keynes,Buckinghamshire,Worker (A rating),Skilled Worker,
Kainos Software Ltd,Belfast,Antrim,Worker (A rating),Skilled Worker,
KAL Software UK,Edinburgh,,Worker (A rating),Global Business Mobility: Senior or Specialist Worker,
KAL Software UK,Edinburgh,,Worker (A rating),Skilled Worker,
Kaldi Financial Technology Ltd,London,,Worker (A rating),Skilled Worker,
Kalibrate Technologies Limited,Manchester,,Worker (A rating),Skilled Worker,
Kamu Technologies Ltd,Birmingham,,Worker (A rating),Skilled Worker,
KARTOA TECHNOLOGIES LTD,Bedford,Bedfordshire,Worker (A rating),Skilled Worker,
KATAM TECHNOLOGIES LTD,MAIDENHEAD,BERKSHIRE,Worker (A rating),Skilled Worker,
KATRYAN TECHNOLOGIES LTD,LONDON,,Worker (A rating),Skilled Worker,
Kayak Software (UK) Limited,London,,Worker (A rating),Global Business Mobility: Senior or Specialist Worker,
Kayak Software (UK) Limited,London,,Worker (A rating),Skilled Worker,
KBC Process Technology Ltd,Walton on Thames,Surrey,Worker (A rating),Skilled Worker,
KBC Process Technology Ltd,Walton on Thames,Surrey,Temporary Worker (A rating),Global Business Mobility: Graduate Trainee,
KBC Process Technology Ltd,Walton on Thames,Surrey,Worker (A rating),Global Business Mobility: Senior or Specialist Worker,
KBC TECHNOLOGIES UK LIMITED,BRENTFORD,,Worker (A rating),Skilled Worker,
KBC TECHNOLOGIES UK LIMITED,BRENTFORD,,Worker (A rating),Global Business Mobility: UK Expansion Worker,
KBS TECHNOLOGIES LTD,Birmingham,,Worker (A rating),Skilled Worker,
KEATH.AI LTD,England,,Worker (A rating),Skilled Worker,
Keble Network Limited,Surrey,,Worker (A rating),Skilled Worker,
Keertana Information Technology Solutions Limited,Amersham,Buckinghamshire,Worker (A rating),Skilled Worker,
Keet Technology Solutions Ltd,Edinburgh,Midlothian,Worker (A rating),Skilled Worker,
KELLTRON SOFTWARE SOLUTIONS LTD,AYLESBURY,,Worker (A rating),Skilled Worker,
Kemnal Technology College,Sidcup,Kent,Worker (A rating),Skilled Worker,
Kepler Technologies Limited,London,,Worker (A rating),Skilled Worker,
KEPTRA TECHNOLOGIES LIMITED,Slough,,Worker (A rating),Skilled Worker,
KeyIT Technologies Ltd,London,,Worker (A rating),Skilled Worker,
Keysight Technologies UK Limited,Wokingham,Berkshire,Worker (A rating),Global Business Mobility: Senior or Specialist Worker,
Keysight Technologies UK Limited,Wokingham,Berkshire,Worker (A rating),Skilled Worker,
Keyvantus Digital Solutions Limited,Birmingham,,Worker (A rating),Skilled Worker,
Kheiron Medical Technologies Ltd,London,,Worker (A rating),Global Business Mobility: Senior or Specialist Worker,
Khipu Networks Ltd,Fleet,Hampshire,Worker (A rating),Skilled Worker,
Kheiron Medical Technologies Ltd,London,,Worker (A rating),Skilled Worker,
KIIN AI LTD,London,,Worker (A rating),Skilled Worker,
Kiln Technologies Limited,London,,Worker (A rating),Global Business Mobility: Senior or Specialist Worker,
Kiln Technologies Limited,London,,Worker (A rating),Skilled Worker,
Kinetic AI Limited,London,,Worker (A rating),Skilled Worker,
Kinetic Technologies Europe Limited,Edinburgh,,Worker (A rating),Global Business Mobility: Senior or Specialist Worker,
Kinetic Technologies Europe Limited,Edinburgh,,Worker (A rating),Skilled Worker,
Kingdom Advance Network,Burton on Trent,Staffordshire,Temporary Worker (A rating),Charity Worker,
KINGSTON TECHNOLOGY EUROPE CO LLP,SUNBURY ON THAMES,,Worker (A rating),Global Business Mobility: Senior or Specialist Worker,
Kingdom Technologies Ltd,Glasgow,,Worker (A rating),Skilled Worker,
KINGSTON TECHNOLOGY EUROPE CO LLP,SUNBURY ON THAMES,,Worker (A rating),Skilled Worker,
KIOXIA Technology UK Ltd,Abingdon,OXON,Worker (A rating),Skilled Worker,
KIOXIA Technology UK Ltd,Abingdon,OXON,Worker (A rating),Global Business Mobility: Senior or Specialist Worker,
Kiri Technologies Ltd,London,,Worker (A rating),Skilled Worker,
Kitt Technology Ltd,London,,Worker (A rating),Skilled Worker,
KJR Software Services Ltd,Reading,,Worker (A rating),Skilled Worker,
Kleo Cloud Limited,Winchester,Hampshire,Worker (A rating),Skilled Worker,
Klient Software Solutions Limited,Crook,County Durham,Worker (A rating),Skilled Worker,
Klinera Data Services Limited,London,,Worker (A rating),Skilled Worker,
KLV Software Solutions Ltd,Staines,,Worker (A rating),Skilled Worker,
Knitmesh Technologies Limited,Holywell,Flintshire,Worker (A rating),Skilled Worker,
Knox Digital Limited,London,,Worker (A rating),Skilled Worker,
KODEV INFOTECH LTD,Chichester,,Worker (A rating),Skilled Worker,
Kohort Software Limited,London,,Worker (A rating),Global Business Mobility: Senior or Specialist Worker,
Kohort Software Limited,London,,Worker (A rating),Skilled Worker,
KOIOS Master Data Limited,Winchester,Hampshire,Worker (A rating),Skilled Worker,
KOKO Networks (UK) Limited,London,,Worker (A rating),Skilled Worker,
KOKO Networks (UK) Limited,London,,Worker (A rating),Global Business Mobility: Senior or Specialist Worker,
KOKORO NETWORKS LIMITED,KINGSTON UPON THAMES,,Worker (A rating),Skilled Worker,
kommuru technologies ltd,LONDON,,Worker (A rating),Skilled Worker,
Komodo Digital Ltd,Newcastle upon Tyne,,Worker (A rating),Skilled Worker,
Konami Digital Entertainment B.V.,Windsor,,Worker (A rating),Skilled Worker,
Konami Digital Entertainment B.V.,Windsor,,Worker (A rating),Global Business Mobility: Senior or Specialist Worker,
Konrad-Technologies UK Ltd,Dunfermline,Fife,Worker (A rating),Skilled Worker,
Konverge Technologies Limited,London,,Worker (A rating),Global Business Mobility: Senior or Specialist Worker,
Konverge Technologies Limited,London,,Worker (A rating),Skilled Worker,
Kooth Digital Health Limited,London,,Worker (A rating),Skilled Worker,
KOPE AI Ltd,London,,Worker (A rating),Skilled Worker,
KORE IT TECHNOLOGY SERVICES LTD,London,,Worker (A rating),Skilled Worker,
Kore Software Limited,London,,Worker (A rating),Skilled Worker,
KORE.AI UK LIMITED,London,,Worker (A rating),Global Business Mobility: Senior or Specialist Worker,
KORE.AI UK LIMITED,London,,Worker (A rating),Skilled Worker,
KPIT TECHNOLOGIES (UK) LTD,COVENTRY,,Worker (A rating),Skilled Worker,
KP SOFTWARE SOLUTIONS LTD,Slough,,Worker (A rating),Skilled Worker,
KPIT TECHNOLOGIES (UK) LTD,COVENTRY,,Worker (A rating),Global Business Mobility: Senior or Specialist Worker,
KPS Digital Ltd,London,,Worker (A rating),Skilled Worker,
Kraken Technologies Limited,London,,Worker (A rating),Skilled Worker,
Kraken Technologies Limited,London,,Worker (A rating),Global Business Mobility: Senior or Specialist Worker,
KRISHNEX AI SOLUTION LTD,Leeds,,Worker (A rating),Skilled Worker,
Krome Technologies Limited,Chertsey,Surrey,Worker (A rating),Skilled Worker,
KRS Infotech Limited,Colchester,Essex,Worker (A rating),Skilled Worker,
KRUCX TECHNOLOGIES LIMITED,London,,Worker (A rating),Skilled Worker,
KRYPTOS TECHNOLOGIES LIMITED,Wembley,,Worker (A rating),Skilled Worker,
KSD TECHNOLOGY LIMITED,Keighley,,Worker (A rating),Skilled Worker,
Kula Technologies Limited,Derby,,Worker (A rating),Skilled Worker,
Kult AI Limited,London,,Worker (A rating),Skilled Worker,
KUMAR INFOTECH LIMITED,BASINGSTOKE,,Worker (A rating),Skilled Worker,
Kunai Technology Limited,London,,Worker (A rating),Skilled Worker,
KYDOS DIGITAL LTD,Manchester,,Worker (A rating),Skilled Worker,https://www.kydosdigital.com
KYM Technology Ltd,Birmingham,,Worker (A rating),Skilled Worker,
L & G Technologies Limited,Birmingham,,Worker (A rating),Skilled Worker,
L&T Technology Service Limited,London,,Worker (A rating),Global Business Mobility: Senior or Specialist Worker,
L&T Technology Service Limited,London,,Worker (A rating),Skilled Worker,
L'Computer Hub (UK) Limited,Swindon,,Worker (A rating),Skilled Worker,
L3 Infotech Limited,Milton Keynes,Buckinghamshire,Worker (A rating),Skilled Worker,
LABORIE MEDICAL TECHNOLOGIES UK,Banbury,Oxfordshire,Worker (A rating),Skilled Worker,
Labrys Technologies Ltd,Elstree,Hertfordshire,Worker (A rating),Skilled Worker,
LADERA TECHNOLOGY LTD,Reading,,Worker (A rating),Skilled Worker,
LADERA TECHNOLOGY LTD,Reading,,Worker (A rating),Global Business Mobility: Senior or Specialist Worker,
Lama Technology Group Limited,London,,Worker (A rating),Skilled Worker,
Land Technologies Limited (LandInsight),London,,Worker (A rating),Skilled Worker,
Landa Digital Printing UK Ltd,Cambridge,Cambridgeshire,Worker (A rating),Skilled Worker,
Laser Cladding Technology LTD,Worksop,Nottinghamshire,Worker (A rating),Skilled Worker,
Lantern.ai Limited,London,,Worker (A rating),Skilled Worker,
Laser Digital UK Ltd,London,,Worker (A rating),Skilled Worker,
Laser Digital UK Ltd,London,,Worker (A rating),Global Business Mobility: Senior or Specialist Worker,
Lata Technologies Limited,South Croydon,,Worker (A rating),Skilled Worker,
Latent Technology Ltd,London,,Worker (A rating),Skilled Worker,
LatentSpace AI Ltd,Altrincham,Cheshire,Worker (A rating),Skilled Worker,
Latsen Technology Ltd,Liverpool,,Worker (A rating),Skilled Worker,
Lattice Technologies Limited,London,,Worker (A rating),Skilled Worker,
Lattice Technologies Limited,London,,Worker (A rating),Global Business Mobility: Senior or Specialist Worker,
Laurel Co Technology Limited,London,,Worker (A rating),Skilled Worker,
LCC Technologies Limited,Runcorn,,Worker (A rating),Skilled Worker,
Leadership Through Data|,Halstead,Mrs,Worker (A rating),Skilled Worker,
Leading Globe Technology Limited,London,,Worker (A rating),Skilled Worker,
Lean Technologies Development (UK) Limited,London,,Worker (A rating),Global Business Mobility: Senior or Specialist Worker,
Lean Technologies Development (UK) Limited,London,,Worker (A rating),Skilled Worker,
LEAP Legal Software Limited,Twickenham,,Worker (A rating),Skilled Worker,
Leap Networks Global Ltd,Manchester,,Worker (A rating),Skilled Worker,
Learning Resource Network Ltd,Romford,,Worker (A rating),Skilled Worker,
Learning Technologies Group PLC,Brighton,East Sussex,Worker (A rating),Skilled Worker,
Ledger Technologies UK LTD,London,,Worker (A rating),Skilled Worker,
Lego Digital Play Limited,Slough,Berkshire,Worker (A rating),Global Business Mobility: Senior or Specialist Worker,
Lego Digital Play Limited,Slough,Berkshire,Worker (A rating),Skilled Worker,
Lenkie Technologies Limited,London,,Worker (A rating),Skilled Worker,
Lenovo Technology (United Kingdom) Limited,Farnborough,,Worker (A rating),Global Business Mobility: Senior or Specialist Worker,
Lenovo Technology (United Kingdom) Limited,Farnborough,,Worker (A rating),Skilled Worker,
LEOPARD TECHNOLOGY LTD,Redhill,,Worker (A rating),Skilled Worker,
LetterOne Technology (UK) LLP,London,,Worker (A rating),Skilled Worker,
Level Financial Technology Limited,Ashford,,Worker (A rating),Skilled Worker,
LEVEL THREE TECHNOLOGY SOLUTIONS LTD,Birmingham,,Worker (A rating),Skilled Worker,
Levels Technologies Ltd,London,,Worker (A rating),Skilled Worker,
Leyland Primary Care Network Limited,Preston,Lancashire,Worker (A rating),Skilled Worker,
Lianco Technologies Limited,London,,Worker (A rating),Skilled Worker,
Liberty Information Technology Limited,Belfast,,Worker (A rating),Global Business Mobility: Senior or Specialist Worker,
Liberty Information Technology Limited,Belfast,,Worker (A rating),Skilled Worker,
LIFE SCIENCE NETWORKS LTD,London,,Worker (A rating),Skilled Worker,
Life Technologies Limited,Paisley,,Worker (A rating),Global Business Mobility: Senior or Specialist Worker,
Life Technologies Limited,Paisley,,Worker (A rating),Skilled Worker,
Lifeline Network,Dagenham,Essex,Temporary Worker (A rating),Religious Worker,
Lifeline Network,Dagenham,Essex,Temporary Worker (A rating),Charity Worker,
Lifeline Network,Dagenham,Essex,Worker (A rating),Skilled Worker,
Light Science Technologies Ltd,Derby,,Worker (A rating),Skilled Worker,
LifeProven Technologies,Crowborough,,Worker (A rating),Skilled Worker,
"LIGHTRIVER TECHNOLOGIES UK, LIMITED",London,,Worker (A rating),Skilled Worker,
"LIGHTRIVER TECHNOLOGIES UK, LIMITED",London,,Worker (A rating),Global Business Mobility: Senior or Specialist Worker,
Lightsense Technologies Ltd,London,England,Worker (A rating),Skilled Worker,
Lilt Technologies Limited,London,,Worker (A rating),Skilled Worker,
LIMA Networks LTD,Salford,Greater Manchester,Worker (A rating),Skilled Worker,
Lime Technology Limited,London,UK,Worker (A rating),Skilled Worker,
Lime Technology Limited,London,UK,Worker (A rating),Global Business Mobility: Senior or Specialist Worker,
LIMITOWEB TECHNOLOGIES LTD,Birmingham,West Midlands,Worker (A rating),Skilled Worker,
Limpet Technology Limited,Stirling,Stirlingshire,Worker (A rating),Skilled Worker,
Line-Technology Networks Ltd,London,,Worker (A rating),Skilled Worker,
Link Data Management Solutions Ltd,Cardiff,,Worker (A rating),Skilled Worker,
Linkedin Technology UK Limited,LONDON,,Worker (A rating),Skilled Worker,
Linkedin Technology UK Limited,LONDON,,Worker (A rating),Global Business Mobility: Senior or Specialist Worker,
LinkedTrade Technologies Ltd,London,,Worker (A rating),Skilled Worker,
LINKFRESH Software Limited,Lichfield,,Worker (A rating),Skilled Worker,
Linus Technology Ltd,Sheffield,South Yorkshire,Worker (A rating),Skilled Worker,
