organisation_name,town_city,county,type_rating,route,company_website,company_website_source,company_website_search_url,careers_website,website_guess_from_name,careers_guess_from_name,careers_search_url
CHENDHUR INFOTECH LTD,London,,Worker (A rating),Skilled Worker,https://www.chendhur.com,derived_from_verified_careers_url,https://www.bing.com/search?q=CHENDHUR+INFOTECH+LTD+official+website,https://www.chendhur.com/careers,,,https://www.bing.com/search?q=CHENDHUR+INFOTECH+LTD+careers
MULTIPLIER TECHNOLOGIES UK LTD,London,,Worker (A rating),Skilled Worker,https://www.usemultiplier.com,derived_from_verified_careers_url,https://www.bing.com/search?q=MULTIPLIER+TECHNOLOGIES+UK+LTD+official+website,https://www.usemultiplier.com/careers,,,https://www.bing.com/search?q=MULTIPLIER+TECHNOLOGIES+UK+LTD+careers
Rotamat Limited trading as Huber Technology,"Chippenham,",Wiltshire,Worker (A rating),Skilled Worker,,,https://www.bing.com/search?q=Rotamat+Limited+trading+as+Huber+Technology+official+website,,,,https://www.bing.com/search?q=Rotamat+Limited+trading+as+Huber+Technology+careers
[AI] INFINITI LIMITED,Croydon,England,Worker (A rating),Skilled Worker,,,https://www.bing.com/search?q=%5BAI%5D+INFINITI+LIMITED+official+website,,,,https://www.bing.com/search?q=%5BAI%5D+INFINITI+LIMITED+careers
0xA Technologies Ltd,London,,Worker (A rating),Skilled Worker,,,https://www.bing.com/search?q=0xA+Technologies+Ltd+official+website,,,,https://www.bing.com/search?q=0xA+Technologies+Ltd+careers
1001 AI Limited,London,,Worker (A rating),Skilled Worker,,,https://www.bing.com/search?q=1001+AI+Limited+official+website,,,,https://www.bing.com/search?q=1001+AI+Limited+careers
10X Banking Technology Services Ltd,London,,Worker (A rating),Skilled Worker,https://www.10xbanking.com,derived_from_verified_careers_url,https://www.bing.com/search?q=10X+Banking+Technology+Services+Ltd+official+website,https://www.10xbanking.com/careers,,,https://www.bing.com/search?q=10X+Banking+Technology+Services+Ltd+careers
1416 DIGITAL LTD,London,,Worker (A rating),Skilled Worker,,,https://www.bing.com/search?q=1416+DIGITAL+LTD+official+website,,,,https://www.bing.com/search?q=1416+DIGITAL+LTD+careers
1771 Technologies Limited,London,,Worker (A rating),Skilled Worker,,,https://www.bing.com/search?q=1771+Technologies+Limited+official+website,,,,https://www.bing.com/search?q=1771+Technologies+Limited+careers
1st Cloud Accountants,Sunderland,Tyne and Wear,Worker (A rating),Skilled Worker,,,https://www.bing.com/search?q=1st+Cloud+Accountants+official+website,,,,https://www.bing.com/search?q=1st+Cloud+Accountants+careers
1st Technologies Ltd,Preston,Lancashire,Worker (A rating),Skilled Worker,,,https://www.bing.com/search?q=1st+Technologies+Ltd+official+website,,,,https://www.bing.com/search?q=1st+Technologies+Ltd+careers
2SD Technologies Limited,London,,Worker (A rating),Skilled Worker,,,https://www.bing.com/search?q=2SD+Technologies+Limited+official+website,,,,https://www.bing.com/search?q=2SD+Technologies+Limited+careers
345 TECHNOLOGY LIMITED,Portsmouth,,Worker (A rating),Skilled Worker,,,https://www.bing.com/search?q=345+TECHNOLOGY+LIMITED+official+website,,,,https://www.bing.com/search?q=345+TECHNOLOGY+LIMITED+careers
360 Trading Networks UK Limited,London,,Worker (A rating),Global Business Mobility: Senior or Specialist Worker,,,https://www.bing.com/search?q=360+Trading+Networks+UK+Limited+official+website,,,,https://www.bing.com/search?q=360+Trading+Networks+UK+Limited+careers
360 Trading Networks UK Limited,London,,Worker (A rating),Skilled Worker,,,https://www.bing.com/search?q=360+Trading+Networks+UK+Limited+official+website,,,,https://www.bing.com/search?q=360+Trading+Networks+UK+Limited+careers
3A TELECOM CONSULTANCY LTD,London,,Worker (A rating),Skilled Worker,,,https://www.bing.com/search?q=3A+TELECOM+CONSULTANCY+LTD+official+website,,,,https://www.bing.com/search?q=3A+TELECOM+CONSULTANCY+LTD+careers
3B DIGITAL LTD,LONDON,,Worker (A rating),Skilled Worker,,,https://www.bing.com/search?q=3B+DIGITAL+LTD+official+website,,,,https://www.bing.com/search?q=3B+DIGITAL+LTD+careers
3dMD Technologies Limited,London,,Worker (A rating),Global Business Mobility: Senior or Specialist Worker,,,https://www.bing.com/search?q=3dMD+Technologies+Limited+official+website,,,,https://www.bing.com/search?q=3dMD+Technologies+Limited+careers
3dMD Technologies Limited,London,,Worker (A rating),Skilled Worker,,,https://www.bing.com/search?q=3dMD+Technologies+Limited+official+website,,,,https://www.bing.com/search?q=3dMD+Technologies+Limited+careers
3EN Cloud Ltd,Holywood,,Worker (A rating),Skilled Worker,,,https://www.bing.com/search?q=3EN+Cloud+Ltd+official+website,,,,https://www.bing.com/search?q=3EN+Cloud+Ltd+careers
3Gi Technology Limited,Shenfield,,Worker (A rating),Skilled Worker,,,https://www.bing.com/search?q=3Gi+Technology+Limited+official+website,,,,https://www.bing.com/search?q=3Gi+Technology+Limited+careers
3i Infotech (UK) Limited,London,England,Worker (A rating),Skilled Worker,https://www.3i-infotech.com,derived_from_verified_careers_url,https://www.bing.com/search?q=3i+Infotech+%28UK%29+Limited+official+website,https://www.3i-infotech.com/careers/,,,https://www.bing.com/search?q=3i+Infotech+%28UK%29+Limited+careers
3R Technology UK Ltd,Preston,Lancashire,Worker (A rating),Skilled Worker,,,https://www.bing.com/search?q=3R+Technology+UK+Ltd+official+website,,,,https://www.bing.com/search?q=3R+Technology+UK+Ltd+careers
4 Net Technologies LTD (t/a FourNet),Manchester,Greater Manchester,Worker (A rating),Skilled Worker,,,https://www.bing.com/search?q=4+Net+Technologies+LTD+%28t%2Fa+FourNet%29+official+website,,,,https://www.bing.com/search?q=4+Net+Technologies+LTD+%28t%2Fa+FourNet%29+careers
4-Site Power & Fibre Networks Ltd,Gosport,,Worker (A rating),Skilled Worker,,,https://www.bing.com/search?q=4-Site+Power+%26+Fibre+Networks+Ltd+official+website,,,,https://www.bing.com/search?q=4-Site+Power+%26+Fibre+Networks+Ltd+careers
42 Technology Limited,Cambourne,Cambridge,Worker (A rating),Skilled Worker,,,https://www.bing.com/search?q=42+Technology+Limited+official+website,,,,https://www.bing.com/search?q=42+Technology+Limited+careers
4A Technologies Ltd,Hayes,Middlesex,Worker (A rating),Skilled Worker,,,https://www.bing.com/search?q=4A+Technologies+Ltd+official+website,,,,https://www.bing.com/search?q=4A+Technologies+Ltd+careers
4K Networks Ltd,London,,Worker (A rating),Skilled Worker,,,https://www.bing.com/search?q=4K+Networks+Ltd+official+website,,,,https://www.bing.com/search?q=4K+Networks+Ltd+careers
4th Dimension Technology Ltd,Corsham,,Worker (A rating),Skilled Worker,,,https://www.bing.com/search?q=4th+Dimension+Technology+Ltd+official+website,,,,https://www.bing.com/search?q=4th+Dimension+Technology+Ltd+careers
542 Digital Limited,London,,Worker (A rating),Skilled Worker,,,https://www.bing.com/search?q=542+Digital+Limited+official+website,,,,https://www.bing.com/search?q=542+Digital+Limited+careers
5Y Technology Limited,Chelmsford,Essex,Worker (A rating),Skilled Worker,,,https://www.bing.com/search?q=5Y+Technology+Limited+official+website,,,,https://www.bing.com/search?q=5Y+Technology+Limited+careers
6B Digital Limited,Wakefiled,West Yorkshire,Worker (A rating),Skilled Worker,,,https://www.bing.com/search?q=6B+Digital+Limited+official+website,,,,https://www.bing.com/search?q=6B+Digital+Limited+careers
7Click Network Ltd,London,,Worker (A rating),Skilled Worker,,,https://www.bing.com/search?q=7Click+Network+Ltd+official+website,,,,https://www.bing.com/search?q=7Click+Network+Ltd+careers
7Click Network Ltd,London,,Worker (A rating),Global Business Mobility: UK Expansion Worker,,,https://www.bing.com/search?q=7Click+Network+Ltd+official+website,,,,https://www.bing.com/search?q=7Click+Network+Ltd+careers
7Hills Technologies Ltd,Newcastle-Under-Lyme,,Worker (A rating),Skilled Worker,,,https://www.bing.com/search?q=7Hills+Technologies+Ltd+official+website,,,,https://www.bing.com/search?q=7Hills+Technologies+Ltd+careers
A Cloud Guru Ltd,Twickenham,,Worker (A rating),Global Business Mobility: Senior or Specialist Worker,,,https://www.bing.com/search?q=A+Cloud+Guru+Ltd+official+website,,,,https://www.bing.com/search?q=A+Cloud+Guru+Ltd+careers
A Cloud Guru Ltd,London,,Worker (A rating),Global Business Mobility: Senior or Specialist Worker,,,https://www.bing.com/search?q=A+Cloud+Guru+Ltd+official+website,,,,https://www.bing.com/search?q=A+Cloud+Guru+Ltd+careers
A Cloud Guru Ltd,Twickenham,,Worker (A rating),Skilled Worker,,,https://www.bing.com/search?q=A+Cloud+Guru+Ltd+official+website,,,,https://www.bing.com/search?q=A+Cloud+Guru+Ltd+careers
A Cloud Guru Ltd,London,,Worker (A rating),Skilled Worker,,,https://www.bing.com/search?q=A+Cloud+Guru+Ltd+official+website,,,,https://www.bing.com/search?q=A+Cloud+Guru+Ltd+careers
A K Software House Ltd,Slough,Berkshire,Worker (A rating),Skilled Worker,,,https://www.bing.com/search?q=A+K+Software+House+Ltd+official+website,,,,https://www.bing.com/search?q=A+K+Software+House+Ltd+careers
A&A Technology,BASINGSTOKE,Hampshire,Worker (A rating),Skilled Worker,,,https://www.bing.com/search?q=A%26A+Technology+official+website,,,,https://www.bing.com/search?q=A%26A+Technology+careers
A&S NETWORK ENTERPRISES LTD,London,,Worker (A rating),Skilled Worker,,,https://www.bing.com/search?q=A%26S+NETWORK+ENTERPRISES+LTD+official+website,,,,https://www.bing.com/search?q=A%26S+NETWORK+ENTERPRISES+LTD+careers
A. C. Entertainment Technologies Ltd,High Wycombe,Bucks,Worker (A rating),Skilled Worker,,,https://www.bing.com/search?q=A.+C.+Entertainment+Technologies+Ltd+official+website,,,,https://www.bing.com/search?q=A.+C.+Entertainment+Technologies+Ltd+careers
A.R.M TECHNOLOGIES LIMITED,Bournemouth,,Worker (A rating),Skilled Worker,,,https://www.bing.com/search?q=A.R.M+TECHNOLOGIES+LIMITED+official+website,,,,https://www.bing.com/search?q=A.R.M+TECHNOLOGIES+LIMITED+careers
A10 Networks Limited,Theale,,Worker (A rating),Skilled Worker,https://www.a10networks.com,derived_from_verified_careers_url,https://www.bing.com/search?q=A10+Networks+Limited+official+website,https://www.a10networks.com/company/careers/,,,https://www.bing.com/search?q=A10+Networks+Limited+careers
A2Z Cloud Ltd.,Salisbury,Wiltshire,Worker (A rating),Skilled Worker,,,https://www.bing.com/search?q=A2Z+Cloud+Ltd.+official+website,,,,https://www.bing.com/search?q=A2Z+Cloud+Ltd.+careers
A2Z SOFTWARE SOLUTIONS LIMITED,Northamptonshire,,Worker (A rating),Skilled Worker,,,https://www.bing.com/search?q=A2Z+SOFTWARE+SOLUTIONS+LIMITED+official+website,,,,https://www.bing.com/search?q=A2Z+SOFTWARE+SOLUTIONS+LIMITED+careers
A2Z Technologies Ltd,Bristol,South Gloucestershire,Worker (A rating),Skilled Worker,,,https://www.bing.com/search?q=A2Z+Technologies+Ltd+official+website,,,,https://www.bing.com/search?q=A2Z+Technologies+Ltd+careers
AA Technology Solutions Ltd,Redhill,Surrey,Worker (A rating),Skilled Worker,,,https://www.bing.com/search?q=AA+Technology+Solutions+Ltd+official+website,,,,https://www.bing.com/search?q=AA+Technology+Solutions+Ltd+careers
AAC Technologies (Scotland) Limited,Edinburgh,,Worker (A rating),Global Business Mobility: Senior or Specialist Worker,,,https://www.bing.com/search?q=AAC+Technologies+%28Scotland%29+Limited+official+website,,,,https://www.bing.com/search?q=AAC+Technologies+%28Scotland%29+Limited+careers
AAC Technologies (Scotland) Limited,Edinburgh,,Worker (A rating),Skilled Worker,,,https://www.bing.com/search?q=AAC+Technologies+%28Scotland%29+Limited+official+website,,,,https://www.bing.com/search?q=AAC+Technologies+%28Scotland%29+Limited+careers
Aalyria Technologies (UK) Limited,London,,Worker (A rating),Skilled Worker,,,https://www.bing.com/search?q=Aalyria+Technologies+%28UK%29+Limited+official+website,,,,https://www.bing.com/search?q=Aalyria+Technologies+%28UK%29+Limited+careers
AAN TECHNOLOGIES LIMITED,NORTHWITCH,Cheshire,Worker (A rating),Skilled Worker,,,https://www.bing.com/search?q=AAN+TECHNOLOGIES+LIMITED+official+website,,,,https://www.bing.com/search?q=AAN+TECHNOLOGIES+LIMITED+careers
AARUN SOFTWARE LIMITED,Amersham,,Worker (A rating),Skilled Worker,,,https://www.bing.com/search?q=AARUN+SOFTWARE+LIMITED+official+website,,,,https://www.bing.com/search?q=AARUN+SOFTWARE+LIMITED+careers
AARYA TECHNOLOGIES LTD,Wokingham,,Worker (A rating),Skilled Worker,,,https://www.bing.com/search?q=AARYA+TECHNOLOGIES+LTD+official+website,,,,https://www.bing.com/search?q=AARYA+TECHNOLOGIES+LTD+careers
AARYAN MOBILE AND COMPUTER SERVICES LIMITED,"London,",United Kingdom,Worker (A rating),Skilled Worker,,,https://www.bing.com/search?q=AARYAN+MOBILE+AND+COMPUTER+SERVICES+LIMITED+official+website,,,,https://www.bing.com/search?q=AARYAN+MOBILE+AND+COMPUTER+SERVICES+LIMITED+careers
AASEYA SOFTWARE SERVICES (UK) LTD,Steyning,West Sussex,Temporary Worker (A rating),Global Business Mobility: Graduate Trainee,,,https://www.bing.com/search?q=AASEYA+SOFTWARE+SERVICES+%28UK%29+LTD+official+website,,,,https://www.bing.com/search?q=AASEYA+SOFTWARE+SERVICES+%28UK%29+LTD+careers
AASEYA SOFTWARE SERVICES (UK) LTD,Steyning,West Sussex,Worker (A rating),Global Business Mobility: Senior or Specialist Worker,,,https://www.bing.com/search?q=AASEYA+SOFTWARE+SERVICES+%28UK%29+LTD+official+website,,,,https://www.bing.com/search?q=AASEYA+SOFTWARE+SERVICES+%28UK%29+LTD+careers
AASEYA SOFTWARE SERVICES (UK) LTD,Steyning,West Sussex,Worker (A rating),Skilled Worker,,,https://www.bing.com/search?q=AASEYA+SOFTWARE+SERVICES+%28UK%29+LTD+official+website,,,,https://www.bing.com/search?q=AASEYA+SOFTWARE+SERVICES+%28UK%29+LTD+careers
AAYS Technologies UK Limited,Townfield,Rickmansworth,Worker (A rating),Skilled Worker,,,https://www.bing.com/search?q=AAYS+Technologies+UK+Limited+official+website,,,,https://www.bing.com/search?q=AAYS+Technologies+UK+Limited+careers
Ab Initio Software Limited,Weybridge,Surrey,Worker (A rating),Skilled Worker,,,https://www.bing.com/search?q=Ab+Initio+Software+Limited+official+website,,,,https://www.bing.com/search?q=Ab+Initio+Software+Limited+careers
AB Littlejohn & Sons LTD T/A Dental Technology Services,Glasgow,Starthclyde,Worker (A rating),Skilled Worker,,,https://www.bing.com/search?q=AB+Littlejohn+%26+Sons+LTD+T%2FA+Dental+Technology+Services+official+website,,,,https://www.bing.com/search?q=AB+Littlejohn+%26+Sons+LTD+T%2FA+Dental+Technology+Services+careers
AB SOFTWARE SOLUTIONS LTD,LUTON,,Worker (A rating),Skilled Worker,,,https://www.bing.com/search?q=AB+SOFTWARE+SOLUTIONS+LTD+official+website,,,,https://www.bing.com/search?q=AB+SOFTWARE+SOLUTIONS+LTD+careers
Abacus Information Technology UK Limited,London,,Worker (A rating),Global Business Mobility: Senior or Specialist Worker,,,https://www.bing.com/search?q=Abacus+Information+Technology+UK+Limited+official+website,,,,https://www.bing.com/search?q=Abacus+Information+Technology+UK+Limited+careers
Abacus Information Technology UK Limited,London,,Worker (A rating),Skilled Worker,,,https://www.bing.com/search?q=Abacus+Information+Technology+UK+Limited+official+website,,,,https://www.bing.com/search?q=Abacus+Information+Technology+UK+Limited+careers
ABI TECHNOLOGY LIMITED,Chalfont St. Giles,England,Worker (A rating),Skilled Worker,,,https://www.bing.com/search?q=ABI+TECHNOLOGY+LIMITED+official+website,,,,https://www.bing.com/search?q=ABI+TECHNOLOGY+LIMITED+careers
ABL Software Limited,Petersfield,Hampshire,Worker (A rating),Skilled Worker,,,https://www.bing.com/search?q=ABL+Software+Limited+official+website,,,,https://www.bing.com/search?q=ABL+Software+Limited+careers
ABM DIGITAL ACCOUNTANTS LTD,Lonodn,,Worker (A rating),Skilled Worker,,,https://www.bing.com/search?q=ABM+DIGITAL+ACCOUNTANTS+LTD+official+website,,,,https://www.bing.com/search?q=ABM+DIGITAL+ACCOUNTANTS+LTD+careers
Abnormal AI UK Ltd,London,,Worker (A rating),Skilled Worker,,,https://www.bing.com/search?q=Abnormal+AI+UK+Ltd+official+website,,,,https://www.bing.com/search?q=Abnormal+AI+UK+Ltd+careers
Abrasive Technology Limited,Colwyn Bay,Wales,Worker (A rating),Global Business Mobility: Senior or Specialist Worker,,,https://www.bing.com/search?q=Abrasive+Technology+Limited+official+website,,,,https://www.bing.com/search?q=Abrasive+Technology+Limited+careers
Abrasive Technology Limited,Colwyn Bay,Wales,Worker (A rating),Skilled Worker,,,https://www.bing.com/search?q=Abrasive+Technology+Limited+official+website,,,,https://www.bing.com/search?q=Abrasive+Technology+Limited+careers
ABSOLUTE RISK TECHNOLOGY LIMITED,NOTTINGHAM,,Worker (A rating),Skilled Worker,,,https://www.bing.com/search?q=ABSOLUTE+RISK+TECHNOLOGY+LIMITED+official+website,,,,https://www.bing.com/search?q=ABSOLUTE+RISK+TECHNOLOGY+LIMITED+careers
ABSORB SOFTWARE UK LTD,Huntingdon,Cambridgeshire,Worker (A rating),Skilled Worker,,,https://www.bing.com/search?q=ABSORB+SOFTWARE+UK+LTD+official+website,,,,https://www.bing.com/search?q=ABSORB+SOFTWARE+UK+LTD+careers
Academy of Live Technology Ltd,South Kirkby,West Yorkshire,Worker (A rating),Skilled Worker,,,https://www.bing.com/search?q=Academy+of+Live+Technology+Ltd+official+website,,,,https://www.bing.com/search?q=Academy+of+Live+Technology+Ltd+careers
ACCEL SOFTWARE SERVICES LIMITED,GREATER MANCHESTER,,Worker (A rating),Skilled Worker,,,https://www.bing.com/search?q=ACCEL+SOFTWARE+SERVICES+LIMITED+official+website,,,,https://www.bing.com/search?q=ACCEL+SOFTWARE+SERVICES+LIMITED+careers
Accentra Technologies Ltd,London,,Worker (A rating),Global Business Mobility: Senior or Specialist Worker,,,https://www.bing.com/search?q=Accentra+Technologies+Ltd+official+website,,,,https://www.bing.com/search?q=Accentra+Technologies+Ltd+careers
Accentra Technologies Ltd,London,,Worker (A rating),Skilled Worker,,,https://www.bing.com/search?q=Accentra+Technologies+Ltd+official+website,,,,https://www.bing.com/search?q=Accentra+Technologies+Ltd+careers
ACCESSIA TECHNOLOGY LIMITED,UXBRIDGE,,Worker (A rating),Skilled Worker,,,https://www.bing.com/search?q=ACCESSIA+TECHNOLOGY+LIMITED+official+website,,,,https://www.bing.com/search?q=ACCESSIA+TECHNOLOGY+LIMITED+careers
accesso Technology Group,Ruscombe Business Park,Berkshire,Worker (A rating),Skilled Worker,,,https://www.bing.com/search?q=accesso+Technology+Group+official+website,,,,https://www.bing.com/search?q=accesso+Technology+Group+careers
accesso Technology Group,Ruscombe Business Park,Berkshire,Worker (A rating),Global Business Mobility: Senior or Specialist Worker,,,https://www.bing.com/search?q=accesso+Technology+Group+official+website,,,,https://www.bing.com/search?q=accesso+Technology+Group+careers
Accosoft Technologies Ltd,London,,Worker (A rating),Skilled Worker,,,https://www.bing.com/search?q=Accosoft+Technologies+Ltd+official+website,,,,https://www.bing.com/search?q=Accosoft+Technologies+Ltd+careers
Accu Technology UK Ltd,Oxford,,Worker (A rating),Global Business Mobility: Senior or Specialist Worker,,,https://www.bing.com/search?q=Accu+Technology+UK+Ltd+official+website,,,,https://www.bing.com/search?q=Accu+Technology+UK+Ltd+careers
Accu Technology UK Ltd,Oxford,,Worker (A rating),Skilled Worker,,,https://www.bing.com/search?q=Accu+Technology+UK+Ltd+official+website,,,,https://www.bing.com/search?q=Accu+Technology+UK+Ltd+careers
Ace Infotech Solutions Ltd,Chadwell Heath,Essex,Worker (A rating),Skilled Worker,,,https://www.bing.com/search?q=Ace+Infotech+Solutions+Ltd+official+website,,,,https://www.bing.com/search?q=Ace+Infotech+Solutions+Ltd+careers
Ace Software Solutions Ltd,London,London,Worker (A rating),Skilled Worker,,,https://www.bing.com/search?q=Ace+Software+Solutions+Ltd+official+website,,,,https://www.bing.com/search?q=Ace+Software+Solutions+Ltd+careers
Ace Technologies Limited,"Newbury Park, Illford",,Worker (A rating),Skilled Worker,,,https://www.bing.com/search?q=Ace+Technologies+Limited+official+website,,,,https://www.bing.com/search?q=Ace+Technologies+Limited+careers
ACO Technologies plc,Shefford,,Worker (A rating),Skilled Worker,,,https://www.bing.com/search?q=ACO+Technologies+plc+official+website,,,,https://www.bing.com/search?q=ACO+Technologies+plc+careers
Actify Training and Technology CIC,Glasgow,Glasgow,Worker (A rating),Skilled Worker,,,https://www.bing.com/search?q=Actify+Training+and+Technology+CIC+official+website,,,,https://www.bing.com/search?q=Actify+Training+and+Technology+CIC+careers
Acumen Software Ltd,Northampton,,Worker (A rating),Skilled Worker,,,https://www.bing.com/search?q=Acumen+Software+Ltd+official+website,,,,https://www.bing.com/search?q=Acumen+Software+Ltd+careers
Acuvate Software Ltd,London,,Worker (A rating),Global Business Mobility: Senior or Specialist Worker,,,https://www.bing.com/search?q=Acuvate+Software+Ltd+official+website,,,,https://www.bing.com/search?q=Acuvate+Software+Ltd+careers
Acuvate Software Ltd,London,,Worker (A rating),Skilled Worker,,,https://www.bing.com/search?q=Acuvate+Software+Ltd+official+website,,,,https://www.bing.com/search?q=Acuvate+Software+Ltd+careers
AD Data Analytics Ltd,Peterborough,,Worker (A rating),Skilled Worker,,,https://www.bing.com/search?q=AD+Data+Analytics+Ltd+official+website,,,,https://www.bing.com/search?q=AD+Data+Analytics+Ltd+careers
AD Technologies Ltd,Reading,,Worker (A rating),Skilled Worker,,,https://www.bing.com/search?q=AD+Technologies+Ltd+official+website,,,,https://www.bing.com/search?q=AD+Technologies+Ltd+careers
Ada Digital Health Ltd,London,,Worker (A rating),Skilled Worker,,,https://www.bing.com/search?q=Ada+Digital+Health+Ltd+official+website,,,,https://www.bing.com/search?q=Ada+Digital+Health+Ltd+careers
Ada Digital Health Ltd,London,,Worker (A rating),Global Business Mobility: Senior or Specialist Worker,,,https://www.bing.com/search?q=Ada+Digital+Health+Ltd+official+website,,,,https://www.bing.com/search?q=Ada+Digital+Health+Ltd+careers
Adage Digital Ltd,London,London,Worker (A rating),Skilled Worker,,,https://www.bing.com/search?q=Adage+Digital+Ltd+official+website,,,,https://www.bing.com/search?q=Adage+Digital+Ltd+careers
Adam Mathew Digital Limited,Marlborough,,Worker (A rating),Skilled Worker,,,https://www.bing.com/search?q=Adam+Mathew+Digital+Limited+official+website,,,,https://www.bing.com/search?q=Adam+Mathew+Digital+Limited+careers
Adaptech AI LTD,London,London,Worker (A rating),Skilled Worker,,,https://www.bing.com/search?q=Adaptech+AI+LTD+official+website,,,,https://www.bing.com/search?q=Adaptech+AI+LTD+careers
Adder Technology Limited,Cambridge,,Worker (A rating),Skilled Worker,,,https://www.bing.com/search?q=Adder+Technology+Limited+official+website,,,,https://www.bing.com/search?q=Adder+Technology+Limited+careers
Adder Technology Limited,Leicester,Leicestershire,Worker (A rating),Skilled Worker,,,https://www.bing.com/search?q=Adder+Technology+Limited+official+website,,,,https://www.bing.com/search?q=Adder+Technology+Limited+careers
Address Intelligence Technologies Limited,London,,Worker (A rating),Skilled Worker,,,https://www.bing.com/search?q=Address+Intelligence+Technologies+Limited+official+website,,,,https://www.bing.com/search?q=Address+Intelligence+Technologies+Limited+careers
Adelante Software Ltd,Maidenhead,Berkshire,Worker (A rating),Skilled Worker,,,https://www.bing.com/search?q=Adelante+Software+Ltd+official+website,,,,https://www.bing.com/search?q=Adelante+Software+Ltd+careers
Adex International Technologies Ltd,Folkestone,Kent,Worker (A rating),Skilled Worker,,,https://www.bing.com/search?q=Adex+International+Technologies+Ltd+official+website,,,,https://www.bing.com/search?q=Adex+International+Technologies+Ltd+careers
ADI TECHNOLOGY LIMITED,Basingstoke,Hampshire,Worker (A rating),Skilled Worker,,,https://www.bing.com/search?q=ADI+TECHNOLOGY+LIMITED+official+website,,,,https://www.bing.com/search?q=ADI+TECHNOLOGY+LIMITED+careers
Adjust Software Limited,Watford,,Worker (A rating),Skilled Worker,,,https://www.bing.com/search?q=Adjust+Software+Limited+official+website,,,,https://www.bing.com/search?q=Adjust+Software+Limited+careers
Adjust Software Limited,Watford,,Worker (A rating),Global Business Mobility: Senior or Specialist Worker,,,https://www.bing.com/search?q=Adjust+Software+Limited+official+website,,,,https://www.bing.com/search?q=Adjust+Software+Limited+careers
ADM COMPUTING,CANTERBURY,KENT,Worker (A rating),Skilled Worker,,,https://www.bing.com/search?q=ADM+COMPUTING+official+website,,,,https://www.bing.com/search?q=ADM+COMPUTING+careers
ADMISSION NETWORK LTD,London,,Worker (A rating),Skilled Worker,,,https://www.bing.com/search?q=ADMISSION+NETWORK+LTD+official+website,,,,https://www.bing.com/search?q=ADMISSION+NETWORK+LTD+careers
Adsum Technologies Ltd,London,,Worker (A rating),Skilled Worker,,,https://www.bing.com/search?q=Adsum+Technologies+Ltd+official+website,,,,https://www.bing.com/search?q=Adsum+Technologies+Ltd+careers
Adtran Networks (UK) Limited,York,North Yorkshire,Worker (A rating),Skilled Worker,,,https://www.bing.com/search?q=Adtran+Networks+%28UK%29+Limited+official+website,,,,https://www.bing.com/search?q=Adtran+Networks+%28UK%29+Limited+careers
ADVANCE AI LTD,Abbotsley,Cambridgeshire,Worker (A rating),Skilled Worker,,,https://www.bing.com/search?q=ADVANCE+AI+LTD+official+website,,,,https://www.bing.com/search?q=ADVANCE+AI+LTD+careers
ADVANCE AI LTD,Abbotsley,Cambridgeshire,Worker (A rating),Global Business Mobility: Senior or Specialist Worker,,,https://www.bing.com/search?q=ADVANCE+AI+LTD+official+website,,,,https://www.bing.com/search?q=ADVANCE+AI+LTD+careers
ADVANCE COLLEGE OF BUSINESS AND TECHNOLOGY LIMITED,London,,Worker (A rating),Skilled Worker,,,https://www.bing.com/search?q=ADVANCE+COLLEGE+OF+BUSINESS+AND+TECHNOLOGY+LIMITED+official+website,,,,https://www.bing.com/search?q=ADVANCE+COLLEGE+OF+BUSINESS+AND+TECHNOLOGY+LIMITED+careers
ADVANCE WATER TREATMENT TECHNOLOGIES LIMITED,Leighton Buzzard,,Worker (A rating),Skilled Worker,,,https://www.bing.com/search?q=ADVANCE+WATER+TREATMENT+TECHNOLOGIES+LIMITED+official+website,,,,https://www.bing.com/search?q=ADVANCE+WATER+TREATMENT+TECHNOLOGIES+LIMITED+careers
Advance Web Software Ltd,London,England,Worker (A rating),Global Business Mobility: UK Expansion Worker,,,https://www.bing.com/search?q=Advance+Web+Software+Ltd+official+website,,,,https://www.bing.com/search?q=Advance+Web+Software+Ltd+careers
ADVANCED DESIGN TECHNOLOGY LIMITED,LONDON,,Worker (A rating),Skilled Worker,,,https://www.bing.com/search?q=ADVANCED+DESIGN+TECHNOLOGY+LIMITED+official+website,,,,https://www.bing.com/search?q=ADVANCED+DESIGN+TECHNOLOGY+LIMITED+careers
Advanced Infrastructure Technology Limited,Nantwich,,Worker (A rating),Skilled Worker,,,https://www.bing.com/search?q=Advanced+Infrastructure+Technology+Limited+official+website,,,,https://www.bing.com/search?q=Advanced+Infrastructure+Technology+Limited+careers
Advanced Secure Technologies Ltd,Cardiff,South Glamorgan,Worker (A rating),Skilled Worker,,,https://www.bing.com/search?q=Advanced+Secure+Technologies+Ltd+official+website,,,,https://www.bing.com/search?q=Advanced+Secure+Technologies+Ltd+careers
ADVANCED TECHNOLOGY FOR INFORMATION SYSTEMS SOLUTIONS UK LIMITED (15373821),ENGLAND,,Worker (A rating),Global Business Mobility: UK Expansion Worker,,,https://www.bing.com/search?q=ADVANCED+TECHNOLOGY+FOR+INFORMATION+SYSTEMS+SOLUTIONS+UK+LIMITED+%2815373821%29+official+website,,,,https://www.bing.com/search?q=ADVANCED+TECHNOLOGY+FOR+INFORMATION+SYSTEMS+SOLUTIONS+UK+LIMITED+%2815373821%29+careers
Advanced Technology Services UK Limited,London,,Worker (A rating),Skilled Worker,,,https://www.bing.com/search?q=Advanced+Technology+Services+UK+Limited+official+website,,,,https://www.bing.com/search?q=Advanced+Technology+Services+UK+Limited+careers
Advanced Vision Technology Limited,Marlow,Buckinghamshire,Worker (A rating),Skilled Worker,,,https://www.bing.com/search?q=Advanced+Vision+Technology+Limited+official+website,,,,https://www.bing.com/search?q=Advanced+Vision+Technology+Limited+careers
Advanced Visualisation Technologies Ltd T/A Digital Autopsy UK,Sheffield,,Worker (A rating),Skilled Worker,,,https://www.bing.com/search?q=Advanced+Visualisation+Technologies+Ltd+T%2FA+Digital+Autopsy+UK+official+website,,,,https://www.bing.com/search?q=Advanced+Visualisation+Technologies+Ltd+T%2FA+Digital+Autopsy+UK+careers
Advantex Network Solutions Limited,Gateshead,Tyne and Wear,Worker (A rating),Skilled Worker,,,https://www.bing.com/search?q=Advantex+Network+Solutions+Limited+official+website,,,,https://www.bing.com/search?q=Advantex+Network+Solutions+Limited+careers
Advent Data Solutions Ltd,Stanmore,Middlesex,Worker (A rating),Skilled Worker,,,https://www.bing.com/search?q=Advent+Data+Solutions+Ltd+official+website,,,,https://www.bing.com/search?q=Advent+Data+Solutions+Ltd+careers
Advice Cloud Limited,Brighton,East Sussex,Worker (A rating),Skilled Worker,,,https://www.bing.com/search?q=Advice+Cloud+Limited+official+website,,,,https://www.bing.com/search?q=Advice+Cloud+Limited+careers
ADZ NETWORK LTD T/A Chillies Tandoori,London,,Worker (A rating),Skilled Worker,,,https://www.bing.com/search?q=ADZ+NETWORK+LTD+T%2FA+Chillies+Tandoori+official+website,,,,https://www.bing.com/search?q=ADZ+NETWORK+LTD+T%2FA+Chillies+Tandoori+careers
AECOM ENGINEERING TECHNOLOGY SERVICES LTD,London,,Worker (A rating),Skilled Worker,,,https://www.bing.com/search?q=AECOM+ENGINEERING+TECHNOLOGY+SERVICES+LTD+official+website,,,,https://www.bing.com/search?q=AECOM+ENGINEERING+TECHNOLOGY+SERVICES+LTD+careers
AEG Technologies Limited T/A Connect,London,,Worker (A rating),Skilled Worker,,,https://www.bing.com/search?q=AEG+Technologies+Limited+T%2FA+Connect+official+website,,,,https://www.bing.com/search?q=AEG+Technologies+Limited+T%2FA+Connect+careers
Aera Technology Limited,London,,Worker (A rating),Skilled Worker,,,https://www.bing.com/search?q=Aera+Technology+Limited+official+website,,,,https://www.bing.com/search?q=Aera+Technology+Limited+careers
Aerospace Technology Institute,London,,Worker (A rating),Skilled Worker,,,https://www.bing.com/search?q=Aerospace+Technology+Institute+official+website,,,,https://www.bing.com/search?q=Aerospace+Technology+Institute+careers
Aesthetic Technology Ltd,Warrington,Cheshire,Worker (A rating),Skilled Worker,,,https://www.bing.com/search?q=Aesthetic+Technology+Ltd+official+website,,,,https://www.bing.com/search?q=Aesthetic+Technology+Ltd+careers
Afferent Software Limited,Brighton,,Worker (A rating),Skilled Worker,,,https://www.bing.com/search?q=Afferent+Software+Limited+official+website,,,,https://www.bing.com/search?q=Afferent+Software+Limited+careers
Affiniti AI Limited,London,,Worker (A rating),Skilled Worker,,,https://www.bing.com/search?q=Affiniti+AI+Limited+official+website,,,,https://www.bing.com/search?q=Affiniti+AI+Limited+careers
Affluent Technology Limited,Coventry,West Midlands,Worker (A rating),Skilled Worker,,,https://www.bing.com/search?q=Affluent+Technology+Limited+official+website,,,,https://www.bing.com/search?q=Affluent+Technology+Limited+careers
Afiniti Europe Technologies Limited,London,,Worker (A rating),Global Business Mobility: Senior or Specialist Worker,,,https://www.bing.com/search?q=Afiniti+Europe+Technologies+Limited+official+website,,,,https://www.bing.com/search?q=Afiniti+Europe+Technologies+Limited+careers
Afiniti Europe Technologies Limited,London,,Worker (A rating),Skilled Worker,,,https://www.bing.com/search?q=Afiniti+Europe+Technologies+Limited+official+website,,,,https://www.bing.com/search?q=Afiniti+Europe+Technologies+Limited+careers
Afon Technology Ltd,Caldicot,Monmouthshire,Worker (A rating),Skilled Worker,,,https://www.bing.com/search?q=Afon+Technology+Ltd+official+website,,,,https://www.bing.com/search?q=Afon+Technology+Ltd+careers
African Culture Arts and Sport Network,Romford,Essex,Temporary Worker (A rating),Creative Worker,,,https://www.bing.com/search?q=African+Culture+Arts+and+Sport+Network+official+website,,,,https://www.bing.com/search?q=African+Culture+Arts+and+Sport+Network+careers
AFX Mixing and Pumping Technologies Ltd,Poole,Dorset,Worker (A rating),Skilled Worker,,,https://www.bing.com/search?q=AFX+Mixing+and+Pumping+Technologies+Ltd+official+website,,,,https://www.bing.com/search?q=AFX+Mixing+and+Pumping+Technologies+Ltd+careers
AG Technologies LTD,London,,Worker (A rating),Skilled Worker,,,https://www.bing.com/search?q=AG+Technologies+LTD+official+website,,,,https://www.bing.com/search?q=AG+Technologies+LTD+careers
AGEMO AI LTD,Cheshire,,Worker (A rating),Skilled Worker,,,https://www.bing.com/search?q=AGEMO+AI+LTD+official+website,,,,https://www.bing.com/search?q=AGEMO+AI+LTD+careers
AGENCY SOFTWARE WORLDWIDE LTD,HADLOW,TONBRIDGE,Worker (A rating),Skilled Worker,,,https://www.bing.com/search?q=AGENCY+SOFTWARE+WORLDWIDE+LTD+official+website,,,,https://www.bing.com/search?q=AGENCY+SOFTWARE+WORLDWIDE+LTD+careers
Agent Software Limited,Manchester,,Worker (A rating),Skilled Worker,,,https://www.bing.com/search?q=Agent+Software+Limited+official+website,,,,https://www.bing.com/search?q=Agent+Software+Limited+careers
Agile and IT Digital Services Limited,Brentford,,Worker (A rating),Skilled Worker,,,https://www.bing.com/search?q=Agile+and+IT+Digital+Services+Limited+official+website,,,,https://www.bing.com/search?q=Agile+and+IT+Digital+Services+Limited+careers
Agile Cyber Solutions Limited,London,,Worker (A rating),Skilled Worker,,,https://www.bing.com/search?q=Agile+Cyber+Solutions+Limited+official+website,,,,https://www.bing.com/search?q=Agile+Cyber+Solutions+Limited+careers
AGILE SOFTWARE SYSTEMS LTD,Colchester,essex,Worker (A rating),Skilled Worker,,,https://www.bing.com/search?q=AGILE+SOFTWARE+SYSTEMS+LTD+official+website,,,,https://www.bing.com/search?q=AGILE+SOFTWARE+SYSTEMS+LTD+careers
AGILENT TECHNOLOGIES LDA UK LIMITED,Cheshire,,Worker (A rating),Global Business Mobility: Senior or Specialist Worker,,,https://www.bing.com/search?q=AGILENT+TECHNOLOGIES+LDA+UK+LIMITED+official+website,,,,https://www.bing.com/search?q=AGILENT+TECHNOLOGIES+LDA+UK+LIMITED+careers
AGILENT TECHNOLOGIES LDA UK LIMITED,Cheshire,,Worker (A rating),Skilled Worker,,,https://www.bing.com/search?q=AGILENT+TECHNOLOGIES+LDA+UK+LIMITED+official+website,,,,https://www.bing.com/search?q=AGILENT+TECHNOLOGIES+LDA+UK+LIMITED+careers
Agilico Workplace Technologies,London,,Worker (A rating),Skilled Worker,,,https://www.bing.com/search?q=Agilico+Workplace+Technologies+official+website,,,,https://www.bing.com/search?q=Agilico+Workplace+Technologies+careers
Agilio Software Bidco Ltd.,Sheffield,,Worker (A rating),Skilled Worker,,,https://www.bing.com/search?q=Agilio+Software+Bidco+Ltd.+official+website,,,,https://www.bing.com/search?q=Agilio+Software+Bidco+Ltd.+careers
Agilio Software Bidco Ltd.,Sheffield,,Worker (A rating),Global Business Mobility: Senior or Specialist Worker,,,https://www.bing.com/search?q=Agilio+Software+Bidco+Ltd.+official+website,,,,https://www.bing.com/search?q=Agilio+Software+Bidco+Ltd.+careers
Agio AI UK Limited,Belfast,,Worker (A rating),Skilled Worker,,,https://www.bing.com/search?q=Agio+AI+UK+Limited+official+website,,,,https://www.bing.com/search?q=Agio+AI+UK+Limited+careers
Agoe Empowerment Network CIO,LONDON,WANDSWORTH,Temporary Worker (A rating),Charity Worker,,,https://www.bing.com/search?q=Agoe+Empowerment+Network+CIO+official+website,,,,https://www.bing.com/search?q=Agoe+Empowerment+Network+CIO+careers
Agreena Technology Limited,London,,Worker (A rating),Global Business Mobility: Senior or Specialist Worker,,,https://www.bing.com/search?q=Agreena+Technology+Limited+official+website,,,,https://www.bing.com/search?q=Agreena+Technology+Limited+careers
Agreena Technology Limited,London,,Worker (A rating),Skilled Worker,,,https://www.bing.com/search?q=Agreena+Technology+Limited+official+website,,,,https://www.bing.com/search?q=Agreena+Technology+Limited+careers
AGS Cyber,London,,Worker (A rating),Skilled Worker,,,https://www.bing.com/search?q=AGS+Cyber+official+website,,,,https://www.bing.com/search?q=AGS+Cyber+careers
AH Technology Ltd,London,,Worker (A rating),Skilled Worker,,,https://www.bing.com/search?q=AH+Technology+Ltd+official+website,,,,https://www.bing.com/search?q=AH+Technology+Ltd+careers
AH technology Ltd t/a Klyk,London,,Worker (A rating),Skilled Worker,,,https://www.bing.com/search?q=AH+technology+Ltd+t%2Fa+Klyk+official+website,,,,https://www.bing.com/search?q=AH+technology+Ltd+t%2Fa+Klyk+careers
AI & CO LTD TA Flying Horse Restaurant,Markfield,,Worker (A rating),Skilled Worker,,,https://www.bing.com/search?q=AI+%26+CO+LTD+TA+Flying+Horse+Restaurant+official+website,,,,https://www.bing.com/search?q=AI+%26+CO+LTD+TA+Flying+Horse+Restaurant+careers
AI Agency Group LTD T/A Apply AI,London,,Worker (A rating),Skilled Worker,,,https://www.bing.com/search?q=AI+Agency+Group+LTD+T%2FA+Apply+AI+official+website,,,,https://www.bing.com/search?q=AI+Agency+Group+LTD+T%2FA+Apply+AI+careers
Ai Beauty LTD,London,,Worker (A rating),Skilled Worker,,,https://www.bing.com/search?q=Ai+Beauty+LTD+official+website,,,,https://www.bing.com/search?q=Ai+Beauty+LTD+careers
AI BUILD LIMITED,LONDON,ENGLAND,Worker (A rating),Skilled Worker,,,https://www.bing.com/search?q=AI+BUILD+LIMITED+official+website,,,,https://www.bing.com/search?q=AI+BUILD+LIMITED+careers
AI Computing Ltd,Ilford,,Worker (A rating),Skilled Worker,,,https://www.bing.com/search?q=AI+Computing+Ltd+official+website,,,,https://www.bing.com/search?q=AI+Computing+Ltd+careers
AI CORPORATE LIMITED,Wednesbury,,Worker (A rating),Skilled Worker,,,https://www.bing.com/search?q=AI+CORPORATE+LIMITED+official+website,,,,https://www.bing.com/search?q=AI+CORPORATE+LIMITED+careers
AI DATA LABS LTD,London,,Worker (A rating),Skilled Worker,,,https://www.bing.com/search?q=AI+DATA+LABS+LTD+official+website,,,,https://www.bing.com/search?q=AI+DATA+LABS+LTD+careers
AI Digital Limited,Lincoln,,Worker (A rating),Skilled Worker,,,https://www.bing.com/search?q=AI+Digital+Limited+official+website,,,,https://www.bing.com/search?q=AI+Digital+Limited+careers
AI Dizital Solutions LTD,Slough,Berkshire,Worker (A rating),Skilled Worker,,,https://www.bing.com/search?q=AI+Dizital+Solutions+LTD+official+website,,,,https://www.bing.com/search?q=AI+Dizital+Solutions+LTD+careers
AI Exploration Ltd,Westhill,,Worker (A rating),Skilled Worker,,,https://www.bing.com/search?q=AI+Exploration+Ltd+official+website,,,,https://www.bing.com/search?q=AI+Exploration+Ltd+careers
AI FM LTD,Hounslow,,Worker (A rating),Skilled Worker,,,https://www.bing.com/search?q=AI+FM+LTD+official+website,,,,https://www.bing.com/search?q=AI+FM+LTD+careers
AI Foods Ltd,Birmingham,,Worker (A rating),Skilled Worker,,,https://www.bing.com/search?q=AI+Foods+Ltd+official+website,,,,https://www.bing.com/search?q=AI+Foods+Ltd+careers
AI GEAR LTD,"Dundee, Scotland",,Worker (A rating),Skilled Worker,,,https://www.bing.com/search?q=AI+GEAR+LTD+official+website,,,,https://www.bing.com/search?q=AI+GEAR+LTD+careers
AI MARKET LTD,London,England,Worker (A rating),Skilled Worker,,,https://www.bing.com/search?q=AI+MARKET+LTD+official+website,,,,https://www.bing.com/search?q=AI+MARKET+LTD+careers
AI Pathfinder Inc Limited,London,,Worker (A rating),Skilled Worker,,,https://www.bing.com/search?q=AI+Pathfinder+Inc+Limited+official+website,,,,https://www.bing.com/search?q=AI+Pathfinder+Inc+Limited+careers
Ai Process Systems Ltd,Barrowford,Lancashire,Worker (A rating),Skilled Worker,,,https://www.bing.com/search?q=Ai+Process+Systems+Ltd+official+website,,,,https://www.bing.com/search?q=Ai+Process+Systems+Ltd+careers
AI Recruitment Technologies Limited,Knowsley,Merseyside,Worker (A rating),Skilled Worker,,,https://www.bing.com/search?q=AI+Recruitment+Technologies+Limited+official+website,,,,https://www.bing.com/search?q=AI+Recruitment+Technologies+Limited+careers
AI Restaurants Ltd,Birmingham,,Worker (A rating),Skilled Worker,,,https://www.bing.com/search?q=AI+Restaurants+Ltd+official+website,,,,https://www.bing.com/search?q=AI+Restaurants+Ltd+careers
Ai Tea Drinks Limited,Huddersfield,,Worker (A rating),Skilled Worker,,,https://www.bing.com/search?q=Ai+Tea+Drinks+Limited+official+website,,,,https://www.bing.com/search?q=Ai+Tea+Drinks+Limited+careers
AI Tech Ltd,London,,Worker (A rating),Skilled Worker,,,https://www.bing.com/search?q=AI+Tech+Ltd+official+website,,,,https://www.bing.com/search?q=AI+Tech+Ltd+careers
AI-Media UK B Ltd,London,,Worker (A rating),Skilled Worker,,,https://www.bing.com/search?q=AI-Media+UK+B+Ltd+official+website,,,,https://www.bing.com/search?q=AI-Media+UK+B+Ltd+careers
AI-Media UK B Ltd,London,,Worker (A rating),Global Business Mobility: Senior or Specialist Worker,,,https://www.bing.com/search?q=AI-Media+UK+B+Ltd+official+website,,,,https://www.bing.com/search?q=AI-Media+UK+B+Ltd+careers
AI-PRIORI LTD,Burton on Trent,,Worker (A rating),Skilled Worker,,,https://www.bing.com/search?q=AI-PRIORI+LTD+official+website,,,,https://www.bing.com/search?q=AI-PRIORI+LTD+careers
Aico Software Limited,Warwick,,Worker (A rating),Skilled Worker,,,https://www.bing.com/search?q=Aico+Software+Limited+official+website,,,,https://www.bing.com/search?q=Aico+Software+Limited+careers
AIDEM TECHNOLOGIES LTD,London,,Worker (A rating),Skilled Worker,,,https://www.bing.com/search?q=AIDEM+TECHNOLOGIES+LTD+official+website,,,,https://www.bing.com/search?q=AIDEM+TECHNOLOGIES+LTD+careers
AIDEM TECHNOLOGIES LTD,London,,Worker (A rating),Global Business Mobility: Senior or Specialist Worker,,,https://www.bing.com/search?q=AIDEM+TECHNOLOGIES+LTD+official+website,,,,https://www.bing.com/search?q=AIDEM+TECHNOLOGIES+LTD+careers
Aigo Digital Repairs,Manchester,,Worker (A rating),Skilled Worker,,,https://www.bing.com/search?q=Aigo+Digital+Repairs+official+website,,,,https://www.bing.com/search?q=Aigo+Digital+Repairs+careers
AIMPOINT DIGITAL UK LIMITED,London,,Worker (A rating),Global Business Mobility: Senior or Specialist Worker,,,https://www.bing.com/search?q=AIMPOINT+DIGITAL+UK+LIMITED+official+website,,,,https://www.bing.com/search?q=AIMPOINT+DIGITAL+UK+LIMITED+careers
AIMPOINT DIGITAL UK LIMITED,London,,Worker (A rating),Skilled Worker,,,https://www.bing.com/search?q=AIMPOINT+DIGITAL+UK+LIMITED+official+website,,,,https://www.bing.com/search?q=AIMPOINT+DIGITAL+UK+LIMITED+careers
Aionex Technologies Ltd,London,,Worker (A rating),Skilled Worker,,,https://www.bing.com/search?q=Aionex+Technologies+Ltd+official+website,,,,https://www.bing.com/search?q=Aionex+Technologies+Ltd+careers
Aios Technology Ltd,Nottingham,Nottinghamshire,Worker (A rating),Skilled Worker,,,https://www.bing.com/search?q=Aios+Technology+Ltd+official+website,,,,https://www.bing.com/search?q=Aios+Technology+Ltd+careers
Air Technology Systems Ltd,Bromsgrove,West Midlands,Worker (A rating),Skilled Worker,,,https://www.bing.com/search?q=Air+Technology+Systems+Ltd+official+website,,,,https://www.bing.com/search?q=Air+Technology+Systems+Ltd+careers
Aira Digital Limited,Milton Keynes,Buckinghamshire,Worker (A rating),Skilled Worker,,,https://www.bing.com/search?q=Aira+Digital+Limited+official+website,,,,https://www.bing.com/search?q=Aira+Digital+Limited+careers
Airex Technologies Ltd,London,London,Worker (A rating),Skilled Worker,,,https://www.bing.com/search?q=Airex+Technologies+Ltd+official+website,,,,https://www.bing.com/search?q=Airex+Technologies+Ltd+careers
Airportr Technologies Ltd,London,,Worker (A rating),Skilled Worker,,,https://www.bing.com/search?q=Airportr+Technologies+Ltd+official+website,,,,https://www.bing.com/search?q=Airportr+Technologies+Ltd+careers
AIRSYS COMMUNICATIONS TECHNOLOGY LIMITED,Romsey,Hampshire,Worker (A rating),Global Business Mobility: Senior or Specialist Worker,,,https://www.bing.com/search?q=AIRSYS+COMMUNICATIONS+TECHNOLOGY+LIMITED+official+website,,,,https://www.bing.com/search?q=AIRSYS+COMMUNICATIONS+TECHNOLOGY+LIMITED+careers
AIRSYS COMMUNICATIONS TECHNOLOGY LIMITED,Romsey,Hampshire,Worker (A rating),Skilled Worker,,,https://www.bing.com/search?q=AIRSYS+COMMUNICATIONS+TECHNOLOGY+LIMITED+official+website,,,,https://www.bing.com/search?q=AIRSYS+COMMUNICATIONS+TECHNOLOGY+LIMITED+careers
AIRX TECHNOLOGIES LIMITED,London,,Worker (A rating),Skilled Worker,,,https://www.bing.com/search?q=AIRX+TECHNOLOGIES+LIMITED+official+website,,,,https://www.bing.com/search?q=AIRX+TECHNOLOGIES+LIMITED+careers
AJ INFOTECH LIMITED,London,,Worker (A rating),Skilled Worker,,,https://www.bing.com/search?q=AJ+INFOTECH+LIMITED+official+website,,,,https://www.bing.com/search?q=AJ+INFOTECH+LIMITED+careers
Akamai Technologies Limited,London,,Worker (A rating),Skilled Worker,,,https://www.bing.com/search?q=Akamai+Technologies+Limited+official+website,,,,https://www.bing.com/search?q=Akamai+Technologies+Limited+careers
Akamai Technologies Limited,London,,Worker (A rating),Global Business Mobility: Senior or Specialist Worker,,,https://www.bing.com/search?q=Akamai+Technologies+Limited+official+website,,,,https://www.bing.com/search?q=Akamai+Technologies+Limited+careers
Akashi Digital Limited,London,,Worker (A rating),Skilled Worker,,,https://www.bing.com/search?q=Akashi+Digital+Limited+official+website,,,,https://www.bing.com/search?q=Akashi+Digital+Limited+careers
Akeron Software UK Ltd,London,,Worker (A rating),Skilled Worker,,,https://www.bing.com/search?q=Akeron+Software+UK+Ltd+official+website,,,,https://www.bing.com/search?q=Akeron+Software+UK+Ltd+careers
AKM COMPUTER LIMITED,LONDON,,Worker (A rating),Skilled Worker,,,https://www.bing.com/search?q=AKM+COMPUTER+LIMITED+official+website,,,,https://www.bing.com/search?q=AKM+COMPUTER+LIMITED+careers
Akoni Technologies Ltd.,Reading,,Worker (A rating),Skilled Worker,,,https://www.bing.com/search?q=Akoni+Technologies+Ltd.+official+website,,,,https://www.bing.com/search?q=Akoni+Technologies+Ltd.+careers
Aksha Technologies Limited,Watford,Hertfordshire,Worker (A rating),Skilled Worker,,,https://www.bing.com/search?q=Aksha+Technologies+Limited+official+website,,,,https://www.bing.com/search?q=Aksha+Technologies+Limited+careers
AKSYA TECHNOLOGIES LTD,LONDON,,Worker (A rating),Skilled Worker,,,https://www.bing.com/search?q=AKSYA+TECHNOLOGIES+LTD+official+website,,,,https://www.bing.com/search?q=AKSYA+TECHNOLOGIES+LTD+careers
Al Watani Telecom Ltd,Uxbridge,,Worker (A rating),Skilled Worker,,,https://www.bing.com/search?q=Al+Watani+Telecom+Ltd+official+website,,,,https://www.bing.com/search?q=Al+Watani+Telecom+Ltd+careers
Alaraby Television Network Limited,Ealing,,Worker (A rating),Skilled Worker,,,https://www.bing.com/search?q=Alaraby+Television+Network+Limited+official+website,,,,https://www.bing.com/search?q=Alaraby+Television+Network+Limited+careers
ALARIS THE RF TECHNOLOGY GROUP LTD,LINCOLN,Lincolnshire,Worker (A rating),Global Business Mobility: Senior or Specialist Worker,,,https://www.bing.com/search?q=ALARIS+THE+RF+TECHNOLOGY+GROUP+LTD+official+website,,,,https://www.bing.com/search?q=ALARIS+THE+RF+TECHNOLOGY+GROUP+LTD+careers
ALARIS THE RF TECHNOLOGY GROUP LTD,LINCOLN,Lincolnshire,Worker (A rating),Skilled Worker,,,https://www.bing.com/search?q=ALARIS+THE+RF+TECHNOLOGY+GROUP+LTD+official+website,,,,https://www.bing.com/search?q=ALARIS+THE+RF+TECHNOLOGY+GROUP+LTD+careers
Alator Data Services LTD,Dundee,Angus,Worker (A rating),Skilled Worker,,,https://www.bing.com/search?q=Alator+Data+Services+LTD+official+website,,,,https://www.bing.com/search?q=Alator+Data+Services+LTD+careers
Alcatel Submarine Networks UK Ltd,London,,Temporary Worker (A rating),Global Business Mobility: Graduate Trainee,,,https://www.bing.com/search?q=Alcatel+Submarine+Networks+UK+Ltd+official+website,,,,https://www.bing.com/search?q=Alcatel+Submarine+Networks+UK+Ltd+careers
Alcatel Submarine Networks UK Ltd,London,,Worker (A rating),Global Business Mobility: Senior or Specialist Worker,,,https://www.bing.com/search?q=Alcatel+Submarine+Networks+UK+Ltd+official+website,,,,https://www.bing.com/search?q=Alcatel+Submarine+Networks+UK+Ltd+careers
Alcatel Submarine Networks UK Ltd,London,,Worker (A rating),Skilled Worker,,,https://www.bing.com/search?q=Alcatel+Submarine+Networks+UK+Ltd+official+website,,,,https://www.bing.com/search?q=Alcatel+Submarine+Networks+UK+Ltd+careers
Alchemie Technology Ltd,Duxford,,Worker (A rating),Skilled Worker,,,https://www.bing.com/search?q=Alchemie+Technology+Ltd+official+website,,,,https://www.bing.com/search?q=Alchemie+Technology+Ltd+careers
Alchemy Software Ltd,Bexleyheath,,Worker (A rating),Skilled Worker,,,https://www.bing.com/search?q=Alchemy+Software+Ltd+official+website,,,,https://www.bing.com/search?q=Alchemy+Software+Ltd+careers
Alchemy Technology Services Limited,Derry/Londonderry,,Worker (A rating),Skilled Worker,,,https://www.bing.com/search?q=Alchemy+Technology+Services+Limited+official+website,,,,https://www.bing.com/search?q=Alchemy+Technology+Services+Limited+careers
Alderson Digital Ltd,London,,Worker (A rating),Skilled Worker,,,https://www.bing.com/search?q=Alderson+Digital+Ltd+official+website,,,,https://www.bing.com/search?q=Alderson+Digital+Ltd+careers
Aldia Technologies LTD,LONDON,,Worker (A rating),Skilled Worker,,,https://www.bing.com/search?q=Aldia+Technologies+LTD+official+website,,,,https://www.bing.com/search?q=Aldia+Technologies+LTD+careers
Aleti Software Systems Ltd,Newcastle Upon Tyne,,Worker (A rating),Skilled Worker,,,https://www.bing.com/search?q=Aleti+Software+Systems+Ltd+official+website,,,,https://www.bing.com/search?q=Aleti+Software+Systems+Ltd+careers
Alexander Technologies Europe Limited,Peterlee,,Worker (A rating),Skilled Worker,,,https://www.bing.com/search?q=Alexander+Technologies+Europe+Limited+official+website,,,,https://www.bing.com/search?q=Alexander+Technologies+Europe+Limited+careers
Alfa Financial Software Ltd,London,,Worker (A rating),Skilled Worker,,,https://www.bing.com/search?q=Alfa+Financial+Software+Ltd+official+website,,,,https://www.bing.com/search?q=Alfa+Financial+Software+Ltd+careers
Algiz Technology Limited,Birmingham,West Midlands,Worker (A rating),Skilled Worker,,,https://www.bing.com/search?q=Algiz+Technology+Limited+official+website,,,,https://www.bing.com/search?q=Algiz+Technology+Limited+careers
Algorithms Software UK Ltd,London,,Worker (A rating),Skilled Worker,,,https://www.bing.com/search?q=Algorithms+Software+UK+Ltd+official+website,,,,https://www.bing.com/search?q=Algorithms+Software+UK+Ltd+careers
Algorithms Software UK Ltd,London,,Worker (A rating),Global Business Mobility: Senior or Specialist Worker,,,https://www.bing.com/search?q=Algorithms+Software+UK+Ltd+official+website,,,,https://www.bing.com/search?q=Algorithms+Software+UK+Ltd+careers
Alianza UK Technologies Limited,Cambridge,Cambridgeshire,Worker (A rating),Skilled Worker,,,https://www.bing.com/search?q=Alianza+UK+Technologies+Limited+official+website,,,,https://www.bing.com/search?q=Alianza+UK+Technologies+Limited+careers
Align Technology UK Limited,Solihull,,Worker (A rating),Skilled Worker,,,https://www.bing.com/search?q=Align+Technology+UK+Limited+official+website,,,,https://www.bing.com/search?q=Align+Technology+UK+Limited+careers
Align Technology UK Limited,Solihull,,Worker (A rating),Global Business Mobility: Senior or Specialist Worker,,,https://www.bing.com/search?q=Align+Technology+UK+Limited+official+website,,,,https://www.bing.com/search?q=Align+Technology+UK+Limited+careers
Aligne Technologies Ltd,London,,Worker (A rating),Skilled Worker,,,https://www.bing.com/search?q=Aligne+Technologies+Ltd+official+website,,,,https://www.bing.com/search?q=Aligne+Technologies+Ltd+careers
Aligned AI Limited,Thame,Oxfordshire,Worker (A rating),Skilled Worker,,,https://www.bing.com/search?q=Aligned+AI+Limited+official+website,,,,https://www.bing.com/search?q=Aligned+AI+Limited+careers
All Eat App Network Technology Incorporated Ltd,Croydon,,Worker (A rating),Skilled Worker,,,https://www.bing.com/search?q=All+Eat+App+Network+Technology+Incorporated+Ltd+official+website,,,,https://www.bing.com/search?q=All+Eat+App+Network+Technology+Incorporated+Ltd+careers
ALL.SPACE Networks Limited,Reading,Berkshire,Worker (A rating),Global Business Mobility: Senior or Specialist Worker,,,https://www.bing.com/search?q=ALL.SPACE+Networks+Limited+official+website,,,,https://www.bing.com/search?q=ALL.SPACE+Networks+Limited+careers
ALL.SPACE Networks Limited,Reading,Berkshire,Worker (A rating),Skilled Worker,,,https://www.bing.com/search?q=ALL.SPACE+Networks+Limited+official+website,,,,https://www.bing.com/search?q=ALL.SPACE+Networks+Limited+careers
Allied Automation And Software Solutions Limited,London,,Worker (UK Expansion Worker: Provisional ),Global Business Mobility: UK Expansion Worker,,,https://www.bing.com/search?q=Allied+Automation+And+Software+Solutions+Limited+official+website,,,,https://www.bing.com/search?q=Allied+Automation+And+Software+Solutions+Limited+careers
Allied Computer UK Limited,Wembley,,Worker (A rating),Skilled Worker,,,https://www.bing.com/search?q=Allied+Computer+UK+Limited+official+website,,,,https://www.bing.com/search?q=Allied+Computer+UK+Limited+careers
ALLIED COMPUTER UK LTD,Wembley,,Worker (A rating),Skilled Worker,,,https://www.bing.com/search?q=ALLIED+COMPUTER+UK+LTD+official+website,,,,https://www.bing.com/search?q=ALLIED+COMPUTER+UK+LTD+careers
Allied Digital Services UK Ltd,Lewins Mead,Bristol,Worker (A rating),Global Business Mobility: Senior or Specialist Worker,,,https://www.bing.com/search?q=Allied+Digital+Services+UK+Ltd+official+website,,,,https://www.bing.com/search?q=Allied+Digital+Services+UK+Ltd+careers
Allied Digital Services UK Ltd,Lewins Mead,Bristol,Worker (A rating),Skilled Worker,,,https://www.bing.com/search?q=Allied+Digital+Services+UK+Ltd+official+website,,,,https://www.bing.com/search?q=Allied+Digital+Services+UK+Ltd+careers
Allied Software Ltd,Glasgow,,Worker (A rating),Skilled Worker,,,https://www.bing.com/search?q=Allied+Software+Ltd+official+website,,,,https://www.bing.com/search?q=Allied+Software+Ltd+careers
Alliot Technologies Limited,Huddersfield,West Yorkshire,Worker (A rating),Skilled Worker,,,https://www.bing.com/search?q=Alliot+Technologies+Limited+official+website,,,,https://www.bing.com/search?q=Alliot+Technologies+Limited+careers
Allocate Software Ltd,Richmond,,Worker (A rating),Skilled Worker,,,https://www.bing.com/search?q=Allocate+Software+Ltd+official+website,,,,https://www.bing.com/search?q=Allocate+Software+Ltd+careers
AllPoints Fibre Networks Limited,Reading,,Worker (A rating),Skilled Worker,,,https://www.bing.com/search?q=AllPoints+Fibre+Networks+Limited+official+website,,,,https://www.bing.com/search?q=AllPoints+Fibre+Networks+Limited+careers
AllSee Technologies Ltd,Birmingham,West Midlands,Worker (A rating),Skilled Worker,,,https://www.bing.com/search?q=AllSee+Technologies+Ltd+official+website,,,,https://www.bing.com/search?q=AllSee+Technologies+Ltd+careers
Allygrow Technologies UK Limited,Harrow,,Worker (A rating),Skilled Worker,,,https://www.bing.com/search?q=Allygrow+Technologies+UK+Limited+official+website,,,,https://www.bing.com/search?q=Allygrow+Technologies+UK+Limited+careers
Allygrow Technologies UK Limited,Harrow,,Worker (A rating),Global Business Mobility: Senior or Specialist Worker,,,https://www.bing.com/search?q=Allygrow+Technologies+UK+Limited+official+website,,,,https://www.bing.com/search?q=Allygrow+Technologies+UK+Limited+careers
Alp Technologies Ltd,London,,Worker (A rating),Skilled Worker,,,https://www.bing.com/search?q=Alp+Technologies+Ltd+official+website,,,,https://www.bing.com/search?q=Alp+Technologies+Ltd+careers
ALPHA DATA PARALLEL SYSTEMS LTD,EDINBURGH,,Worker (A rating),Global Business Mobility: Senior or Specialist Worker,,,https://www.bing.com/search?q=ALPHA+DATA+PARALLEL+SYSTEMS+LTD+official+website,,,,https://www.bing.com/search?q=ALPHA+DATA+PARALLEL+SYSTEMS+LTD+careers
ALPHA DATA PARALLEL SYSTEMS LTD,EDINBURGH,,Worker (A rating),Skilled Worker,,,https://www.bing.com/search?q=ALPHA+DATA+PARALLEL+SYSTEMS+LTD+official+website,,,,https://www.bing.com/search?q=ALPHA+DATA+PARALLEL+SYSTEMS+LTD+careers
ALPHA2 SOLUTIONS & SOFTWARE LIMITED,LONDON,,Worker (A rating),Skilled Worker,,,https://www.bing.com/search?q=ALPHA2+SOLUTIONS+%26+SOFTWARE+LIMITED+official+website,,,,https://www.bing.com/search?q=ALPHA2+SOLUTIONS+%26+SOFTWARE+LIMITED+careers
ALPHALAKE TECHNOLOGIES LTD,Northampton,,Worker (A rating),Skilled Worker,,,https://www.bing.com/search?q=ALPHALAKE+TECHNOLOGIES+LTD+official+website,,,,https://www.bing.com/search?q=ALPHALAKE+TECHNOLOGIES+LTD+careers
Alpharithm Technologies Limited,London,,Worker (A rating),Skilled Worker,,,https://www.bing.com/search?q=Alpharithm+Technologies+Limited+official+website,,,,https://www.bing.com/search?q=Alpharithm+Technologies+Limited+careers
Alpharithm Technologies Limited,London,,Worker (A rating),Global Business Mobility: Senior or Specialist Worker,,,https://www.bing.com/search?q=Alpharithm+Technologies+Limited+official+website,,,,https://www.bing.com/search?q=Alpharithm+Technologies+Limited+careers
AlphaSense Technology Limited,London,,Worker (A rating),Global Business Mobility: Senior or Specialist Worker,,,https://www.bing.com/search?q=AlphaSense+Technology+Limited+official+website,,,,https://www.bing.com/search?q=AlphaSense+Technology+Limited+careers
AlphaSense Technology Limited,London,,Worker (A rating),Skilled Worker,,,https://www.bing.com/search?q=AlphaSense+Technology+Limited+official+website,,,,https://www.bing.com/search?q=AlphaSense+Technology+Limited+careers
Alphatec Software Limited,Dodford,Northamptonshire,Worker (A rating),Skilled Worker,,,https://www.bing.com/search?q=Alphatec+Software+Limited+official+website,,,,https://www.bing.com/search?q=Alphatec+Software+Limited+careers
Alphr Technology Ltd,Letchworth Garden City,Hertfordshire,Worker (A rating),Skilled Worker,,,https://www.bing.com/search?q=Alphr+Technology+Ltd+official+website,,,,https://www.bing.com/search?q=Alphr+Technology+Ltd+careers
AlSaab Ltd t/a AlSaab Digital Ventures,London,,Worker (A rating),Skilled Worker,,,https://www.bing.com/search?q=AlSaab+Ltd+t%2Fa+AlSaab+Digital+Ventures+official+website,,,,https://www.bing.com/search?q=AlSaab+Ltd+t%2Fa+AlSaab+Digital+Ventures+careers
Altana Technologies UK Ltd,London,,Worker (A rating),Global Business Mobility: Senior or Specialist Worker,,,https://www.bing.com/search?q=Altana+Technologies+UK+Ltd+official+website,,,,https://www.bing.com/search?q=Altana+Technologies+UK+Ltd+careers
Altana Technologies UK Ltd,London,,Worker (A rating),Skilled Worker,,,https://www.bing.com/search?q=Altana+Technologies+UK+Ltd+official+website,,,,https://www.bing.com/search?q=Altana+Technologies+UK+Ltd+careers
ALTEN GLOBAL TECHNOLOGIES,"Cambridge,",,Worker (A rating),Global Business Mobility: Senior or Specialist Worker,,,https://www.bing.com/search?q=ALTEN+GLOBAL+TECHNOLOGIES+official+website,,,,https://www.bing.com/search?q=ALTEN+GLOBAL+TECHNOLOGIES+careers
ALTEN GLOBAL TECHNOLOGIES,"Cambridge,",,Worker (A rating),Skilled Worker,,,https://www.bing.com/search?q=ALTEN+GLOBAL+TECHNOLOGIES+official+website,,,,https://www.bing.com/search?q=ALTEN+GLOBAL+TECHNOLOGIES+careers
Alter Technology TUV NORD UK LTD,Livingston,,Worker (A rating),Skilled Worker,,,https://www.bing.com/search?q=Alter+Technology+TUV+NORD+UK+LTD+official+website,,,,https://www.bing.com/search?q=Alter+Technology+TUV+NORD+UK+LTD+careers
Altera Semiconductor Technology UK Limited,Marlow,,Worker (A rating),Skilled Worker,,,https://www.bing.com/search?q=Altera+Semiconductor+Technology+UK+Limited+official+website,,,,https://www.bing.com/search?q=Altera+Semiconductor+Technology+UK+Limited+careers
Altera Semiconductor Technology UK Limited,Marlow,,Worker (A rating),Global Business Mobility: Senior or Specialist Worker,,,https://www.bing.com/search?q=Altera+Semiconductor+Technology+UK+Limited+official+website,,,,https://www.bing.com/search?q=Altera+Semiconductor+Technology+UK+Limited+careers
"Alternative Loans Experience Technologies UK Limited, trading as Infinit",London,,Worker (A rating),Skilled Worker,,,https://www.bing.com/search?q=Alternative+Loans+Experience+Technologies+UK+Limited%2C+trading+as+Infinit+official+website,,,,https://www.bing.com/search?q=Alternative+Loans+Experience+Technologies+UK+Limited%2C+trading+as+Infinit+careers
Altrix Technology Ltd,London,,Worker (A rating),Skilled Worker,,,https://www.bing.com/search?q=Altrix+Technology+Ltd+official+website,,,,https://www.bing.com/search?q=Altrix+Technology+Ltd+careers
Altus Technologies Ltd,Horsham,,Worker (A rating),Skilled Worker,,,https://www.bing.com/search?q=Altus+Technologies+Ltd+official+website,,,,https://www.bing.com/search?q=Altus+Technologies+Ltd+careers
Alula Technologies Ltd,London,,Worker (A rating),Skilled Worker,,,https://www.bing.com/search?q=Alula+Technologies+Ltd+official+website,,,,https://www.bing.com/search?q=Alula+Technologies+Ltd+careers
Alula Technologies Ltd,London,,Worker (A rating),Global Business Mobility: Senior or Specialist Worker,,,https://www.bing.com/search?q=Alula+Technologies+Ltd+official+website,,,,https://www.bing.com/search?q=Alula+Technologies+Ltd+careers
AM Insights Technology Limited,London,,Worker (A rating),Skilled Worker,,,https://www.bing.com/search?q=AM+Insights+Technology+Limited+official+website,,,,https://www.bing.com/search?q=AM+Insights+Technology+Limited+careers
Amadeus Software Limited,Oxon,,Worker (A rating),Skilled Worker,,,https://www.bing.com/search?q=Amadeus+Software+Limited+official+website,,,,https://www.bing.com/search?q=Amadeus+Software+Limited+careers
AMICABLE TECHNOLOGIES LIMITED,Newcastle Upon Tyne,,Worker (A rating),Skilled Worker,,,https://www.bing.com/search?q=AMICABLE+TECHNOLOGIES+LIMITED+official+website,,,,https://www.bing.com/search?q=AMICABLE+TECHNOLOGIES+LIMITED+careers
Amina Technologies Ltd,Huntingdon,Cambridgeshire,Worker (A rating),Skilled Worker,,,https://www.bing.com/search?q=Amina+Technologies+Ltd+official+website,,,,https://www.bing.com/search?q=Amina+Technologies+Ltd+careers
Amphora Technologies Limited,Belfast,Antrim,Worker (A rating),Skilled Worker,,,https://www.bing.com/search?q=Amphora+Technologies+Limited+official+website,,,,https://www.bing.com/search?q=Amphora+Technologies+Limited+careers
AMR Technologies Ltd,Solihull,,Worker (A rating),Skilled Worker,,,https://www.bing.com/search?q=AMR+Technologies+Ltd+official+website,,,,https://www.bing.com/search?q=AMR+Technologies+Ltd+careers
AN INTELLIGENT NETWORK LTD,London,London,Worker (A rating),Skilled Worker,,,https://www.bing.com/search?q=AN+INTELLIGENT+NETWORK+LTD+official+website,,,,https://www.bing.com/search?q=AN+INTELLIGENT+NETWORK+LTD+careers
Anaero Technology Ltd,Cambridge,Cambridgeshire,Worker (A rating),Skilled Worker,,,https://www.bing.com/search?q=Anaero+Technology+Ltd+official+website,,,,https://www.bing.com/search?q=Anaero+Technology+Ltd+careers
Analog and Digital Solutions Limited,Kent,,Worker (A rating),Skilled Worker,,,https://www.bing.com/search?q=Analog+and+Digital+Solutions+Limited+official+website,,,,https://www.bing.com/search?q=Analog+and+Digital+Solutions+Limited+careers
Anansi Technology Limited,London,,Worker (A rating),Skilled Worker,,,https://www.bing.com/search?q=Anansi+Technology+Limited+official+website,,,,https://www.bing.com/search?q=Anansi+Technology+Limited+careers
AND Technology Research Limited,Epping,Essex,Worker (A rating),Skilled Worker,,,https://www.bing.com/search?q=AND+Technology+Research+Limited+official+website,,,,https://www.bing.com/search?q=AND+Technology+Research+Limited+careers
Andor Technology,Belfast,Northern Ireland,Worker (A rating),Global Business Mobility: Senior or Specialist Worker,,,https://www.bing.com/search?q=Andor+Technology+official+website,,,,https://www.bing.com/search?q=Andor+Technology+careers
Andor Technology,Belfast,Northern Ireland,Worker (A rating),Skilled Worker,,,https://www.bing.com/search?q=Andor+Technology+official+website,,,,https://www.bing.com/search?q=Andor+Technology+careers
Aneto Digital Services Ltd,Milton Keynes,Buckinghamshire,Worker (A rating),Skilled Worker,,,https://www.bing.com/search?q=Aneto+Digital+Services+Ltd+official+website,,,,https://www.bing.com/search?q=Aneto+Digital+Services+Ltd+careers
Ankar.ai,London,,Worker (A rating),Skilled Worker,https://ankar.ai,derived_from_company_name_domain,https://www.bing.com/search?q=Ankar.ai+official+website,,https://ankar.ai,https://ankar.ai/careers,https://www.bing.com/search?q=Ankar.ai+careers
Anker Technology (UK) Ltd,Watford,Hertfordshire,Worker (A rating),Global Business Mobility: Senior or Specialist Worker,,,https://www.bing.com/search?q=Anker+Technology+%28UK%29+Ltd+official+website,,,,https://www.bing.com/search?q=Anker+Technology+%28UK%29+Ltd+careers
Anker Technology (UK) Ltd,Watford,Hertfordshire,Worker (A rating),Skilled Worker,,,https://www.bing.com/search?q=Anker+Technology+%28UK%29+Ltd+official+website,,,,https://www.bing.com/search?q=Anker+Technology+%28UK%29+Ltd+careers
ANRA Technologies UK Ltd,Cranfield,,Worker (A rating),Skilled Worker,,,https://www.bing.com/search?q=ANRA+Technologies+UK+Ltd+official+website,,,,https://www.bing.com/search?q=ANRA+Technologies+UK+Ltd+careers
ANSA Data Analytics Ltd,Aberdeen,,Worker (A rating),Skilled Worker,,,https://www.bing.com/search?q=ANSA+Data+Analytics+Ltd+official+website,,,,https://www.bing.com/search?q=ANSA+Data+Analytics+Ltd+careers
Ansari Technology Ltd,Edinburgh,,Worker (A rating),Skilled Worker,,,https://www.bing.com/search?q=Ansari+Technology+Ltd+official+website,,,,https://www.bing.com/search?q=Ansari+Technology+Ltd+careers
Ansimicro Software UK Limited,Gloucester,Gloucestershire,Temporary Worker (A rating),Global Business Mobility: Graduate Trainee,,,https://www.bing.com/search?q=Ansimicro+Software+UK+Limited+official+website,,,,https://www.bing.com/search?q=Ansimicro+Software+UK+Limited+careers
Ansimicro Software UK Limited,Gloucester,Gloucestershire,Worker (A rating),Global Business Mobility: Senior or Specialist Worker,,,https://www.bing.com/search?q=Ansimicro+Software+UK+Limited+official+website,,,,https://www.bing.com/search?q=Ansimicro+Software+UK+Limited+careers
Ansimicro Software UK Limited,Gloucester,Gloucestershire,Worker (A rating),Skilled Worker,,,https://www.bing.com/search?q=Ansimicro+Software+UK+Limited+official+website,,,,https://www.bing.com/search?q=Ansimicro+Software+UK+Limited+careers
Ant Data Limited,Liverpool,Merseyside,Worker (A rating),Skilled Worker,,,https://www.bing.com/search?q=Ant+Data+Limited+official+website,,,,https://www.bing.com/search?q=Ant+Data+Limited+careers
Ant Data Limited,Liverpool,,Worker (A rating),Skilled Worker,,,https://www.bing.com/search?q=Ant+Data+Limited+official+website,,,,https://www.bing.com/search?q=Ant+Data+Limited+careers
Antare Technology Limited,London,,Worker (A rating),Skilled Worker,,,https://www.bing.com/search?q=Antare+Technology+Limited+official+website,,,,https://www.bing.com/search?q=Antare+Technology+Limited+careers
Antioch Network Manchester,Rochdale,Lancs,Worker (A rating),Tier 2 Ministers of Religion,,,https://www.bing.com/search?q=Antioch+Network+Manchester+official+website,,,,https://www.bing.com/search?q=Antioch+Network+Manchester+careers
ANZ DIGITAL LIMITED,"Welwyn Garden City,",,Worker (A rating),Skilled Worker,,,https://www.bing.com/search?q=ANZ+DIGITAL+LIMITED+official+website,,,,https://www.bing.com/search?q=ANZ+DIGITAL+LIMITED+careers
APCO Technologies Services Ltd,Didcot,,Worker (A rating),Skilled Worker,,,https://www.bing.com/search?q=APCO+Technologies+Services+Ltd+official+website,,,,https://www.bing.com/search?q=APCO+Technologies+Services+Ltd+careers
APCO Technologies Services Ltd,Didcot,,Worker (A rating),Global Business Mobility: Senior or Specialist Worker,,,https://www.bing.com/search?q=APCO+Technologies+Services+Ltd+official+website,,,,https://www.bing.com/search?q=APCO+Technologies+Services+Ltd+careers
Apex Additive Technologies Ltd,Ebbw Vale,,Worker (A rating),Skilled Worker,,,https://www.bing.com/search?q=Apex+Additive+Technologies+Ltd+official+website,,,,https://www.bing.com/search?q=Apex+Additive+Technologies+Ltd+careers
Apex Networks Ltd,Ramsgate,,Worker (A rating),Skilled Worker,,,https://www.bing.com/search?q=Apex+Networks+Ltd+official+website,,,,https://www.bing.com/search?q=Apex+Networks+Ltd+careers
APG Technologies Limited,London,Greater London,Worker (A rating),Skilled Worker,,,https://www.bing.com/search?q=APG+Technologies+Limited+official+website,,,,https://www.bing.com/search?q=APG+Technologies+Limited+careers
"API Software Limited (Trading as ""AutoRek"")",Glasgow,,Worker (A rating),Skilled Worker,,,https://www.bing.com/search?q=API+Software+Limited+%28Trading+as+%22AutoRek%22%29+official+website,,,,https://www.bing.com/search?q=API+Software+Limited+%28Trading+as+%22AutoRek%22%29+careers
Apis Assay Technologies,Manchester,Greater Manchester,Worker (A rating),Skilled Worker,,,https://www.bing.com/search?q=Apis+Assay+Technologies+official+website,,,,https://www.bing.com/search?q=Apis+Assay+Technologies+careers
Apollo Research AI Ltd,London,,Worker (A rating),Skilled Worker,,,https://www.bing.com/search?q=Apollo+Research+AI+Ltd+official+website,,,,https://www.bing.com/search?q=Apollo+Research+AI+Ltd+careers
Apollo Research AI Ltd,London,,Worker (A rating),Global Business Mobility: Senior or Specialist Worker,,,https://www.bing.com/search?q=Apollo+Research+AI+Ltd+official+website,,,,https://www.bing.com/search?q=Apollo+Research+AI+Ltd+careers
Apparel Cloud London Ltd,London,,Worker (A rating),Skilled Worker,,,https://www.bing.com/search?q=Apparel+Cloud+London+Ltd+official+website,,,,https://www.bing.com/search?q=Apparel+Cloud+London+Ltd+careers
Appeal Marketing Ltd t/a Appeal Digital,Bristol,,Worker (A rating),Skilled Worker,,,https://www.bing.com/search?q=Appeal+Marketing+Ltd+t%2Fa+Appeal+Digital+official+website,,,,https://www.bing.com/search?q=Appeal+Marketing+Ltd+t%2Fa+Appeal+Digital+careers
Appella AI Limited,London,,Worker (A rating),Skilled Worker,,,https://www.bing.com/search?q=Appella+AI+Limited+official+website,,,,https://www.bing.com/search?q=Appella+AI+Limited+careers
Applexus Infotech Ltd,Amersham,,Worker (A rating),Skilled Worker,,,https://www.bing.com/search?q=Applexus+Infotech+Ltd+official+website,,,,https://www.bing.com/search?q=Applexus+Infotech+Ltd+careers
Applexus Technologies Limited,Hounslow,Greater London,Worker (A rating),Global Business Mobility: Senior or Specialist Worker,,,https://www.bing.com/search?q=Applexus+Technologies+Limited+official+website,,,,https://www.bing.com/search?q=Applexus+Technologies+Limited+careers
Applexus Technologies Limited,Hounslow,Greater London,Worker (A rating),Skilled Worker,,,https://www.bing.com/search?q=Applexus+Technologies+Limited+official+website,,,,https://www.bing.com/search?q=Applexus+Technologies+Limited+careers
Applied Data Science Partners Ltd,London,,Worker (A rating),Skilled Worker,,,https://www.bing.com/search?q=Applied+Data+Science+Partners+Ltd+official+website,,,,https://www.bing.com/search?q=Applied+Data+Science+Partners+Ltd+careers
Applied Manufacturing Technologies Ltd,Pembroke,Dyfed,Worker (A rating),Skilled Worker,,,https://www.bing.com/search?q=Applied+Manufacturing+Technologies+Ltd+official+website,,,,https://www.bing.com/search?q=Applied+Manufacturing+Technologies+Ltd+careers
Applied Network Solutions Limited,Holsworthy,Devon,Worker (A rating),Skilled Worker,,,https://www.bing.com/search?q=Applied+Network+Solutions+Limited+official+website,,,,https://www.bing.com/search?q=Applied+Network+Solutions+Limited+careers
Applied Scientific Technologies Ltd,Stokesley,North Yorkshire,Worker (A rating),Skilled Worker,,,https://www.bing.com/search?q=Applied+Scientific+Technologies+Ltd+official+website,,,,https://www.bing.com/search?q=Applied+Scientific+Technologies+Ltd+careers
Applied Technology Developments Ltd,Leicester,Leicestershire,Worker (A rating),Skilled Worker,,,https://www.bing.com/search?q=Applied+Technology+Developments+Ltd+official+website,,,,https://www.bing.com/search?q=Applied+Technology+Developments+Ltd+careers
Apply Digital UK Ltd,London,,Worker (A rating),Skilled Worker,,,https://www.bing.com/search?q=Apply+Digital+UK+Ltd+official+website,,,,https://www.bing.com/search?q=Apply+Digital+UK+Ltd+careers
APPLY4 TECHNOLOGY LIMITED,LONDON,,Worker (A rating),Skilled Worker,,,https://www.bing.com/search?q=APPLY4+TECHNOLOGY+LIMITED+official+website,,,,https://www.bing.com/search?q=APPLY4+TECHNOLOGY+LIMITED+careers
Appmetric Software Limited,Basildon,,Worker (A rating),Skilled Worker,,,https://www.bing.com/search?q=Appmetric+Software+Limited+official+website,,,,https://www.bing.com/search?q=Appmetric+Software+Limited+careers
Appsync Technologies Limited,Luton,,Worker (A rating),Skilled Worker,,,https://www.bing.com/search?q=Appsync+Technologies+Limited+official+website,,,,https://www.bing.com/search?q=Appsync+Technologies+Limited+careers
Aprameyah Technologies Limited,Slough,,Worker (A rating),Skilled Worker,,,https://www.bing.com/search?q=Aprameyah+Technologies+Limited+official+website,,,,https://www.bing.com/search?q=Aprameyah+Technologies+Limited+careers
Apriori Technologies UK Limited,Belfast,,Worker (A rating),Global Business Mobility: Senior or Specialist Worker,,,https://www.bing.com/search?q=Apriori+Technologies+UK+Limited+official+website,,,,https://www.bing.com/search?q=Apriori+Technologies+UK+Limited+careers
Apriori Technologies UK Limited,Belfast,,Worker (A rating),Skilled Worker,,,https://www.bing.com/search?q=Apriori+Technologies+UK+Limited+official+website,,,,https://www.bing.com/search?q=Apriori+Technologies+UK+Limited+careers
Aptitude Software Group plc,London,,Worker (A rating),Global Business Mobility: Senior or Specialist Worker,,,https://www.bing.com/search?q=Aptitude+Software+Group+plc+official+website,,,,https://www.bing.com/search?q=Aptitude+Software+Group+plc+careers
Aptitude Software Group plc,London,,Worker (A rating),Skilled Worker,,,https://www.bing.com/search?q=Aptitude+Software+Group+plc+official+website,,,,https://www.bing.com/search?q=Aptitude+Software+Group+plc+careers
Aptura AI UK Ltd.,London,,Worker (A rating),Skilled Worker,,,https://www.bing.com/search?q=Aptura+AI+UK+Ltd.+official+website,,,,https://www.bing.com/search?q=Aptura+AI+UK+Ltd.+careers
Aqua Security Software UK LTD,London,,Worker (A rating),Global Business Mobility: Senior or Specialist Worker,,,https://www.bing.com/search?q=Aqua+Security+Software+UK+LTD+official+website,,,,https://www.bing.com/search?q=Aqua+Security+Software+UK+LTD+careers
Aqua Security Software UK LTD,London,,Worker (A rating),Skilled Worker,,,https://www.bing.com/search?q=Aqua+Security+Software+UK+LTD+official+website,,,,https://www.bing.com/search?q=Aqua+Security+Software+UK+LTD+careers
Aqua Technologies (Europe) Ltd,Hounslow,Middlesex,Worker (A rating),Skilled Worker,,,https://www.bing.com/search?q=Aqua+Technologies+%28Europe%29+Ltd+official+website,,,,https://www.bing.com/search?q=Aqua+Technologies+%28Europe%29+Ltd+careers
Aquarium Software Limited,Altrincham,,Worker (A rating),Skilled Worker,,,https://www.bing.com/search?q=Aquarium+Software+Limited+official+website,,,,https://www.bing.com/search?q=Aquarium+Software+Limited+careers
AR MOBILES & TECHNOLOGY LTD,Ashby-De-La-Zouch,,Worker (A rating),Skilled Worker,,,https://www.bing.com/search?q=AR+MOBILES+%26+TECHNOLOGY+LTD+official+website,,,,https://www.bing.com/search?q=AR+MOBILES+%26+TECHNOLOGY+LTD+careers
AR TELEVISION NETWORK LTD,London,,Worker (A rating),Skilled Worker,,,https://www.bing.com/search?q=AR+TELEVISION+NETWORK+LTD+official+website,,,,https://www.bing.com/search?q=AR+TELEVISION+NETWORK+LTD+careers
Aras Software Ltd,Birmingham,,Worker (A rating),Skilled Worker,,,https://www.bing.com/search?q=Aras+Software+Ltd+official+website,,,,https://www.bing.com/search?q=Aras+Software+Ltd+careers
Arbor Networks UK Limited,London,,Worker (A rating),Global Business Mobility: Senior or Specialist Worker,,,https://www.bing.com/search?q=Arbor+Networks+UK+Limited+official+website,,,,https://www.bing.com/search?q=Arbor+Networks+UK+Limited+careers
Arbor Networks UK Limited,London,,Worker (A rating),Skilled Worker,,,https://www.bing.com/search?q=Arbor+Networks+UK+Limited+official+website,,,,https://www.bing.com/search?q=Arbor+Networks+UK+Limited+careers
ARCADYAN TECHNOLOGY LIMITED,Ipswich,Suffolk,Worker (A rating),Skilled Worker,,,https://www.bing.com/search?q=ARCADYAN+TECHNOLOGY+LIMITED+official+website,,,,https://www.bing.com/search?q=ARCADYAN+TECHNOLOGY+LIMITED+careers
Arch Ai Technologies Ltd,London,,Worker (A rating),Skilled Worker,,,https://www.bing.com/search?q=Arch+Ai+Technologies+Ltd+official+website,,,,https://www.bing.com/search?q=Arch+Ai+Technologies+Ltd+careers
ARCH TECHNOLOGY LTD,Wembley,,Worker (A rating),Skilled Worker,,,https://www.bing.com/search?q=ARCH+TECHNOLOGY+LTD+official+website,,,,https://www.bing.com/search?q=ARCH+TECHNOLOGY+LTD+careers
Archer Technologies UK Limited,Bristol,,Worker (A rating),Global Business Mobility: Senior or Specialist Worker,,,https://www.bing.com/search?q=Archer+Technologies+UK+Limited+official+website,,,,https://www.bing.com/search?q=Archer+Technologies+UK+Limited+careers
Archer Technologies UK Limited,Bristol,,Worker (A rating),Skilled Worker,,,https://www.bing.com/search?q=Archer+Technologies+UK+Limited+official+website,,,,https://www.bing.com/search?q=Archer+Technologies+UK+Limited+careers
Archipelago Technology Group Ltd,CAMBRIDGE,Cambridgeshire,Worker (A rating),Skilled Worker,,,https://www.bing.com/search?q=Archipelago+Technology+Group+Ltd+official+website,,,,https://www.bing.com/search?q=Archipelago+Technology+Group+Ltd+careers
Arctic Cloud Solutions Ltd,Glasgow,,Worker (A rating),Skilled Worker,,,https://www.bing.com/search?q=Arctic+Cloud+Solutions+Ltd+official+website,,,,https://www.bing.com/search?q=Arctic+Cloud+Solutions+Ltd+careers
Arctic Lake Technology Ltd,London,,Worker (A rating),Skilled Worker,,,https://www.bing.com/search?q=Arctic+Lake+Technology+Ltd+official+website,,,,https://www.bing.com/search?q=Arctic+Lake+Technology+Ltd+careers
Arctic Wolf Networks UK Limited,Newcastle Upon Tyne,,Worker (A rating),Global Business Mobility: Senior or Specialist Worker,,,https://www.bing.com/search?q=Arctic+Wolf+Networks+UK+Limited+official+website,,,,https://www.bing.com/search?q=Arctic+Wolf+Networks+UK+Limited+careers
Arctic Wolf Networks UK Limited,Newcastle Upon Tyne,,Worker (A rating),Skilled Worker,,,https://www.bing.com/search?q=Arctic+Wolf+Networks+UK+Limited+official+website,,,,https://www.bing.com/search?q=Arctic+Wolf+Networks+UK+Limited+careers
Arcturis Data (UK) Limited,OXFORD,,Worker (A rating),Skilled Worker,,,https://www.bing.com/search?q=Arcturis+Data+%28UK%29+Limited+official+website,,,,https://www.bing.com/search?q=Arcturis+Data+%28UK%29+Limited+careers
ARCTURUS TECHNOLOGY LTD,Blackburn,,Worker (A rating),Skilled Worker,,,https://www.bing.com/search?q=ARCTURUS+TECHNOLOGY+LTD+official+website,,,,https://www.bing.com/search?q=ARCTURUS+TECHNOLOGY+LTD+careers
Arete Medical Technologies Ltd,Cambridge,,Worker (A rating),Skilled Worker,,,https://www.bing.com/search?q=Arete+Medical+Technologies+Ltd+official+website,,,,https://www.bing.com/search?q=Arete+Medical+Technologies+Ltd+careers
Areteans Technology Solutions UK Limited,London,,Worker (A rating),Global Business Mobility: Senior or Specialist Worker,,,https://www.bing.com/search?q=Areteans+Technology+Solutions+UK+Limited+official+website,,,,https://www.bing.com/search?q=Areteans+Technology+Solutions+UK+Limited+careers
Areteans Technology Solutions UK Limited,London,,Worker (A rating),Skilled Worker,,,https://www.bing.com/search?q=Areteans+Technology+Solutions+UK+Limited+official+website,,,,https://www.bing.com/search?q=Areteans+Technology+Solutions+UK+Limited+careers
Argentum Data Solutions Ltd,Windsor,,Worker (A rating),Skilled Worker,,,https://www.bing.com/search?q=Argentum+Data+Solutions+Ltd+official+website,,,,https://www.bing.com/search?q=Argentum+Data+Solutions+Ltd+careers
Argti Software & IT Solutions UK Ltd,Preston,,Worker (A rating),Skilled Worker,,,https://www.bing.com/search?q=Argti+Software+%26+IT+Solutions+UK+Ltd+official+website,,,,https://www.bing.com/search?q=Argti+Software+%26+IT+Solutions+UK+Ltd+careers
Argus Software (UK) Ltd,London,,Worker (A rating),Global Business Mobility: Senior or Specialist Worker,,,https://www.bing.com/search?q=Argus+Software+%28UK%29+Ltd+official+website,,,,https://www.bing.com/search?q=Argus+Software+%28UK%29+Ltd+careers
Argus Software (UK) Ltd,London,,Worker (A rating),Skilled Worker,,,https://www.bing.com/search?q=Argus+Software+%28UK%29+Ltd+official+website,,,,https://www.bing.com/search?q=Argus+Software+%28UK%29+Ltd+careers
ARIA TECHNOLOGIES LIMITED,SURREY,,Worker (A rating),Skilled Worker,,,https://www.bing.com/search?q=ARIA+TECHNOLOGIES+LIMITED+official+website,,,,https://www.bing.com/search?q=ARIA+TECHNOLOGIES+LIMITED+careers
ARIES GLOBAL SOFTWARE HOLDING LIMITED,London,,Worker (A rating),Skilled Worker,,,https://www.bing.com/search?q=ARIES+GLOBAL+SOFTWARE+HOLDING+LIMITED+official+website,,,,https://www.bing.com/search?q=ARIES+GLOBAL+SOFTWARE+HOLDING+LIMITED+careers
ARIS Software UK Limited,Bracknell,,Worker (A rating),Skilled Worker,,,https://www.bing.com/search?q=ARIS+Software+UK+Limited+official+website,,,,https://www.bing.com/search?q=ARIS+Software+UK+Limited+careers
ARISTA NETWORKS UK LTD,London,,Worker (A rating),Global Business Mobility: Senior or Specialist Worker,,,https://www.bing.com/search?q=ARISTA+NETWORKS+UK+LTD+official+website,,,,https://www.bing.com/search?q=ARISTA+NETWORKS+UK+LTD+careers
ARISTA NETWORKS UK LTD,London,,Worker (A rating),Skilled Worker,,,https://www.bing.com/search?q=ARISTA+NETWORKS+UK+LTD+official+website,,,,https://www.bing.com/search?q=ARISTA+NETWORKS+UK+LTD+careers
Aristocrat Technologies Europe Ltd.,Uxbridge,Middlesex,Worker (A rating),Skilled Worker,,,https://www.bing.com/search?q=Aristocrat+Technologies+Europe+Ltd.+official+website,,,,https://www.bing.com/search?q=Aristocrat+Technologies+Europe+Ltd.+careers
Aristocrat Technologies Europe Ltd.,Uxbridge,Middlesex,Worker (A rating),Global Business Mobility: Senior or Specialist Worker,,,https://www.bing.com/search?q=Aristocrat+Technologies+Europe+Ltd.+official+website,,,,https://www.bing.com/search?q=Aristocrat+Technologies+Europe+Ltd.+careers
Arkana Technology Limited,Newcastle Upon Tyne,,Worker (A rating),Skilled Worker,,,https://www.bing.com/search?q=Arkana+Technology+Limited+official+website,,,,https://www.bing.com/search?q=Arkana+Technology+Limited+careers
Arkphire Technologies UK Ltd T/A Presidio,London,,Worker (A rating),Skilled Worker,,,https://www.bing.com/search?q=Arkphire+Technologies+UK+Ltd+T%2FA+Presidio+official+website,,,,https://www.bing.com/search?q=Arkphire+Technologies+UK+Ltd+T%2FA+Presidio+careers
Armada Technologies Limited,Birkenhead,,Worker (A rating),Skilled Worker,,,https://www.bing.com/search?q=Armada+Technologies+Limited+official+website,,,,https://www.bing.com/search?q=Armada+Technologies+Limited+careers
Armlon Software Solutions Ltd,London,,Worker (A rating),Skilled Worker,,,https://www.bing.com/search?q=Armlon+Software+Solutions+Ltd+official+website,,,,https://www.bing.com/search?q=Armlon+Software+Solutions+Ltd+careers
ARNOLD MAGNETIC TECHNOLOGIES LIMITED,Sheffield,South Yorkshire,Worker (A rating),Skilled Worker,,,https://www.bing.com/search?q=ARNOLD+MAGNETIC+TECHNOLOGIES+LIMITED+official+website,,,,https://www.bing.com/search?q=ARNOLD+MAGNETIC+TECHNOLOGIES+LIMITED+careers
Arrakis Technologies Limited,London,,Worker (A rating),Skilled Worker,,,https://www.bing.com/search?q=Arrakis+Technologies+Limited+official+website,,,,https://www.bing.com/search?q=Arrakis+Technologies+Limited+careers
Arralis Technologies Ltd,Chippenham,,Worker (A rating),Global Business Mobility: Senior or Specialist Worker,,,https://www.bing.com/search?q=Arralis+Technologies+Ltd+official+website,,,,https://www.bing.com/search?q=Arralis+Technologies+Ltd+careers
Arralis Technologies Ltd,Chippenham,,Worker (A rating),Skilled Worker,,,https://www.bing.com/search?q=Arralis+Technologies+Ltd+official+website,,,,https://www.bing.com/search?q=Arralis+Technologies+Ltd+careers
Arriba Technologies Ltd,Cambridge,,Worker (A rating),Skilled Worker,,,https://www.bing.com/search?q=Arriba+Technologies+Ltd+official+website,,,,https://www.bing.com/search?q=Arriba+Technologies+Ltd+careers
ARROW DIGITAL SPACE LTD,London,England,Worker (A rating),Skilled Worker,,,https://www.bing.com/search?q=ARROW+DIGITAL+SPACE+LTD+official+website,,,,https://www.bing.com/search?q=ARROW+DIGITAL+SPACE+LTD+careers
Arrow Enterprise Computing Solutions Ltd,Harrogate,,Worker (A rating),Skilled Worker,,,https://www.bing.com/search?q=Arrow+Enterprise+Computing+Solutions+Ltd+official+website,,,,https://www.bing.com/search?q=Arrow+Enterprise+Computing+Solutions+Ltd+careers
Arrow Enterprise Computing Solutions Ltd,Harrogate,,Worker (A rating),Global Business Mobility: Senior or Specialist Worker,,,https://www.bing.com/search?q=Arrow+Enterprise+Computing+Solutions+Ltd+official+website,,,,https://www.bing.com/search?q=Arrow+Enterprise+Computing+Solutions+Ltd+careers
Art of Cloud Ltd,Horsforth,West Yorkshire,Worker (A rating),Skilled Worker,,,https://www.bing.com/search?q=Art+of+Cloud+Ltd+official+website,,,,https://www.bing.com/search?q=Art+of+Cloud+Ltd+careers
Art Technologies Limited,London,,Worker (A rating),Skilled Worker,,,https://www.bing.com/search?q=Art+Technologies+Limited+official+website,,,,https://www.bing.com/search?q=Art+Technologies+Limited+careers
Artemis Technologies Ltd,Poole,,Worker (A rating),Skilled Worker,,,https://www.bing.com/search?q=Artemis+Technologies+Ltd+official+website,,,,https://www.bing.com/search?q=Artemis+Technologies+Ltd+careers
Artificial Intelligence Digital Solutions Limited,Milton Keynes,,Worker (A rating),Skilled Worker,,,https://www.bing.com/search?q=Artificial+Intelligence+Digital+Solutions+Limited+official+website,,,,https://www.bing.com/search?q=Artificial+Intelligence+Digital+Solutions+Limited+careers
Arva AI Ltd,London,,Worker (A rating),Skilled Worker,,,https://www.bing.com/search?q=Arva+AI+Ltd+official+website,,,,https://www.bing.com/search?q=Arva+AI+Ltd+careers
Arvia Water Technologies Ltd,Runcorn,Cheshire,Worker (A rating),Skilled Worker,,,https://www.bing.com/search?q=Arvia+Water+Technologies+Ltd+official+website,,,,https://www.bing.com/search?q=Arvia+Water+Technologies+Ltd+careers
Aryaka Networks UK Limited,Hayes,London,Worker (A rating),Global Business Mobility: Senior or Specialist Worker,,,https://www.bing.com/search?q=Aryaka+Networks+UK+Limited+official+website,,,,https://www.bing.com/search?q=Aryaka+Networks+UK+Limited+careers
Aryaka Networks UK Limited,Hayes,London,Worker (A rating),Skilled Worker,,,https://www.bing.com/search?q=Aryaka+Networks+UK+Limited+official+website,,,,https://www.bing.com/search?q=Aryaka+Networks+UK+Limited+careers
Asana Software UK Limited,London,,Worker (A rating),Global Business Mobility: Senior or Specialist Worker,,,https://www.bing.com/search?q=Asana+Software+UK+Limited+official+website,,,,https://www.bing.com/search?q=Asana+Software+UK+Limited+careers
Asana Software UK Limited,London,,Worker (A rating),Skilled Worker,,,https://www.bing.com/search?q=Asana+Software+UK+Limited+official+website,,,,https://www.bing.com/search?q=Asana+Software+UK+Limited+careers
ASAP Cloud Solutions,Tunbridge Wells,,Worker (A rating),Skilled Worker,,,https://www.bing.com/search?q=ASAP+Cloud+Solutions+official+website,,,,https://www.bing.com/search?q=ASAP+Cloud+Solutions+careers
ASBUILT DIGITAL UK LIMITED,London,,Worker (A rating),Skilled Worker,,,https://www.bing.com/search?q=ASBUILT+DIGITAL+UK+LIMITED+official+website,,,,https://www.bing.com/search?q=ASBUILT+DIGITAL+UK+LIMITED+careers
ASC Technology Limited,Trafford,,Worker (A rating),Skilled Worker,,,https://www.bing.com/search?q=ASC+Technology+Limited+official+website,,,,https://www.bing.com/search?q=ASC+Technology+Limited+careers
Ascend Digital Solutions Ltd,Manchester,Greater Manchester,Worker (A rating),Skilled Worker,,,https://www.bing.com/search?q=Ascend+Digital+Solutions+Ltd+official+website,,,,https://www.bing.com/search?q=Ascend+Digital+Solutions+Ltd+careers
Ascend Technologies Limited,Southampton,Hampshire,Worker (A rating),Skilled Worker,,,https://www.bing.com/search?q=Ascend+Technologies+Limited+official+website,,,,https://www.bing.com/search?q=Ascend+Technologies+Limited+careers
ASCENDX CLOUD LIMITED,London,,Worker (A rating),Skilled Worker,,,https://www.bing.com/search?q=ASCENDX+CLOUD+LIMITED+official+website,,,,https://www.bing.com/search?q=ASCENDX+CLOUD+LIMITED+careers
Ascent Digital Services UK Ltd,Bristol,,Worker (A rating),Skilled Worker,,,https://www.bing.com/search?q=Ascent+Digital+Services+UK+Ltd+official+website,,,,https://www.bing.com/search?q=Ascent+Digital+Services+UK+Ltd+careers
AsFigo Technologies Limited,Chelmsford,Essex,Worker (A rating),Skilled Worker,,,https://www.bing.com/search?q=AsFigo+Technologies+Limited+official+website,,,,https://www.bing.com/search?q=AsFigo+Technologies+Limited+careers
ASFIN SOFTWARE & CONSULTANCY LTD,London,,Worker (A rating),Skilled Worker,,,https://www.bing.com/search?q=ASFIN+SOFTWARE+%26+CONSULTANCY+LTD+official+website,,,,https://www.bing.com/search?q=ASFIN+SOFTWARE+%26+CONSULTANCY+LTD+careers
Ashtead Technology Limited,Aberdeen,Aberdeenshire,Worker (A rating),Skilled Worker,,,https://www.bing.com/search?q=Ashtead+Technology+Limited+official+website,,,,https://www.bing.com/search?q=Ashtead+Technology+Limited+careers
Ask Gloria AI LTD,Leeds,West Yorkshire,Worker (A rating),Skilled Worker,,,https://www.bing.com/search?q=Ask+Gloria+AI+LTD+official+website,,,,https://www.bing.com/search?q=Ask+Gloria+AI+LTD+careers
ASKK Technologies Ltd,London,,Worker (A rating),Skilled Worker,,,https://www.bing.com/search?q=ASKK+Technologies+Ltd+official+website,,,,https://www.bing.com/search?q=ASKK+Technologies+Ltd+careers
ASM Technologies (UK) Limited,Coventry,,Worker (A rating),Global Business Mobility: Senior or Specialist Worker,,,https://www.bing.com/search?q=ASM+Technologies+%28UK%29+Limited+official+website,,,,https://www.bing.com/search?q=ASM+Technologies+%28UK%29+Limited+careers
ASP Technologies Limited,Reading,,Worker (A rating),Skilled Worker,,,https://www.bing.com/search?q=ASP+Technologies+Limited+official+website,,,,https://www.bing.com/search?q=ASP+Technologies+Limited+careers
Aspect Software UK Limited,Hayes,,Worker (A rating),Skilled Worker,,,https://www.bing.com/search?q=Aspect+Software+UK+Limited+official+website,,,,https://www.bing.com/search?q=Aspect+Software+UK+Limited+careers
Aspects Infotech Ltd,London,,Worker (A rating),Skilled Worker,,,https://www.bing.com/search?q=Aspects+Infotech+Ltd+official+website,,,,https://www.bing.com/search?q=Aspects+Infotech+Ltd+careers
ASPER TECHNOLOGIES LIMITED,Wembley,,Worker (A rating),Skilled Worker,,,https://www.bing.com/search?q=ASPER+TECHNOLOGIES+LIMITED+official+website,,,,https://www.bing.com/search?q=ASPER+TECHNOLOGIES+LIMITED+careers
Asper.AI Limited,North Harrow,,Worker (A rating),Global Business Mobility: Senior or Specialist Worker,https://asper.ai,derived_from_company_name_domain,https://www.bing.com/search?q=Asper.AI+Limited+official+website,,https://asper.ai,https://asper.ai/careers,https://www.bing.com/search?q=Asper.AI+Limited+careers
Asper.AI Limited,North Harrow,,Worker (A rating),Skilled Worker,https://asper.ai,derived_from_company_name_domain,https://www.bing.com/search?q=Asper.AI+Limited+official+website,,https://asper.ai,https://asper.ai/careers,https://www.bing.com/search?q=Asper.AI+Limited+careers
Aspire Information Technologies Limited,Brentford,,Worker (A rating),Skilled Worker,,,https://www.bing.com/search?q=Aspire+Information+Technologies+Limited+official+website,,,,https://www.bing.com/search?q=Aspire+Information+Technologies+Limited+careers
Aspire Infotech Technologies Ltd,Harrow,Greater London,Worker (A rating),Skilled Worker,,,https://www.bing.com/search?q=Aspire+Infotech+Technologies+Ltd+official+website,,,,https://www.bing.com/search?q=Aspire+Infotech+Technologies+Ltd+careers
ASPIRE TECHNOLOGY LTD,Reading,,Worker (A rating),Skilled Worker,,,https://www.bing.com/search?q=ASPIRE+TECHNOLOGY+LTD+official+website,,,,https://www.bing.com/search?q=ASPIRE+TECHNOLOGY+LTD+careers
Aspire technology solutions,Gateshead,,Worker (A rating),Skilled Worker,,,https://www.bing.com/search?q=Aspire+technology+solutions+official+website,,,,https://www.bing.com/search?q=Aspire+technology+solutions+careers
ASPIRED DIGITAL LTD,Ilford,,Worker (A rating),Skilled Worker,,,https://www.bing.com/search?q=ASPIRED+DIGITAL+LTD+official+website,,,,https://www.bing.com/search?q=ASPIRED+DIGITAL+LTD+careers
Assemble Technologies UK Ltd (t/a Atticus),London,,Worker (A rating),Global Business Mobility: Senior or Specialist Worker,,,https://www.bing.com/search?q=Assemble+Technologies+UK+Ltd+%28t%2Fa+Atticus%29+official+website,,,,https://www.bing.com/search?q=Assemble+Technologies+UK+Ltd+%28t%2Fa+Atticus%29+careers
Assemble Technologies UK Ltd (t/a Atticus),London,,Worker (A rating),Skilled Worker,,,https://www.bing.com/search?q=Assemble+Technologies+UK+Ltd+%28t%2Fa+Atticus%29+official+website,,,,https://www.bing.com/search?q=Assemble+Technologies+UK+Ltd+%28t%2Fa+Atticus%29+careers
Assemble Technology Ltd,Liverpool,Merseyside,Worker (A rating),Skilled Worker,,,https://www.bing.com/search?q=Assemble+Technology+Ltd+official+website,,,,https://www.bing.com/search?q=Assemble+Technology+Ltd+careers
Asset Infotech Limited,Slough,,Worker (A rating),Skilled Worker,,,https://www.bing.com/search?q=Asset+Infotech+Limited+official+website,,,,https://www.bing.com/search?q=Asset+Infotech+Limited+careers
Assist Digital EU Limited,LONDON,,Worker (A rating),Skilled Worker,,,https://www.bing.com/search?q=Assist+Digital+EU+Limited+official+website,,,,https://www.bing.com/search?q=Assist+Digital+EU+Limited+careers
ASSURED DATA PROTECTION LIMITED,Harewood,,Worker (A rating),Skilled Worker,,,https://www.bing.com/search?q=ASSURED+DATA+PROTECTION+LIMITED+official+website,,,,https://www.bing.com/search?q=ASSURED+DATA+PROTECTION+LIMITED+careers
Astrid Technologies LTD,London,,Worker (A rating),Skilled Worker,,,https://www.bing.com/search?q=Astrid+Technologies+LTD+official+website,,,,https://www.bing.com/search?q=Astrid+Technologies+LTD+careers
Astute Data Systems Ltd,Canterbury,Kent,Worker (A rating),Skilled Worker,,,https://www.bing.com/search?q=Astute+Data+Systems+Ltd+official+website,,,,https://www.bing.com/search?q=Astute+Data+Systems+Ltd+careers
AT Digital Ltd,Hounslow,London,Worker (A rating),Skilled Worker,,,https://www.bing.com/search?q=AT+Digital+Ltd+official+website,,,,https://www.bing.com/search?q=AT+Digital+Ltd+careers
ATAG Heating Technology UK Limited,West Malling,,Worker (A rating),Skilled Worker,,,https://www.bing.com/search?q=ATAG+Heating+Technology+UK+Limited+official+website,,,,https://www.bing.com/search?q=ATAG+Heating+Technology+UK+Limited+careers
Atcore Technology Limited,Slough,Berks,Worker (A rating),Global Business Mobility: Senior or Specialist Worker,,,https://www.bing.com/search?q=Atcore+Technology+Limited+official+website,,,,https://www.bing.com/search?q=Atcore+Technology+Limited+careers
Atcore Technology Limited,Slough,Berks,Worker (A rating),Skilled Worker,,,https://www.bing.com/search?q=Atcore+Technology+Limited+official+website,,,,https://www.bing.com/search?q=Atcore+Technology+Limited+careers
ATELIER TECHNOLOGY LIMITED,London,London,Worker (A rating),Skilled Worker,,,https://www.bing.com/search?q=ATELIER+TECHNOLOGY+LIMITED+official+website,,,,https://www.bing.com/search?q=ATELIER+TECHNOLOGY+LIMITED+careers
ATEZ UK SOFTWARE TECHNOLOGIES LTD,London,,Worker (A rating),Skilled Worker,,,https://www.bing.com/search?q=ATEZ+UK+SOFTWARE+TECHNOLOGIES+LTD+official+website,,,,https://www.bing.com/search?q=ATEZ+UK+SOFTWARE+TECHNOLOGIES+LTD+careers
ATLABS INFOTECH LTD,walthamabbey,,Worker (A rating),Skilled Worker,,,https://www.bing.com/search?q=ATLABS+INFOTECH+LTD+official+website,,,,https://www.bing.com/search?q=ATLABS+INFOTECH+LTD+careers
ATLANTIS TECHNOLOGY SOLUTIONS LIMITED,LONDON,UNITED KINGDOM,Worker (A rating),Skilled Worker,,,https://www.bing.com/search?q=ATLANTIS+TECHNOLOGY+SOLUTIONS+LIMITED+official+website,,,,https://www.bing.com/search?q=ATLANTIS+TECHNOLOGY+SOLUTIONS+LIMITED+careers
ATLAR TECHNOLOGY LTD,London,,Worker (A rating),Global Business Mobility: Senior or Specialist Worker,,,https://www.bing.com/search?q=ATLAR+TECHNOLOGY+LTD+official+website,,,,https://www.bing.com/search?q=ATLAR+TECHNOLOGY+LTD+careers
Atlas Technology Solutions UK Limited,London,,Worker (A rating),Skilled Worker,,,https://www.bing.com/search?q=Atlas+Technology+Solutions+UK+Limited+official+website,,,,https://www.bing.com/search?q=Atlas+Technology+Solutions+UK+Limited+careers
Atlas Technology Solutions UK Limited,London,,Worker (A rating),Global Business Mobility: Senior or Specialist Worker,,,https://www.bing.com/search?q=Atlas+Technology+Solutions+UK+Limited+official+website,,,,https://www.bing.com/search?q=Atlas+Technology+Solutions+UK+Limited+careers
Atmo Technology Ltd,Bristol,,Worker (A rating),Skilled Worker,,,https://www.bing.com/search?q=Atmo+Technology+Ltd+official+website,,,,https://www.bing.com/search?q=Atmo+Technology+Ltd+careers
Atomic Digital Marketing Ltd,Cheshire,,Worker (A rating),Skilled Worker,,,https://www.bing.com/search?q=Atomic+Digital+Marketing+Ltd+official+website,,,,https://www.bing.com/search?q=Atomic+Digital+Marketing+Ltd+careers
Atomic Wire Technology Limited,London,,Worker (A rating),Skilled Worker,,,https://www.bing.com/search?q=Atomic+Wire+Technology+Limited+official+website,,,,https://www.bing.com/search?q=Atomic+Wire+Technology+Limited+careers
Atominvest Software Ltd,London,,Worker (A rating),Skilled Worker,,,https://www.bing.com/search?q=Atominvest+Software+Ltd+official+website,,,,https://www.bing.com/search?q=Atominvest+Software+Ltd+careers
ATTAR TECHNOLOGIES LIMITED,HAYES,,Worker (A rating),Skilled Worker,,,https://www.bing.com/search?q=ATTAR+TECHNOLOGIES+LIMITED+official+website,,,,https://www.bing.com/search?q=ATTAR+TECHNOLOGIES+LIMITED+careers
Attest Technologies Limited,London,,Worker (A rating),Skilled Worker,,,https://www.bing.com/search?q=Attest+Technologies+Limited+official+website,,,,https://www.bing.com/search?q=Attest+Technologies+Limited+careers
Audio Network Limited,London,,Worker (A rating),Skilled Worker,,,https://www.bing.com/search?q=Audio+Network+Limited+official+website,,,,https://www.bing.com/search?q=Audio+Network+Limited+careers
Aurora Future Technologies Limited,London,,Worker (A rating),Global Business Mobility: Senior or Specialist Worker,,,https://www.bing.com/search?q=Aurora+Future+Technologies+Limited+official+website,,,,https://www.bing.com/search?q=Aurora+Future+Technologies+Limited+careers
Aurora Future Technologies Limited,London,,Worker (A rating),Skilled Worker,,,https://www.bing.com/search?q=Aurora+Future+Technologies+Limited+official+website,,,,https://www.bing.com/search?q=Aurora+Future+Technologies+Limited+careers
Aurous Technology Limited,London,,Worker (A rating),Skilled Worker,,,https://www.bing.com/search?q=Aurous+Technology+Limited+official+website,,,,https://www.bing.com/search?q=Aurous+Technology+Limited+careers
Aurous Technology Limited,London,,Worker (A rating),Global Business Mobility: Senior or Specialist Worker,,,https://www.bing.com/search?q=Aurous+Technology+Limited+official+website,,,,https://www.bing.com/search?q=Aurous+Technology+Limited+careers
Autify Digital Ltd,Nottingham,Nottinghamshire,Worker (A rating),Skilled Worker,,,https://www.bing.com/search?q=Autify+Digital+Ltd+official+website,,,,https://www.bing.com/search?q=Autify+Digital+Ltd+careers
Auto Easy Network Limited,Rugby,,Worker (A rating),Skilled Worker,,,https://www.bing.com/search?q=Auto+Easy+Network+Limited+official+website,,,,https://www.bing.com/search?q=Auto+Easy+Network+Limited+careers
AUTO GARAGE NETWORK LTD,Melton Mowbray,,Worker (A rating),Skilled Worker,,,https://www.bing.com/search?q=AUTO+GARAGE+NETWORK+LTD+official+website,,,,https://www.bing.com/search?q=AUTO+GARAGE+NETWORK+LTD+careers
Auto Network (GB) Limited,LIVERPOOL,"Merseyside, England",Worker (A rating),Skilled Worker,,,https://www.bing.com/search?q=Auto+Network+%28GB%29+Limited+official+website,,,,https://www.bing.com/search?q=Auto+Network+%28GB%29+Limited+careers
Automata Technologies Limited,London,,Worker (A rating),Skilled Worker,,,https://www.bing.com/search?q=Automata+Technologies+Limited+official+website,,,,https://www.bing.com/search?q=Automata+Technologies+Limited+careers
Automatic Data Processing (ADP) Limited,Staines Upon Thames,,Worker (A rating),Skilled Worker,,,https://www.bing.com/search?q=Automatic+Data+Processing+%28ADP%29+Limited+official+website,,,,https://www.bing.com/search?q=Automatic+Data+Processing+%28ADP%29+Limited+careers
Automatic Data Processing (ADP) Limited,Staines Upon Thames,,Worker (A rating),Global Business Mobility: Senior or Specialist Worker,,,https://www.bing.com/search?q=Automatic+Data+Processing+%28ADP%29+Limited+official+website,,,,https://www.bing.com/search?q=Automatic+Data+Processing+%28ADP%29+Limited+careers
AVANT DATA LTD,Toton,NOTTINGHAMSHIRE,Worker (A rating),Skilled Worker,,,https://www.bing.com/search?q=AVANT+DATA+LTD+official+website,,,,https://www.bing.com/search?q=AVANT+DATA+LTD+careers
AVASO Technology Solutions Ltd,London,,Worker (A rating),Skilled Worker,,,https://www.bing.com/search?q=AVASO+Technology+Solutions+Ltd+official+website,,,,https://www.bing.com/search?q=AVASO+Technology+Solutions+Ltd+careers
AVASO Technology Solutions Ltd,London,,Temporary Worker (A rating),Global Business Mobility: Graduate Trainee,,,https://www.bing.com/search?q=AVASO+Technology+Solutions+Ltd+official+website,,,,https://www.bing.com/search?q=AVASO+Technology+Solutions+Ltd+careers
AVASO Technology Solutions Ltd,London,,Worker (A rating),Global Business Mobility: Senior or Specialist Worker,,,https://www.bing.com/search?q=AVASO+Technology+Solutions+Ltd+official+website,,,,https://www.bing.com/search?q=AVASO+Technology+Solutions+Ltd+careers
Aventus Network Services Limited,East Grinstead,,Worker (A rating),Skilled Worker,,,https://www.bing.com/search?q=Aventus+Network+Services+Limited+official+website,,,,https://www.bing.com/search?q=Aventus+Network+Services+Limited+careers
Averge Technologies UK Limited,Thetford,Norfolk,Worker (A rating),Skilled Worker,,,https://www.bing.com/search?q=Averge+Technologies+UK+Limited+official+website,,,,https://www.bing.com/search?q=Averge+Technologies+UK+Limited+careers
AVIAT NETWORKS UK LIMITED,LONDON,,Worker (A rating),Global Business Mobility: Senior or Specialist Worker,,,https://www.bing.com/search?q=AVIAT+NETWORKS+UK+LIMITED+official+website,,,,https://www.bing.com/search?q=AVIAT+NETWORKS+UK+LIMITED+careers
AVIAT NETWORKS UK LIMITED,LONDON,,Worker (A rating),Skilled Worker,,,https://www.bing.com/search?q=AVIAT+NETWORKS+UK+LIMITED+official+website,,,,https://www.bing.com/search?q=AVIAT+NETWORKS+UK+LIMITED+careers
Avifauna Technology Limited,Bradford,,Worker (A rating),Skilled Worker,,,https://www.bing.com/search?q=Avifauna+Technology+Limited+official+website,,,,https://www.bing.com/search?q=Avifauna+Technology+Limited+careers
Avigna Technology Solutions Limited,London,,Worker (A rating),Skilled Worker,,,https://www.bing.com/search?q=Avigna+Technology+Solutions+Limited+official+website,,,,https://www.bing.com/search?q=Avigna+Technology+Solutions+Limited+careers
Avon Data Systems Limited,Bristol,Bristol,Worker (A rating),Skilled Worker,,,https://www.bing.com/search?q=Avon+Data+Systems+Limited+official+website,,,,https://www.bing.com/search?q=Avon+Data+Systems+Limited+careers
Avon Network Events,Bristol,,Worker (A rating),Skilled Worker,,,https://www.bing.com/search?q=Avon+Network+Events+official+website,,,,https://www.bing.com/search?q=Avon+Network+Events+careers
Avos Technology Ltd,Cambridge,,Worker (A rating),Skilled Worker,,,https://www.bing.com/search?q=Avos+Technology+Ltd+official+website,,,,https://www.bing.com/search?q=Avos+Technology+Ltd+careers
Avoy Technologies Limited /ta SnapSea,London,,Worker (A rating),Skilled Worker,,,https://www.bing.com/search?q=Avoy+Technologies+Limited+%2Fta+SnapSea+official+website,,,,https://www.bing.com/search?q=Avoy+Technologies+Limited+%2Fta+SnapSea+careers
AVR Technology Services Ltd,Welling,Kent,Worker (A rating),Skilled Worker,,,https://www.bing.com/search?q=AVR+Technology+Services+Ltd+official+website,,,,https://www.bing.com/search?q=AVR+Technology+Services+Ltd+careers
Aware Digital Ltd,Stoke on Trent,,Worker (A rating),Skilled Worker,,,https://www.bing.com/search?q=Aware+Digital+Ltd+official+website,,,,https://www.bing.com/search?q=Aware+Digital+Ltd+careers
Axelera AI UK,Bristol,,Worker (A rating),Skilled Worker,,,https://www.bing.com/search?q=Axelera+AI+UK+official+website,,,,https://www.bing.com/search?q=Axelera+AI+UK+careers
Axia Computer Systems Limited,Watford,Hertfordshire,Worker (A rating),Skilled Worker,,,https://www.bing.com/search?q=Axia+Computer+Systems+Limited+official+website,,,,https://www.bing.com/search?q=Axia+Computer+Systems+Limited+careers
Axia Digital Ltd,Batley,West Yorkshire,Worker (A rating),Skilled Worker,,,https://www.bing.com/search?q=Axia+Digital+Ltd+official+website,,,,https://www.bing.com/search?q=Axia+Digital+Ltd+careers
Axians Networks Ltd,Basingstoke,Hampshire,Worker (A rating),Skilled Worker,,,https://www.bing.com/search?q=Axians+Networks+Ltd+official+website,,,,https://www.bing.com/search?q=Axians+Networks+Ltd+careers
Axiom Software Solutions Limited,London,,Worker (A rating),Skilled Worker,,,https://www.bing.com/search?q=Axiom+Software+Solutions+Limited+official+website,,,,https://www.bing.com/search?q=Axiom+Software+Solutions+Limited+careers
Axiom Technologies Pty Ltd,Crawley,West Sussex,Worker (A rating),Skilled Worker,,,https://www.bing.com/search?q=Axiom+Technologies+Pty+Ltd+official+website,,,,https://www.bing.com/search?q=Axiom+Technologies+Pty+Ltd+careers
Axis Spine Technologies Ltd,Leeds,,Worker (A rating),Skilled Worker,,,https://www.bing.com/search?q=Axis+Spine+Technologies+Ltd+official+website,,,,https://www.bing.com/search?q=Axis+Spine+Technologies+Ltd+careers
Axis Well Technology Ltd,Westhill,,Worker (A rating),Skilled Worker,,,https://www.bing.com/search?q=Axis+Well+Technology+Ltd+official+website,,,,https://www.bing.com/search?q=Axis+Well+Technology+Ltd+careers
AXONE TECHNOLOGIES UK LIMITED,Wokingham,Berkshire,Worker (A rating),Skilled Worker,,,https://www.bing.com/search?q=AXONE+TECHNOLOGIES+UK+LIMITED+official+website,,,,https://www.bing.com/search?q=AXONE+TECHNOLOGIES+UK+LIMITED+careers
Axsai Technologies Europe Limited,London,,Worker (A rating),Skilled Worker,,,https://www.bing.com/search?q=Axsai+Technologies+Europe+Limited+official+website,,,,https://www.bing.com/search?q=Axsai+Technologies+Europe+Limited+careers
Ayantika Technologies Ltd,London,,Worker (A rating),Skilled Worker,,,https://www.bing.com/search?q=Ayantika+Technologies+Ltd+official+website,,,,https://www.bing.com/search?q=Ayantika+Technologies+Ltd+careers
Aybola Software and Technology Ltd,London,London,Worker (A rating),Skilled Worker,,,https://www.bing.com/search?q=Aybola+Software+and+Technology+Ltd+official+website,,,,https://www.bing.com/search?q=Aybola+Software+and+Technology+Ltd+careers
AYKO Digital Limited t/a AYKO,Leeds,,Worker (A rating),Skilled Worker,,,https://www.bing.com/search?q=AYKO+Digital+Limited+t%2Fa+AYKO+official+website,,,,https://www.bing.com/search?q=AYKO+Digital+Limited+t%2Fa+AYKO+careers
Ayotta Technologies Limited,Maidstone,Kent,Worker (A rating),Skilled Worker,,,https://www.bing.com/search?q=Ayotta+Technologies+Limited+official+website,,,,https://www.bing.com/search?q=Ayotta+Technologies+Limited+careers
AYU Technologies Ltd,London,,Worker (A rating),Skilled Worker,,,https://www.bing.com/search?q=AYU+Technologies+Ltd+official+website,,,,https://www.bing.com/search?q=AYU+Technologies+Ltd+careers
AZo Network UK Limited,Manchester,,Worker (A rating),Skilled Worker,,,https://www.bing.com/search?q=AZo+Network+UK+Limited+official+website,,,,https://www.bing.com/search?q=AZo+Network+UK+Limited+careers
Azotic Technologies Limited,York,Yorkshire,Worker (A rating),Skilled Worker,,,https://www.bing.com/search?q=Azotic+Technologies+Limited+official+website,,,,https://www.bing.com/search?q=Azotic+Technologies+Limited+careers
BA Technologies Limited,Portsmouth,Hants,Worker (A rating),Skilled Worker,,,https://www.bing.com/search?q=BA+Technologies+Limited+official+website,,,,https://www.bing.com/search?q=BA+Technologies+Limited+careers
Babb Technologies LTD,London,,Worker (A rating),Skilled Worker,,,https://www.bing.com/search?q=Babb+Technologies+LTD+official+website,,,,https://www.bing.com/search?q=Babb+Technologies+LTD+careers
Babcock Integrated Technology Limited,Bristol,,Worker (A rating),Skilled Worker,,,https://www.bing.com/search?q=Babcock+Integrated+Technology+Limited+official+website,,,,https://www.bing.com/search?q=Babcock+Integrated+Technology+Limited+careers
Babcock Integrated Technology Limited,Bristol,,Worker (A rating),Global Business Mobility: Senior or Specialist Worker,,,https://www.bing.com/search?q=Babcock+Integrated+Technology+Limited+official+website,,,,https://www.bing.com/search?q=Babcock+Integrated+Technology+Limited+careers
BACKUP DATA LIMITED,Woolpit,Suffolk,Worker (A rating),Skilled Worker,,,https://www.bing.com/search?q=BACKUP+DATA+LIMITED+official+website,,,,https://www.bing.com/search?q=BACKUP+DATA+LIMITED+careers
BAeHAL Software Limited,SLOUGH,Berkshire,Worker (A rating),Global Business Mobility: Senior or Specialist Worker,,,https://www.bing.com/search?q=BAeHAL+Software+Limited+official+website,,,,https://www.bing.com/search?q=BAeHAL+Software+Limited+careers
BAeHAL Software Limited,SLOUGH,Berkshire,Worker (A rating),Skilled Worker,,,https://www.bing.com/search?q=BAeHAL+Software+Limited+official+website,,,,https://www.bing.com/search?q=BAeHAL+Software+Limited+careers
Baker Hughes Energy Technology UK Limited,Bristol,,Temporary Worker (A rating),Global Business Mobility: Graduate Trainee,,,https://www.bing.com/search?q=Baker+Hughes+Energy+Technology+UK+Limited+official+website,,,,https://www.bing.com/search?q=Baker+Hughes+Energy+Technology+UK+Limited+careers
Baker Hughes Energy Technology UK Limited,Bristol,,Worker (A rating),Skilled Worker,,,https://www.bing.com/search?q=Baker+Hughes+Energy+Technology+UK+Limited+official+website,,,,https://www.bing.com/search?q=Baker+Hughes+Energy+Technology+UK+Limited+careers
Baker Hughes Energy Technology UK Limited,Bristol,,Worker (A rating),Global Business Mobility: Senior or Specialist Worker,,,https://www.bing.com/search?q=Baker+Hughes+Energy+Technology+UK+Limited+official+website,,,,https://www.bing.com/search?q=Baker+Hughes+Energy+Technology+UK+Limited+careers
Balindra Software Limited,London,,Worker (A rating),Skilled Worker,,,https://www.bing.com/search?q=Balindra+Software+Limited+official+website,,,,https://www.bing.com/search?q=Balindra+Software+Limited+careers
Balio Software Limited,Canterbury,Kent,Worker (A rating),Skilled Worker,,,https://www.bing.com/search?q=Balio+Software+Limited+official+website,,,,https://www.bing.com/search?q=Balio+Software+Limited+careers
BALRE TECHNOLOGIES LTD,London,,Worker (A rating),Skilled Worker,,,https://www.bing.com/search?q=BALRE+TECHNOLOGIES+LTD+official+website,,,,https://www.bing.com/search?q=BALRE+TECHNOLOGIES+LTD+careers
BANDGI TECHNOLOGIES PVT LTD,MAIDENHEAD,BERKSHIRE,Worker (A rating),Skilled Worker,,,https://www.bing.com/search?q=BANDGI+TECHNOLOGIES+PVT+LTD+official+website,,,,https://www.bing.com/search?q=BANDGI+TECHNOLOGIES+PVT+LTD+careers
BankiFi Technology Limited,Manchester,Manchester,Worker (A rating),Skilled Worker,,,https://www.bing.com/search?q=BankiFi+Technology+Limited+official+website,,,,https://www.bing.com/search?q=BankiFi+Technology+Limited+careers
BANKTECH SOFTWARE SERVICES LIMITED,Cambridge,,Worker (A rating),Skilled Worker,,,https://www.bing.com/search?q=BANKTECH+SOFTWARE+SERVICES+LIMITED+official+website,,,,https://www.bing.com/search?q=BANKTECH+SOFTWARE+SERVICES+LIMITED+careers
Bantham Technologies Limited,London,,Worker (A rating),Skilled Worker,,,https://www.bing.com/search?q=Bantham+Technologies+Limited+official+website,,,,https://www.bing.com/search?q=Bantham+Technologies+Limited+careers
Barracuda Networks Limited,Nottingham,,Worker (A rating),Global Business Mobility: Senior or Specialist Worker,,,https://www.bing.com/search?q=Barracuda+Networks+Limited+official+website,,,,https://www.bing.com/search?q=Barracuda+Networks+Limited+careers
Barracuda Networks Limited,Nottingham,,Worker (A rating),Skilled Worker,,,https://www.bing.com/search?q=Barracuda+Networks+Limited+official+website,,,,https://www.bing.com/search?q=Barracuda+Networks+Limited+careers
Barrier Networks Limited,Glasgow,,Worker (A rating),Skilled Worker,,,https://www.bing.com/search?q=Barrier+Networks+Limited+official+website,,,,https://www.bing.com/search?q=Barrier+Networks+Limited+careers
Basingstoke College of Technology,Basingstoke,Hampshire,Worker (A rating),Skilled Worker,,,https://www.bing.com/search?q=Basingstoke+College+of+Technology+official+website,,,,https://www.bing.com/search?q=Basingstoke+College+of+Technology+careers
Basis Cloud Solutions Ltd,Leicester,,Worker (A rating),Skilled Worker,,,https://www.bing.com/search?q=Basis+Cloud+Solutions+Ltd+official+website,,,,https://www.bing.com/search?q=Basis+Cloud+Solutions+Ltd+careers
Basis Technologies International Ltd,Bracknell,Berkshire,Worker (A rating),Skilled Worker,,,https://www.bing.com/search?q=Basis+Technologies+International+Ltd+official+website,,,,https://www.bing.com/search?q=Basis+Technologies+International+Ltd+careers
Basis Technology Limited,Beaconsfield,,Worker (A rating),Skilled Worker,,,https://www.bing.com/search?q=Basis+Technology+Limited+official+website,,,,https://www.bing.com/search?q=Basis+Technology+Limited+careers
Basis Technology Limited,Beaconsfield,,Worker (A rating),Global Business Mobility: Senior or Specialist Worker,,,https://www.bing.com/search?q=Basis+Technology+Limited+official+website,,,,https://www.bing.com/search?q=Basis+Technology+Limited+careers
Bauer Technologies Limited,Bishops Stortford,,Worker (A rating),Skilled Worker,,,https://www.bing.com/search?q=Bauer+Technologies+Limited+official+website,,,,https://www.bing.com/search?q=Bauer+Technologies+Limited+careers
Bauer Technologies Limited,Bishops Stortford,,Worker (A rating),Global Business Mobility: Senior or Specialist Worker,,,https://www.bing.com/search?q=Bauer+Technologies+Limited+official+website,,,,https://www.bing.com/search?q=Bauer+Technologies+Limited+careers
Bayforest Technologies Limited,London,,Worker (A rating),Skilled Worker,,,https://www.bing.com/search?q=Bayforest+Technologies+Limited+official+website,,,,https://www.bing.com/search?q=Bayforest+Technologies+Limited+careers
BB2 Digital and Technology Services Ltd,London,,Worker (A rating),Skilled Worker,,,https://www.bing.com/search?q=BB2+Digital+and+Technology+Services+Ltd+official+website,,,,https://www.bing.com/search?q=BB2+Digital+and+Technology+Services+Ltd+careers
BBD Software Limited,London,,Worker (A rating),Skilled Worker,,,https://www.bing.com/search?q=BBD+Software+Limited+official+website,,,,https://www.bing.com/search?q=BBD+Software+Limited+careers
BBD Software Limited,London,,Worker (A rating),Global Business Mobility: Senior or Specialist Worker,,,https://www.bing.com/search?q=BBD+Software+Limited+official+website,,,,https://www.bing.com/search?q=BBD+Software+Limited+careers
BCG Digital Ventures,London,,Worker (A rating),Global Business Mobility: Senior or Specialist Worker,,,https://www.bing.com/search?q=BCG+Digital+Ventures+official+website,,,,https://www.bing.com/search?q=BCG+Digital+Ventures+careers
BCG Digital Ventures,London,,Worker (A rating),Skilled Worker,,,https://www.bing.com/search?q=BCG+Digital+Ventures+official+website,,,,https://www.bing.com/search?q=BCG+Digital+Ventures+careers
BCS Data Centres Limited,London,,Worker (A rating),Skilled Worker,,,https://www.bing.com/search?q=BCS+Data+Centres+Limited+official+website,,,,https://www.bing.com/search?q=BCS+Data+Centres+Limited+careers
BDESH CLOUD LIMITED,LONDON,,Worker (A rating),Skilled Worker,,,https://www.bing.com/search?q=BDESH+CLOUD+LIMITED+official+website,,,,https://www.bing.com/search?q=BDESH+CLOUD+LIMITED+careers
Beacon Technologies Ltd,London,,Worker (A rating),Skilled Worker,,,https://www.bing.com/search?q=Beacon+Technologies+Ltd+official+website,,,,https://www.bing.com/search?q=Beacon+Technologies+Ltd+careers
Bead Technologies Limited,London,,Worker (A rating),Skilled Worker,,,https://www.bing.com/search?q=Bead+Technologies+Limited+official+website,,,,https://www.bing.com/search?q=Bead+Technologies+Limited+careers
Beebot AI,Sale,Default,Worker (A rating),Skilled Worker,,,https://www.bing.com/search?q=Beebot+AI+official+website,,,,https://www.bing.com/search?q=Beebot+AI+careers
Beeks Financial Cloud Group PLC t/a Beeks Group,Renfrew,,Worker (A rating),Skilled Worker,,,https://www.bing.com/search?q=Beeks+Financial+Cloud+Group+PLC+t%2Fa+Beeks+Group+official+website,,,,https://www.bing.com/search?q=Beeks+Financial+Cloud+Group+PLC+t%2Fa+Beeks+Group+careers
BEEP DIGITAL LTD,Poole,DORSET,Worker (A rating),Skilled Worker,,,https://www.bing.com/search?q=BEEP+DIGITAL+LTD+official+website,,,,https://www.bing.com/search?q=BEEP+DIGITAL+LTD+careers
BEESPACE TECHNOLOGIES LTD,BELFAST,NORTHERN IRELAND,Worker (A rating),Skilled Worker,,,https://www.bing.com/search?q=BEESPACE+TECHNOLOGIES+LTD+official+website,,,,https://www.bing.com/search?q=BEESPACE+TECHNOLOGIES+LTD+careers
Bellrock Technology Limited,Edinburgh,,Worker (A rating),Skilled Worker,,,https://www.bing.com/search?q=Bellrock+Technology+Limited+official+website,,,,https://www.bing.com/search?q=Bellrock+Technology+Limited+careers
BENEVOLENCE TECHNOLOGIES PRIVATE LIMITED,London,,Worker (A rating),Skilled Worker,,,https://www.bing.com/search?q=BENEVOLENCE+TECHNOLOGIES+PRIVATE+LIMITED+official+website,,,,https://www.bing.com/search?q=BENEVOLENCE+TECHNOLOGIES+PRIVATE+LIMITED+careers
BENOIT TECHNOLOGIES UK LTD,Bolton,,Worker (A rating),Skilled Worker,,,https://www.bing.com/search?q=BENOIT+TECHNOLOGIES+UK+LTD+official+website,,,,https://www.bing.com/search?q=BENOIT+TECHNOLOGIES+UK+LTD+careers
BEP Surface Technologies,Bury,,Worker (A rating),Skilled Worker,,,https://www.bing.com/search?q=BEP+Surface+Technologies+official+website,,,,https://www.bing.com/search?q=BEP+Surface+Technologies+careers
Berkshire Technologies Limited,Bracknell,Berkshire,Worker (A rating),Skilled Worker,,,https://www.bing.com/search?q=Berkshire+Technologies+Limited+official+website,,,,https://www.bing.com/search?q=Berkshire+Technologies+Limited+careers
BERKUK TECHNOLOGY LTD,Sheffield,,Worker (A rating),Skilled Worker,,,https://www.bing.com/search?q=BERKUK+TECHNOLOGY+LTD+official+website,,,,https://www.bing.com/search?q=BERKUK+TECHNOLOGY+LTD+careers
Beta Technology Limited,Sheffield,South Yorkshire,Worker (A rating),Skilled Worker,,,https://www.bing.com/search?q=Beta+Technology+Limited+official+website,,,,https://www.bing.com/search?q=Beta+Technology+Limited+careers
Betfred Technology Limited,Manchester,,Worker (A rating),Skilled Worker,,,https://www.bing.com/search?q=Betfred+Technology+Limited+official+website,,,,https://www.bing.com/search?q=Betfred+Technology+Limited+careers
Beyond Data Technologies Ltd,Sheffield,,Worker (A rating),Skilled Worker,,,https://www.bing.com/search?q=Beyond+Data+Technologies+Ltd+official+website,,,,https://www.bing.com/search?q=Beyond+Data+Technologies+Ltd+careers
Beyond Now Technology Limited,London,,Worker (A rating),Skilled Worker,,,https://www.bing.com/search?q=Beyond+Now+Technology+Limited+official+website,,,,https://www.bing.com/search?q=Beyond+Now+Technology+Limited+careers
BG Infotech Ltd,London,,Worker (A rating),Skilled Worker,,,https://www.bing.com/search?q=BG+Infotech+Ltd+official+website,,,,https://www.bing.com/search?q=BG+Infotech+Ltd+careers
Big Data Lake Limited,Slough,,Worker (A rating),Skilled Worker,,,https://www.bing.com/search?q=Big+Data+Lake+Limited+official+website,,,,https://www.bing.com/search?q=Big+Data+Lake+Limited+careers
BIG DATA SCIENCE & TECHNOLOGY LIMITED,Feltham,England,Worker (A rating),Skilled Worker,,,https://www.bing.com/search?q=BIG+DATA+SCIENCE+%26+TECHNOLOGY+LIMITED+official+website,,,,https://www.bing.com/search?q=BIG+DATA+SCIENCE+%26+TECHNOLOGY+LIMITED+careers
Big Little Technology Limited (trading as beloFX),Altrincham,Cheshire,Worker (A rating),Global Business Mobility: Senior or Specialist Worker,,,https://www.bing.com/search?q=Big+Little+Technology+Limited+%28trading+as+beloFX%29+official+website,,,,https://www.bing.com/search?q=Big+Little+Technology+Limited+%28trading+as+beloFX%29+careers
Big Little Technology Limited (trading as beloFX),Altrincham,Cheshire,Worker (A rating),Skilled Worker,,,https://www.bing.com/search?q=Big+Little+Technology+Limited+%28trading+as+beloFX%29+official+website,,,,https://www.bing.com/search?q=Big+Little+Technology+Limited+%28trading+as+beloFX%29+careers
Big Orange Software trading as Sonin,Reigate,Surrey,Worker (A rating),Skilled Worker,,,https://www.bing.com/search?q=Big+Orange+Software+trading+as+Sonin+official+website,,,,https://www.bing.com/search?q=Big+Orange+Software+trading+as+Sonin+careers
BIG PICTURE (SOFTWARE) LIMITED,Snaith,East Yorkshire,Worker (A rating),Skilled Worker,,,https://www.bing.com/search?q=BIG+PICTURE+%28SOFTWARE%29+LIMITED+official+website,,,,https://www.bing.com/search?q=BIG+PICTURE+%28SOFTWARE%29+LIMITED+careers
BigByte Digital Ltd,Manchester,,Worker (A rating),Skilled Worker,,,https://www.bing.com/search?q=BigByte+Digital+Ltd+official+website,,,,https://www.bing.com/search?q=BigByte+Digital+Ltd+careers
Bigminds Technology Solutions Limited,Bromley,,Worker (A rating),Skilled Worker,,,https://www.bing.com/search?q=Bigminds+Technology+Solutions+Limited+official+website,,,,https://www.bing.com/search?q=Bigminds+Technology+Solutions+Limited+careers
Bigo Technology (UK) Limited,London,,Worker (A rating),Skilled Worker,,,https://www.bing.com/search?q=Bigo+Technology+%28UK%29+Limited+official+website,,,,https://www.bing.com/search?q=Bigo+Technology+%28UK%29+Limited+careers
Bigo Technology (UK) Limited,London,,Worker (A rating),Global Business Mobility: Senior or Specialist Worker,,,https://www.bing.com/search?q=Bigo+Technology+%28UK%29+Limited+official+website,,,,https://www.bing.com/search?q=Bigo+Technology+%28UK%29+Limited+careers
BILBERRY TECHNOLOGIES LTD T/A ADCLEAR,London,,Worker (A rating),Skilled Worker,,,https://www.bing.com/search?q=BILBERRY+TECHNOLOGIES+LTD+T%2FA+ADCLEAR+official+website,,,,https://www.bing.com/search?q=BILBERRY+TECHNOLOGIES+LTD+T%2FA+ADCLEAR+careers
Bilfinger Piping Technologies UK Ltd,Bristol,,Worker (A rating),Global Business Mobility: Senior or Specialist Worker,,,https://www.bing.com/search?q=Bilfinger+Piping+Technologies+UK+Ltd+official+website,,,,https://www.bing.com/search?q=Bilfinger+Piping+Technologies+UK+Ltd+careers
Bilfinger Piping Technologies UK Ltd,Bristol,,Temporary Worker (A rating),Global Business Mobility: Graduate Trainee,,,https://www.bing.com/search?q=Bilfinger+Piping+Technologies+UK+Ltd+official+website,,,,https://www.bing.com/search?q=Bilfinger+Piping+Technologies+UK+Ltd+careers
Bilfinger Piping Technologies UK Ltd,Bristol,,Worker (A rating),Skilled Worker,,,https://www.bing.com/search?q=Bilfinger+Piping+Technologies+UK+Ltd+official+website,,,,https://www.bing.com/search?q=Bilfinger+Piping+Technologies+UK+Ltd+careers
BIM Technologies (Europe) Limited,Newcastle upon Tyne,UK,Worker (A rating),Skilled Worker,,,https://www.bing.com/search?q=BIM+Technologies+%28Europe%29+Limited+official+website,,,,https://www.bing.com/search?q=BIM+Technologies+%28Europe%29+Limited+careers
BiologIC Technologies,Soham,,Worker (A rating),Skilled Worker,,,https://www.bing.com/search?q=BiologIC+Technologies+official+website,,,,https://www.bing.com/search?q=BiologIC+Technologies+careers
BIOMARKER TECHNOLOGIES (BMKGENE) UK LTD,Cheshire,,Worker (A rating),Skilled Worker,,,https://www.bing.com/search?q=BIOMARKER+TECHNOLOGIES+%28BMKGENE%29+UK+LTD+official+website,,,,https://www.bing.com/search?q=BIOMARKER+TECHNOLOGIES+%28BMKGENE%29+UK+LTD+careers
BirdsEyeView Technologies Limited,London,,Worker (A rating),Skilled Worker,,,https://www.bing.com/search?q=BirdsEyeView+Technologies+Limited+official+website,,,,https://www.bing.com/search?q=BirdsEyeView+Technologies+Limited+careers
Birl Technology Ltd,Liverpool,Merseyside,Worker (A rating),Skilled Worker,,,https://www.bing.com/search?q=Birl+Technology+Ltd+official+website,,,,https://www.bing.com/search?q=Birl+Technology+Ltd+careers
Birla Technologies Limited,Harrow,,Worker (A rating),Skilled Worker,,,https://www.bing.com/search?q=Birla+Technologies+Limited+official+website,,,,https://www.bing.com/search?q=Birla+Technologies+Limited+careers
Black Box Network Services (UK) Limited,Reading,,Worker (A rating),Skilled Worker,,,https://www.bing.com/search?q=Black+Box+Network+Services+%28UK%29+Limited+official+website,,,,https://www.bing.com/search?q=Black+Box+Network+Services+%28UK%29+Limited+careers
Black Cow Technology Limited,Oxford,,Worker (A rating),Skilled Worker,,,https://www.bing.com/search?q=Black+Cow+Technology+Limited+official+website,,,,https://www.bing.com/search?q=Black+Cow+Technology+Limited+careers
Black Swan Data Limited,London,,Worker (A rating),Skilled Worker,,,https://www.bing.com/search?q=Black+Swan+Data+Limited+official+website,,,,https://www.bing.com/search?q=Black+Swan+Data+Limited+careers
Blackhawk Network EMEA Limited,Hemel Hempstead,,Worker (A rating),Skilled Worker,,,https://www.bing.com/search?q=Blackhawk+Network+EMEA+Limited+official+website,,,,https://www.bing.com/search?q=Blackhawk+Network+EMEA+Limited+careers
Bladon Technologies Ltd,Warwick,Warwickshire,Worker (A rating),Skilled Worker,,,https://www.bing.com/search?q=Bladon+Technologies+Ltd+official+website,,,,https://www.bing.com/search?q=Bladon+Technologies+Ltd+careers
Bliss software solutions Ltd,Aylesbury,Buckinghamshire,Worker (A rating),Skilled Worker,,,https://www.bing.com/search?q=Bliss+software+solutions+Ltd+official+website,,,,https://www.bing.com/search?q=Bliss+software+solutions+Ltd+careers
Bloc Digital Ltd,Derby,,Worker (A rating),Skilled Worker,,,https://www.bing.com/search?q=Bloc+Digital+Ltd+official+website,,,,https://www.bing.com/search?q=Bloc+Digital+Ltd+careers
Blockwise Network Limited,Manchester,,Worker (A rating),Skilled Worker,,,https://www.bing.com/search?q=Blockwise+Network+Limited+official+website,,,,https://www.bing.com/search?q=Blockwise+Network+Limited+careers
Bloompark Software Services Ltd,Slough,Berkshire,Worker (A rating),Skilled Worker,,,https://www.bing.com/search?q=Bloompark+Software+Services+Ltd+official+website,,,,https://www.bing.com/search?q=Bloompark+Software+Services+Ltd+careers
BLOOP AI LIMITED,LONDON,England,Worker (A rating),Skilled Worker,,,https://www.bing.com/search?q=BLOOP+AI+LIMITED+official+website,,,,https://www.bing.com/search?q=BLOOP+AI+LIMITED+careers
BLOW MOULDING TECHNOLOGIES,Belfast,United Kingdom,Worker (A rating),Skilled Worker,,,https://www.bing.com/search?q=BLOW+MOULDING+TECHNOLOGIES+official+website,,,,https://www.bing.com/search?q=BLOW+MOULDING+TECHNOLOGIES+careers
Blu Wireless Technology Limited,Bristol,Avon,Worker (A rating),Skilled Worker,,,https://www.bing.com/search?q=Blu+Wireless+Technology+Limited+official+website,,,,https://www.bing.com/search?q=Blu+Wireless+Technology+Limited+careers
BluDot Digital Limited,Hull,,Worker (A rating),Skilled Worker,,,https://www.bing.com/search?q=BluDot+Digital+Limited+official+website,,,,https://www.bing.com/search?q=BluDot+Digital+Limited+careers
Blue Car Technologies Limited,Reading,Berkshire,Worker (A rating),Skilled Worker,,,https://www.bing.com/search?q=Blue+Car+Technologies+Limited+official+website,,,,https://www.bing.com/search?q=Blue+Car+Technologies+Limited+careers
Blue Chip Technologies Ltd,Wantage,"Oxfordshire, England",Worker (A rating),Skilled Worker,,,https://www.bing.com/search?q=Blue+Chip+Technologies+Ltd+official+website,,,,https://www.bing.com/search?q=Blue+Chip+Technologies+Ltd+careers
Blue Cloud Global UK Limited,London,,Worker (A rating),Global Business Mobility: Senior or Specialist Worker,,,https://www.bing.com/search?q=Blue+Cloud+Global+UK+Limited+official+website,,,,https://www.bing.com/search?q=Blue+Cloud+Global+UK+Limited+careers
Blue Cloud Global UK Limited,London,,Worker (A rating),Skilled Worker,,,https://www.bing.com/search?q=Blue+Cloud+Global+UK+Limited+official+website,,,,https://www.bing.com/search?q=Blue+Cloud+Global+UK+Limited+careers
BLUE FIRE AI LIMITED,London,,Worker (A rating),Skilled Worker,,,https://www.bing.com/search?q=BLUE+FIRE+AI+LIMITED+official+website,,,,https://www.bing.com/search?q=BLUE+FIRE+AI+LIMITED+careers
Blue Ocean Data Solution Ltd,London,,Worker (A rating),Skilled Worker,,,https://www.bing.com/search?q=Blue+Ocean+Data+Solution+Ltd+official+website,,,,https://www.bing.com/search?q=Blue+Ocean+Data+Solution+Ltd+careers
Blue Precision Technologies Ltd,Maidstone,Kent,Worker (A rating),Skilled Worker,,,https://www.bing.com/search?q=Blue+Precision+Technologies+Ltd+official+website,,,,https://www.bing.com/search?q=Blue+Precision+Technologies+Ltd+careers
Blue State Digital UK Limited,London,,Worker (A rating),Skilled Worker,,,https://www.bing.com/search?q=Blue+State+Digital+UK+Limited+official+website,,,,https://www.bing.com/search?q=Blue+State+Digital+UK+Limited+careers
Blue Strawberry AI Ltd,Sandwich,Kent,Worker (A rating),Skilled Worker,,,https://www.bing.com/search?q=Blue+Strawberry+AI+Ltd+official+website,,,,https://www.bing.com/search?q=Blue+Strawberry+AI+Ltd+careers
Blue Thorn Technology Ltd,Birmingham,West Midlands,Worker (A rating),Skilled Worker,,,https://www.bing.com/search?q=Blue+Thorn+Technology+Ltd+official+website,,,,https://www.bing.com/search?q=Blue+Thorn+Technology+Ltd+careers
Blue Yonder Technology Solutions (UK) Limited,Bracknell,Berkshire,Worker (A rating),Skilled Worker,,,https://www.bing.com/search?q=Blue+Yonder+Technology+Solutions+%28UK%29+Limited+official+website,,,,https://www.bing.com/search?q=Blue+Yonder+Technology+Solutions+%28UK%29+Limited+careers
Blue Yonder Technology Solutions (UK) Limited,Bracknell,Berkshire,Worker (A rating),Global Business Mobility: Senior or Specialist Worker,,,https://www.bing.com/search?q=Blue+Yonder+Technology+Solutions+%28UK%29+Limited+official+website,,,,https://www.bing.com/search?q=Blue+Yonder+Technology+Solutions+%28UK%29+Limited+careers
Blue Yonder Technology Solutions UK Limited,Bracknell,Berskshire,Worker (A rating),Skilled Worker,,,https://www.bing.com/search?q=Blue+Yonder+Technology+Solutions+UK+Limited+official+website,,,,https://www.bing.com/search?q=Blue+Yonder+Technology+Solutions+UK+Limited+careers
Blue Yonder Technology Solutions UK Limited,Bracknell,Berskshire,Worker (A rating),Global Business Mobility: Senior or Specialist Worker,,,https://www.bing.com/search?q=Blue+Yonder+Technology+Solutions+UK+Limited+official+website,,,,https://www.bing.com/search?q=Blue+Yonder+Technology+Solutions+UK+Limited+careers
Bluecube Cyber Security Solutions Limited,Milton Keynes,Buckingham,Worker (A rating),Skilled Worker,,,https://www.bing.com/search?q=Bluecube+Cyber+Security+Solutions+Limited+official+website,,,,https://www.bing.com/search?q=Bluecube+Cyber+Security+Solutions+Limited+careers
BLUEGRID TECHNOLOGY LTD,Peterborough,,Worker (A rating),Skilled Worker,,,https://www.bing.com/search?q=BLUEGRID+TECHNOLOGY+LTD+official+website,,,,https://www.bing.com/search?q=BLUEGRID+TECHNOLOGY+LTD+careers
Bluekong Networks Limited,Reading,,Worker (A rating),Skilled Worker,,,https://www.bing.com/search?q=Bluekong+Networks+Limited+official+website,,,,https://www.bing.com/search?q=Bluekong+Networks+Limited+careers
Bluelotus Technologies Limited,Coventry,,Worker (A rating),Skilled Worker,,,https://www.bing.com/search?q=Bluelotus+Technologies+Limited+official+website,,,,https://www.bing.com/search?q=Bluelotus+Technologies+Limited+careers
Bluemax Technology Support Ltd.,Cambridge,Cambridgeshire,Worker (A rating),Skilled Worker,,,https://www.bing.com/search?q=Bluemax+Technology+Support+Ltd.+official+website,,,,https://www.bing.com/search?q=Bluemax+Technology+Support+Ltd.+careers
Blueprint Technologies Limited,Newark On Trent,,Worker (A rating),Skilled Worker,,,https://www.bing.com/search?q=Blueprint+Technologies+Limited+official+website,,,,https://www.bing.com/search?q=Blueprint+Technologies+Limited+careers
Bluerose Technologies Limited,London,,Worker (A rating),Skilled Worker,,,https://www.bing.com/search?q=Bluerose+Technologies+Limited+official+website,,,,https://www.bing.com/search?q=Bluerose+Technologies+Limited+careers
Bluesea Technology ltd,Ilford,,Worker (A rating),Skilled Worker,,,https://www.bing.com/search?q=Bluesea+Technology+ltd+official+website,,,,https://www.bing.com/search?q=Bluesea+Technology+ltd+careers
BlueSkeye AI LTD,Nottingham,,Worker (A rating),Skilled Worker,,,https://www.bing.com/search?q=BlueSkeye+AI+LTD+official+website,,,,https://www.bing.com/search?q=BlueSkeye+AI+LTD+careers
BLUESTAR SOFTWARE LIMITED,Reading,Berkshire,Worker (A rating),Skilled Worker,,,https://www.bing.com/search?q=BLUESTAR+SOFTWARE+LIMITED+official+website,,,,https://www.bing.com/search?q=BLUESTAR+SOFTWARE+LIMITED+careers
BM Data Solutions Limited T/A BM Aluminium,Tewkesbury,,Worker (A rating),Skilled Worker,,,https://www.bing.com/search?q=BM+Data+Solutions+Limited+T%2FA+BM+Aluminium+official+website,,,,https://www.bing.com/search?q=BM+Data+Solutions+Limited+T%2FA+BM+Aluminium+careers
BMC Software Ltd,Winnersh Triangle,Berkshire,Worker (A rating),Global Business Mobility: Senior or Specialist Worker,,,https://www.bing.com/search?q=BMC+Software+Ltd+official+website,,,,https://www.bing.com/search?q=BMC+Software+Ltd+careers
BMC Software Ltd,Winnersh Triangle,Berkshire,Worker (A rating),Skilled Worker,,,https://www.bing.com/search?q=BMC+Software+Ltd+official+website,,,,https://www.bing.com/search?q=BMC+Software+Ltd+careers
BMLL Technologies Ltd,London,,Worker (A rating),Skilled Worker,,,https://www.bing.com/search?q=BMLL+Technologies+Ltd+official+website,,,,https://www.bing.com/search?q=BMLL+Technologies+Ltd+careers
BNW Technology Ltd,Reading,,Worker (A rating),Skilled Worker,,,https://www.bing.com/search?q=BNW+Technology+Ltd+official+website,,,,https://www.bing.com/search?q=BNW+Technology+Ltd+careers
Bo Digital Ltd,Cambridge,Cambridgeshire,Worker (A rating),Skilled Worker,,,https://www.bing.com/search?q=Bo+Digital+Ltd+official+website,,,,https://www.bing.com/search?q=Bo+Digital+Ltd+careers
BOB W TECHNOLOGIES UK LIMITED,London,,Worker (A rating),Skilled Worker,,,https://www.bing.com/search?q=BOB+W+TECHNOLOGIES+UK+LIMITED+official+website,,,,https://www.bing.com/search?q=BOB+W+TECHNOLOGIES+UK+LIMITED+careers
Boditrax Technologies Ltd,Nottingham,Nottinghamshire,Worker (A rating),Skilled Worker,,,https://www.bing.com/search?q=Boditrax+Technologies+Ltd+official+website,,,,https://www.bing.com/search?q=Boditrax+Technologies+Ltd+careers
Boku Network Services UK Ltd,London,,Worker (A rating),Skilled Worker,,,https://www.bing.com/search?q=Boku+Network+Services+UK+Ltd+official+website,,,,https://www.bing.com/search?q=Boku+Network+Services+UK+Ltd+careers
Boldyn Networks Group Limited,London,,Worker (A rating),Global Business Mobility: Senior or Specialist Worker,,,https://www.bing.com/search?q=Boldyn+Networks+Group+Limited+official+website,,,,https://www.bing.com/search?q=Boldyn+Networks+Group+Limited+careers
Boldyn Networks Group Limited,London,,Worker (A rating),Skilled Worker,,,https://www.bing.com/search?q=Boldyn+Networks+Group+Limited+official+website,,,,https://www.bing.com/search?q=Boldyn+Networks+Group+Limited+careers
Bond Financial Technologies Ltd,London,,Worker (A rating),Skilled Worker,,,https://www.bing.com/search?q=Bond+Financial+Technologies+Ltd+official+website,,,,https://www.bing.com/search?q=Bond+Financial+Technologies+Ltd+careers
BookNow Software Ltd,Camberley,Surrey,Worker (A rating),Skilled Worker,,,https://www.bing.com/search?q=BookNow+Software+Ltd+official+website,,,,https://www.bing.com/search?q=BookNow+Software+Ltd+careers
Boomerang Digital Ltd,Hessle,East Yorkshire,Worker (A rating),Skilled Worker,,,https://www.bing.com/search?q=Boomerang+Digital+Ltd+official+website,,,,https://www.bing.com/search?q=Boomerang+Digital+Ltd+careers
Boost AI LTD,Woking,Surrey,Worker (A rating),Skilled Worker,,,https://www.bing.com/search?q=Boost+AI+LTD+official+website,,,,https://www.bing.com/search?q=Boost+AI+LTD+careers
Boost It Technologies LTD,Bristol,Bradley Stoke,Worker (A rating),Skilled Worker,,,https://www.bing.com/search?q=Boost+It+Technologies+LTD+official+website,,,,https://www.bing.com/search?q=Boost+It+Technologies+LTD+careers
BOREAS SOFTWARE AND CONSULTING LTD,London,,Worker (A rating),Skilled Worker,,,https://www.bing.com/search?q=BOREAS+SOFTWARE+AND+CONSULTING+LTD+official+website,,,,https://www.bing.com/search?q=BOREAS+SOFTWARE+AND+CONSULTING+LTD+careers
Borer Data Systems Ltd,Winnersh,,Worker (A rating),Skilled Worker,,,https://www.bing.com/search?q=Borer+Data+Systems+Ltd+official+website,,,,https://www.bing.com/search?q=Borer+Data+Systems+Ltd+careers
BORIS SOFTWARE LIMITED,LEEDS,,Worker (A rating),Skilled Worker,,,https://www.bing.com/search?q=BORIS+SOFTWARE+LIMITED+official+website,,,,https://www.bing.com/search?q=BORIS+SOFTWARE+LIMITED+careers
Bosch Global Software Technologies Private Limited,Denham,Middlesex,Worker (A rating),Global Business Mobility: Senior or Specialist Worker,,,https://www.bing.com/search?q=Bosch+Global+Software+Technologies+Private+Limited+official+website,,,,https://www.bing.com/search?q=Bosch+Global+Software+Technologies+Private+Limited+careers
Bosch Global Software Technologies Private Limited,Denham,Middlesex,Worker (A rating),Skilled Worker,,,https://www.bing.com/search?q=Bosch+Global+Software+Technologies+Private+Limited+official+website,,,,https://www.bing.com/search?q=Bosch+Global+Software+Technologies+Private+Limited+careers
BOSE TECHNOLOGIES LIMITED,Reading,,Worker (A rating),Skilled Worker,,,https://www.bing.com/search?q=BOSE+TECHNOLOGIES+LIMITED+official+website,,,,https://www.bing.com/search?q=BOSE+TECHNOLOGIES+LIMITED+careers
Bottomline Technologies Limited,Theale,Berkshire,Worker (A rating),Skilled Worker,,,https://www.bing.com/search?q=Bottomline+Technologies+Limited+official+website,,,,https://www.bing.com/search?q=Bottomline+Technologies+Limited+careers
Bottomline Technologies Limited,Theale,Berkshire,Worker (A rating),Global Business Mobility: Senior or Specialist Worker,,,https://www.bing.com/search?q=Bottomline+Technologies+Limited+official+website,,,,https://www.bing.com/search?q=Bottomline+Technologies+Limited+careers
Box Technologies Limited,Thame,Oxon,Worker (A rating),Global Business Mobility: Senior or Specialist Worker,,,https://www.bing.com/search?q=Box+Technologies+Limited+official+website,,,,https://www.bing.com/search?q=Box+Technologies+Limited+careers
Box Technologies Limited,Thame,Oxon,Worker (A rating),Skilled Worker,,,https://www.bing.com/search?q=Box+Technologies+Limited+official+website,,,,https://www.bing.com/search?q=Box+Technologies+Limited+careers
Boyd Technologies Ashington UK Limited,Ashington,Northumberland,Worker (A rating),Skilled Worker,,,https://www.bing.com/search?q=Boyd+Technologies+Ashington+UK+Limited+official+website,,,,https://www.bing.com/search?q=Boyd+Technologies+Ashington+UK+Limited+careers
BPAV Technology Group Ltd,Basingstoke,Hampshire,Worker (A rating),Skilled Worker,,,https://www.bing.com/search?q=BPAV+Technology+Group+Ltd+official+website,,,,https://www.bing.com/search?q=BPAV+Technology+Group+Ltd+careers
Brady Technologies Limited,London,,Worker (A rating),Skilled Worker,,,https://www.bing.com/search?q=Brady+Technologies+Limited+official+website,,,,https://www.bing.com/search?q=Brady+Technologies+Limited+careers
Brady Technologies Limited,London,,Worker (A rating),Global Business Mobility: Senior or Specialist Worker,,,https://www.bing.com/search?q=Brady+Technologies+Limited+official+website,,,,https://www.bing.com/search?q=Brady+Technologies+Limited+careers
BRAIN BRIDGE TECHNOLOGY LIMITED,Brentwood,,Worker (A rating),Skilled Worker,,,https://www.bing.com/search?q=BRAIN+BRIDGE+TECHNOLOGY+LIMITED+official+website,,,,https://www.bing.com/search?q=BRAIN+BRIDGE+TECHNOLOGY+LIMITED+careers
Brain Labs Digital Ltd,London,,Worker (A rating),Global Business Mobility: Senior or Specialist Worker,,,https://www.bing.com/search?q=Brain+Labs+Digital+Ltd+official+website,,,,https://www.bing.com/search?q=Brain+Labs+Digital+Ltd+careers
Brain Labs Digital Ltd,London,,Worker (A rating),Skilled Worker,,,https://www.bing.com/search?q=Brain+Labs+Digital+Ltd+official+website,,,,https://www.bing.com/search?q=Brain+Labs+Digital+Ltd+careers
Brandpie Digital Limited,London,,Worker (A rating),Skilled Worker,,,https://www.bing.com/search?q=Brandpie+Digital+Limited+official+website,,,,https://www.bing.com/search?q=Brandpie+Digital+Limited+careers
Branthill Computing Ltd,Covent,,Worker (A rating),Skilled Worker,,,https://www.bing.com/search?q=Branthill+Computing+Ltd+official+website,,,,https://www.bing.com/search?q=Branthill+Computing+Ltd+careers
Brave Software Europe Ltd,London,,Worker (A rating),Global Business Mobility: Senior or Specialist Worker,,,https://www.bing.com/search?q=Brave+Software+Europe+Ltd+official+website,,,,https://www.bing.com/search?q=Brave+Software+Europe+Ltd+careers
Brave Software Europe Ltd,London,,Worker (A rating),Skilled Worker,,,https://www.bing.com/search?q=Brave+Software+Europe+Ltd+official+website,,,,https://www.bing.com/search?q=Brave+Software+Europe+Ltd+careers
Breathe Battery Technologies Limited,London,,Worker (A rating),Skilled Worker,,,https://www.bing.com/search?q=Breathe+Battery+Technologies+Limited+official+website,,,,https://www.bing.com/search?q=Breathe+Battery+Technologies+Limited+careers
Breathe Battery Technologies Limited,London,,Worker (A rating),Scale-up,,,https://www.bing.com/search?q=Breathe+Battery+Technologies+Limited+official+website,,,,https://www.bing.com/search?q=Breathe+Battery+Technologies+Limited+careers
BREEZ TECHNOLOGY LIMITED,LONDON,,Worker (A rating),Skilled Worker,,,https://www.bing.com/search?q=BREEZ+TECHNOLOGY+LIMITED+official+website,,,,https://www.bing.com/search?q=BREEZ+TECHNOLOGY+LIMITED+careers
BRG INFOTECH LIMITED,London,,Worker (A rating),Skilled Worker,,,https://www.bing.com/search?q=BRG+INFOTECH+LIMITED+official+website,,,,https://www.bing.com/search?q=BRG+INFOTECH+LIMITED+careers
Brick Digital,Watford,Hertfordshire,Worker (A rating),Skilled Worker,,,https://www.bing.com/search?q=Brick+Digital+official+website,,,,https://www.bing.com/search?q=Brick+Digital+careers
Bricklane Technologies Ltd,London,,Worker (A rating),Skilled Worker,,,https://www.bing.com/search?q=Bricklane+Technologies+Ltd+official+website,,,,https://www.bing.com/search?q=Bricklane+Technologies+Ltd+careers
BRICLOGIX TECHNOLOGIES LTD,Uxbridge,,Worker (A rating),Skilled Worker,,,https://www.bing.com/search?q=BRICLOGIX+TECHNOLOGIES+LTD+official+website,,,,https://www.bing.com/search?q=BRICLOGIX+TECHNOLOGIES+LTD+careers
BridgeHead Software Limited,Leatherhead,Surrey,Worker (A rating),Skilled Worker,,,https://www.bing.com/search?q=BridgeHead+Software+Limited+official+website,,,,https://www.bing.com/search?q=BridgeHead+Software+Limited+careers
Brightedge Technologies Limited,London,,Worker (A rating),Global Business Mobility: Senior or Specialist Worker,,,https://www.bing.com/search?q=Brightedge+Technologies+Limited+official+website,,,,https://www.bing.com/search?q=Brightedge+Technologies+Limited+careers
Brightedge Technologies Limited,London,,Worker (A rating),Skilled Worker,,,https://www.bing.com/search?q=Brightedge+Technologies+Limited+official+website,,,,https://www.bing.com/search?q=Brightedge+Technologies+Limited+careers
Brightly Software Limited,"Chatham Maritime, Chatham,",Kent,Worker (A rating),Skilled Worker,,,https://www.bing.com/search?q=Brightly+Software+Limited+official+website,,,,https://www.bing.com/search?q=Brightly+Software+Limited+careers
BrightSign Digital Ltd,Great Shelford,,Worker (A rating),Skilled Worker,,,https://www.bing.com/search?q=BrightSign+Digital+Ltd+official+website,,,,https://www.bing.com/search?q=BrightSign+Digital+Ltd+careers
BrightSign Technology Limited,London,,Worker (A rating),Skilled Worker,,,https://www.bing.com/search?q=BrightSign+Technology+Limited+official+website,,,,https://www.bing.com/search?q=BrightSign+Technology+Limited+careers
Brillio Technologies Private Limited,London,,Worker (A rating),Global Business Mobility: Senior or Specialist Worker,,,https://www.bing.com/search?q=Brillio+Technologies+Private+Limited+official+website,,,,https://www.bing.com/search?q=Brillio+Technologies+Private+Limited+careers
Brillio Technologies Private Limited,London,,Worker (A rating),Skilled Worker,,,https://www.bing.com/search?q=Brillio+Technologies+Private+Limited+official+website,,,,https://www.bing.com/search?q=Brillio+Technologies+Private+Limited+careers
Brink Technology Ltd,London,,Worker (A rating),Skilled Worker,,,https://www.bing.com/search?q=Brink+Technology+Ltd+official+website,,,,https://www.bing.com/search?q=Brink+Technology+Ltd+careers
Briss Technologies LIMITED,West Molesey,Surrey,Worker (A rating),Skilled Worker,,,https://www.bing.com/search?q=Briss+Technologies+LIMITED+official+website,,,,https://www.bing.com/search?q=Briss+Technologies+LIMITED+careers
Bristol Fluid System Technologies Ltd. T/A Swagelok Central UK,Bristol,,Temporary Worker (A rating),Global Business Mobility: Graduate Trainee,,,https://www.bing.com/search?q=Bristol+Fluid+System+Technologies+Ltd.+T%2FA+Swagelok+Central+UK+official+website,,,,https://www.bing.com/search?q=Bristol+Fluid+System+Technologies+Ltd.+T%2FA+Swagelok+Central+UK+careers
Britannia Cloud Ltd,London,England,Worker (A rating),Skilled Worker,,,https://www.bing.com/search?q=Britannia+Cloud+Ltd+official+website,,,,https://www.bing.com/search?q=Britannia+Cloud+Ltd+careers
Britasia TV Networks Ltd,Birmingham,West Midlands,Worker (A rating),Skilled Worker,,,https://www.bing.com/search?q=Britasia+TV+Networks+Ltd+official+website,,,,https://www.bing.com/search?q=Britasia+TV+Networks+Ltd+careers
Broad Visions Technologies Ltd,Reading,,Worker (A rating),Skilled Worker,,,https://www.bing.com/search?q=Broad+Visions+Technologies+Ltd+official+website,,,,https://www.bing.com/search?q=Broad+Visions+Technologies+Ltd+careers
Broadvision Technologies (UK) Ltd,London,,Worker (A rating),Skilled Worker,,,https://www.bing.com/search?q=Broadvision+Technologies+%28UK%29+Ltd+official+website,,,,https://www.bing.com/search?q=Broadvision+Technologies+%28UK%29+Ltd+careers
Bromley Computer And Laptop Repairs,Bromley,,Worker (A rating),Skilled Worker,,,https://www.bing.com/search?q=Bromley+Computer+And+Laptop+Repairs+official+website,,,,https://www.bing.com/search?q=Bromley+Computer+And+Laptop+Repairs+careers
Brompton Technology Ltd,London,,Worker (A rating),Skilled Worker,,,https://www.bing.com/search?q=Brompton+Technology+Ltd+official+website,,,,https://www.bing.com/search?q=Brompton+Technology+Ltd+careers
Brothers Bridge Technology Ltd,London,,Worker (A rating),Skilled Worker,,,https://www.bing.com/search?q=Brothers+Bridge+Technology+Ltd+official+website,,,,https://www.bing.com/search?q=Brothers+Bridge+Technology+Ltd+careers
Brown Earth Technologies UK Limited,Sutton,,Worker (A rating),Skilled Worker,,,https://www.bing.com/search?q=Brown+Earth+Technologies+UK+Limited+official+website,,,,https://www.bing.com/search?q=Brown+Earth+Technologies+UK+Limited+careers
BRS Technology Limited,GLASGOW,Lanarkshire,Worker (A rating),Skilled Worker,,,https://www.bing.com/search?q=BRS+Technology+Limited+official+website,,,,https://www.bing.com/search?q=BRS+Technology+Limited+careers
BS&T Digital Limited,London,,Worker (A rating),Skilled Worker,,,https://www.bing.com/search?q=BS%26T+Digital+Limited+official+website,,,,https://www.bing.com/search?q=BS%26T+Digital+Limited+careers
BSO Network Solutions Ltd,London,,Worker (A rating),Skilled Worker,,,https://www.bing.com/search?q=BSO+Network+Solutions+Ltd+official+website,,,,https://www.bing.com/search?q=BSO+Network+Solutions+Ltd+careers
BSOFT TECHNOLOGIES LTD,Wakefield,,Worker (A rating),Skilled Worker,,,https://www.bing.com/search?q=BSOFT+TECHNOLOGIES+LTD+official+website,,,,https://www.bing.com/search?q=BSOFT+TECHNOLOGIES+LTD+careers
BTL NETWORK LTD T/a Paytap,London,,Worker (A rating),Skilled Worker,,,https://www.bing.com/search?q=BTL+NETWORK+LTD+T%2Fa+Paytap+official+website,,,,https://www.bing.com/search?q=BTL+NETWORK+LTD+T%2Fa+Paytap+careers
Bubo AI Ltd,Middlesborough,,Worker (A rating),Skilled Worker,,,https://www.bing.com/search?q=Bubo+AI+Ltd+official+website,,,,https://www.bing.com/search?q=Bubo+AI+Ltd+careers
BuildPartner Technology Ltd,London,,Worker (A rating),Skilled Worker,,,https://www.bing.com/search?q=BuildPartner+Technology+Ltd+official+website,,,,https://www.bing.com/search?q=BuildPartner+Technology+Ltd+careers
Buildt AI Limited t/a Cosine,London,,Worker (A rating),Skilled Worker,,,https://www.bing.com/search?q=Buildt+AI+Limited+t%2Fa+Cosine+official+website,,,,https://www.bing.com/search?q=Buildt+AI+Limited+t%2Fa+Cosine+careers
Bulletproof Cyber Ltd,Stevenage,,Worker (A rating),Skilled Worker,,,https://www.bing.com/search?q=Bulletproof+Cyber+Ltd+official+website,,,,https://www.bing.com/search?q=Bulletproof+Cyber+Ltd+careers
BUSINESS DATA QUALITY LTD,LONDON,,Worker (A rating),Skilled Worker,,,https://www.bing.com/search?q=BUSINESS+DATA+QUALITY+LTD+official+website,,,,https://www.bing.com/search?q=BUSINESS+DATA+QUALITY+LTD+careers
BX Technologies Ltd,London,,Worker (A rating),Skilled Worker,,,https://www.bing.com/search?q=BX+Technologies+Ltd+official+website,,,,https://www.bing.com/search?q=BX+Technologies+Ltd+careers
BYP Network Limited,London,,Worker (A rating),Skilled Worker,,,https://www.bing.com/search?q=BYP+Network+Limited+official+website,,,,https://www.bing.com/search?q=BYP+Network+Limited+careers
byrd Technologies UK Ltd,London,,Worker (A rating),Skilled Worker,,,https://www.bing.com/search?q=byrd+Technologies+UK+Ltd+official+website,,,,https://www.bing.com/search?q=byrd+Technologies+UK+Ltd+careers
Byte Code Software Solutions Limited,Rainham,,Worker (A rating),Skilled Worker,,,https://www.bing.com/search?q=Byte+Code+Software+Solutions+Limited+official+website,,,,https://www.bing.com/search?q=Byte+Code+Software+Solutions+Limited+careers
Bytes Software Services Limited,Leatherhead,Surrey,Worker (A rating),Skilled Worker,,,https://www.bing.com/search?q=Bytes+Software+Services+Limited+official+website,,,,https://www.bing.com/search?q=Bytes+Software+Services+Limited+careers
Bytes Software Services Limited,Leatherhead,Surrey,Worker (A rating),Global Business Mobility: Senior or Specialist Worker,,,https://www.bing.com/search?q=Bytes+Software+Services+Limited+official+website,,,,https://www.bing.com/search?q=Bytes+Software+Services+Limited+careers
BZ Technology Limited,London,Greater London,Worker (A rating),Skilled Worker,,,https://www.bing.com/search?q=BZ+Technology+Limited+official+website,,,,https://www.bing.com/search?q=BZ+Technology+Limited+careers
C SQUARED NETWORKS LTD,London,,Worker (A rating),Skilled Worker,,,https://www.bing.com/search?q=C+SQUARED+NETWORKS+LTD+official+website,,,,https://www.bing.com/search?q=C+SQUARED+NETWORKS+LTD+careers
C.D.S. Computer Design Systems Ltd,Salford,Greater Manchester,Worker (A rating),Skilled Worker,,,https://www.bing.com/search?q=C.D.S.+Computer+Design+Systems+Ltd+official+website,,,,https://www.bing.com/search?q=C.D.S.+Computer+Design+Systems+Ltd+careers
C15 Media Networks Ltd,London,,Worker (A rating),Skilled Worker,,,https://www.bing.com/search?q=C15+Media+Networks+Ltd+official+website,,,,https://www.bing.com/search?q=C15+Media+Networks+Ltd+careers
C3 BIO-TECHNOLOGIES LIMITED,Lancaster,Lancashire,Worker (A rating),Skilled Worker,,,https://www.bing.com/search?q=C3+BIO-TECHNOLOGIES+LIMITED+official+website,,,,https://www.bing.com/search?q=C3+BIO-TECHNOLOGIES+LIMITED+careers
C6 Digital Ltd,London,,Worker (A rating),Skilled Worker,,,https://www.bing.com/search?q=C6+Digital+Ltd+official+website,,,,https://www.bing.com/search?q=C6+Digital+Ltd+careers
Cabvision Network Limited,London,,Worker (A rating),Skilled Worker,,,https://www.bing.com/search?q=Cabvision+Network+Limited+official+website,,,,https://www.bing.com/search?q=Cabvision+Network+Limited+careers
Cadcam Technology Ltd,Nottingham,Notts,Worker (A rating),Skilled Worker,,,https://www.bing.com/search?q=Cadcam+Technology+Ltd+official+website,,,,https://www.bing.com/search?q=Cadcam+Technology+Ltd+careers
CADRO TECHNOLOGIES LIMITED,London,,Worker (A rating),Skilled Worker,,,https://www.bing.com/search?q=CADRO+TECHNOLOGIES+LIMITED+official+website,,,,https://www.bing.com/search?q=CADRO+TECHNOLOGIES+LIMITED+careers
CAE Technology Services Limited,Hemel Hempstead,Herts,Worker (A rating),Skilled Worker,,,https://www.bing.com/search?q=CAE+Technology+Services+Limited+official+website,,,,https://www.bing.com/search?q=CAE+Technology+Services+Limited+careers
Caesars Trading and Technology Services Limited,Leeds,,Worker (A rating),Global Business Mobility: Senior or Specialist Worker,,,https://www.bing.com/search?q=Caesars+Trading+and+Technology+Services+Limited+official+website,,,,https://www.bing.com/search?q=Caesars+Trading+and+Technology+Services+Limited+careers
Caesars Trading and Technology Services Limited,Leeds,,Worker (A rating),Skilled Worker,,,https://www.bing.com/search?q=Caesars+Trading+and+Technology+Services+Limited+official+website,,,,https://www.bing.com/search?q=Caesars+Trading+and+Technology+Services+Limited+careers
Caiman Software Development Limited,Banchory,Aberdeenshire,Worker (A rating),Skilled Worker,,,https://www.bing.com/search?q=Caiman+Software+Development+Limited+official+website,,,,https://www.bing.com/search?q=Caiman+Software+Development+Limited+careers
Cairn technology Ltd,Sheffield,South Yorkshire,Worker (A rating),Skilled Worker,,,https://www.bing.com/search?q=Cairn+technology+Ltd+official+website,,,,https://www.bing.com/search?q=Cairn+technology+Ltd+careers
Caldervale Technology Limited,Dewsbury,West Yorkshire,Worker (A rating),Skilled Worker,,,https://www.bing.com/search?q=Caldervale+Technology+Limited+official+website,,,,https://www.bing.com/search?q=Caldervale+Technology+Limited+careers
Caledonia Technologies Ltd,East Kilbride,,Worker (A rating),Skilled Worker,,,https://www.bing.com/search?q=Caledonia+Technologies+Ltd+official+website,,,,https://www.bing.com/search?q=Caledonia+Technologies+Ltd+careers
Call Systems Technology Limited,Elstree,Hertfordshire,Worker (A rating),Skilled Worker,,,https://www.bing.com/search?q=Call+Systems+Technology+Limited+official+website,,,,https://www.bing.com/search?q=Call+Systems+Technology+Limited+careers
Cambridge Crystallographic Data Centre,Cambridge,Cambridgeshire,Worker (A rating),Skilled Worker,,,https://www.bing.com/search?q=Cambridge+Crystallographic+Data+Centre+official+website,,,,https://www.bing.com/search?q=Cambridge+Crystallographic+Data+Centre+careers
Cambridge Digital Health,Cambridge,,Worker (A rating),Skilled Worker,,,https://www.bing.com/search?q=Cambridge+Digital+Health+official+website,,,,https://www.bing.com/search?q=Cambridge+Digital+Health+careers
Cambridge Display Technology Ltd,Godmanchester,Cambridgeshire,Worker (A rating),Skilled Worker,,,https://www.bing.com/search?q=Cambridge+Display+Technology+Ltd+official+website,,,,https://www.bing.com/search?q=Cambridge+Display+Technology+Ltd+careers
Cambridge Display Technology Ltd,Godmanchester,Cambridgeshire,Worker (A rating),Global Business Mobility: Senior or Specialist Worker,,,https://www.bing.com/search?q=Cambridge+Display+Technology+Ltd+official+website,,,,https://www.bing.com/search?q=Cambridge+Display+Technology+Ltd+careers
Cambridge Medical Technologies Limited,Harston,Cambridgeshire,Worker (A rating),Skilled Worker,,,https://www.bing.com/search?q=Cambridge+Medical+Technologies+Limited+official+website,,,,https://www.bing.com/search?q=Cambridge+Medical+Technologies+Limited+careers
Cambridge Photon Technology Limited,Saffron Walden,Essex,Worker (A rating),Skilled Worker,,,https://www.bing.com/search?q=Cambridge+Photon+Technology+Limited+official+website,,,,https://www.bing.com/search?q=Cambridge+Photon+Technology+Limited+careers
Cambridge Touch Technologies Limited,Cambridge,Cambridgeshire,Worker (A rating),Skilled Worker,,,https://www.bing.com/search?q=Cambridge+Touch+Technologies+Limited+official+website,,,,https://www.bing.com/search?q=Cambridge+Touch+Technologies+Limited+careers
Camden AI Limited,London,,Worker (A rating),Skilled Worker,,,https://www.bing.com/search?q=Camden+AI+Limited+official+website,,,,https://www.bing.com/search?q=Camden+AI+Limited+careers
Cameron Flow Control Technology (UK) Limited,Crawley,West Sussex,Worker (A rating),Skilled Worker,,,https://www.bing.com/search?q=Cameron+Flow+Control+Technology+%28UK%29+Limited+official+website,,,,https://www.bing.com/search?q=Cameron+Flow+Control+Technology+%28UK%29+Limited+careers
Cameron Flow Control Technology (UK) Limited,Crawley,West Sussex,Worker (A rating),Global Business Mobility: Senior or Specialist Worker,,,https://www.bing.com/search?q=Cameron+Flow+Control+Technology+%28UK%29+Limited+official+website,,,,https://www.bing.com/search?q=Cameron+Flow+Control+Technology+%28UK%29+Limited+careers
Camlin Technologies Limited,Lisburn,Antrim,Worker (A rating),Skilled Worker,,,https://www.bing.com/search?q=Camlin+Technologies+Limited+official+website,,,,https://www.bing.com/search?q=Camlin+Technologies+Limited+careers
Canalis Technology Limited,Stockport,,Worker (A rating),Skilled Worker,,,https://www.bing.com/search?q=Canalis+Technology+Limited+official+website,,,,https://www.bing.com/search?q=Canalis+Technology+Limited+careers
Canopy Technologies Ltd,Hamble,,Worker (A rating),Skilled Worker,,,https://www.bing.com/search?q=Canopy+Technologies+Ltd+official+website,,,,https://www.bing.com/search?q=Canopy+Technologies+Ltd+careers
Cantronik Ltd TA Veethree Technologies,Poole,Dorset,Worker (A rating),Skilled Worker,,,https://www.bing.com/search?q=Cantronik+Ltd+TA+Veethree+Technologies+official+website,,,,https://www.bing.com/search?q=Cantronik+Ltd+TA+Veethree+Technologies+careers
Canvas Software Limited,London,,Worker (A rating),Skilled Worker,,,https://www.bing.com/search?q=Canvas+Software+Limited+official+website,,,,https://www.bing.com/search?q=Canvas+Software+Limited+careers
Capillary Technologies Europe Limited,Hammersmith,,Worker (A rating),Skilled Worker,,,https://www.bing.com/search?q=Capillary+Technologies+Europe+Limited+official+website,,,,https://www.bing.com/search?q=Capillary+Technologies+Europe+Limited+careers
Capital Administration Technology Ltd,London,,Worker (A rating),Skilled Worker,,,https://www.bing.com/search?q=Capital+Administration+Technology+Ltd+official+website,,,,https://www.bing.com/search?q=Capital+Administration+Technology+Ltd+careers
Capital Computer Software Ltd,London,London,Worker (A rating),Skilled Worker,,,https://www.bing.com/search?q=Capital+Computer+Software+Ltd+official+website,,,,https://www.bing.com/search?q=Capital+Computer+Software+Ltd+careers
CAPITAL TRAINING AND DEVELOPMENT NETWORK,London,,Temporary Worker (A rating),Charity Worker,,,https://www.bing.com/search?q=CAPITAL+TRAINING+AND+DEVELOPMENT+NETWORK+official+website,,,,https://www.bing.com/search?q=CAPITAL+TRAINING+AND+DEVELOPMENT+NETWORK+careers
CAPRICE CLOUD TECHNOLOGIES LTD,LONDON,,Worker (A rating),Skilled Worker,,,https://www.bing.com/search?q=CAPRICE+CLOUD+TECHNOLOGIES+LTD+official+website,,,,https://www.bing.com/search?q=CAPRICE+CLOUD+TECHNOLOGIES+LTD+careers
Capsa.AI Ltd,London,,Worker (A rating),Skilled Worker,https://capsa.ai,derived_from_company_name_domain,https://www.bing.com/search?q=Capsa.AI+Ltd+official+website,,https://capsa.ai,https://capsa.ai/careers,https://www.bing.com/search?q=Capsa.AI+Ltd+careers
Captify Technologies Ltd,London,,Worker (A rating),Skilled Worker,,,https://www.bing.com/search?q=Captify+Technologies+Ltd+official+website,,,,https://www.bing.com/search?q=Captify+Technologies+Ltd+careers
Cara Technology Limited,Leatherhead,Surrey,Worker (A rating),Skilled Worker,,,https://www.bing.com/search?q=Cara+Technology+Limited+official+website,,,,https://www.bing.com/search?q=Cara+Technology+Limited+careers
Carbon (AI) Ltd,Middlesbrough,County Durham,Worker (A rating),Skilled Worker,,,https://www.bing.com/search?q=Carbon+%28AI%29+Ltd+official+website,,,,https://www.bing.com/search?q=Carbon+%28AI%29+Ltd+careers
Carbon Limiting Technologies,Fleet,Hampshire,Worker (A rating),Skilled Worker,,,https://www.bing.com/search?q=Carbon+Limiting+Technologies+official+website,,,,https://www.bing.com/search?q=Carbon+Limiting+Technologies+careers
Careberry Software Ltd,Aylesbury,Buckinghamshire,Worker (A rating),Skilled Worker,,,https://www.bing.com/search?q=Careberry+Software+Ltd+official+website,,,,https://www.bing.com/search?q=Careberry+Software+Ltd+careers
Caribbean & African Health Network (CAHN),Manchester,,Worker (A rating),Skilled Worker,,,https://www.bing.com/search?q=Caribbean+%26+African+Health+Network+%28CAHN%29+official+website,,,,https://www.bing.com/search?q=Caribbean+%26+African+Health+Network+%28CAHN%29+careers
Carlisle Fluid Technologies UK Lttd,Bournemouth,Dorset,Worker (A rating),Skilled Worker,,,https://www.bing.com/search?q=Carlisle+Fluid+Technologies+UK+Lttd+official+website,,,,https://www.bing.com/search?q=Carlisle+Fluid+Technologies+UK+Lttd+careers
CARMENTA TECHNOLOGIES LTD,London,,Worker (A rating),Skilled Worker,,,https://www.bing.com/search?q=CARMENTA+TECHNOLOGIES+LTD+official+website,,,,https://www.bing.com/search?q=CARMENTA+TECHNOLOGIES+LTD+careers
CARMENTA TECHNOLOGIES LTD,London,,Worker (A rating),Global Business Mobility: Senior or Specialist Worker,,,https://www.bing.com/search?q=CARMENTA+TECHNOLOGIES+LTD+official+website,,,,https://www.bing.com/search?q=CARMENTA+TECHNOLOGIES+LTD+careers
CASM Technology LLP,London,,Worker (A rating),Skilled Worker,,,https://www.bing.com/search?q=CASM+Technology+LLP+official+website,,,,https://www.bing.com/search?q=CASM+Technology+LLP+careers
Cast Software Limited,London,,Worker (A rating),Skilled Worker,,,https://www.bing.com/search?q=Cast+Software+Limited+official+website,,,,https://www.bing.com/search?q=Cast+Software+Limited+careers
Catalent Micron Technologies Limited,Dartford,,Worker (A rating),Global Business Mobility: Senior or Specialist Worker,,,https://www.bing.com/search?q=Catalent+Micron+Technologies+Limited+official+website,,,,https://www.bing.com/search?q=Catalent+Micron+Technologies+Limited+careers
Catalent Micron Technologies Limited,Dartford,,Worker (A rating),Skilled Worker,,,https://www.bing.com/search?q=Catalent+Micron+Technologies+Limited+official+website,,,,https://www.bing.com/search?q=Catalent+Micron+Technologies+Limited+careers
Catch Digital,London,,Worker (A rating),Skilled Worker,,,https://www.bing.com/search?q=Catch+Digital+official+website,,,,https://www.bing.com/search?q=Catch+Digital+careers
Cato Networks (UK) Limited,London,,Worker (A rating),Skilled Worker,,,https://www.bing.com/search?q=Cato+Networks+%28UK%29+Limited+official+website,,,,https://www.bing.com/search?q=Cato+Networks+%28UK%29+Limited+careers
Causeway Technologies Ltd,Gerrards Cross,Bucks,Worker (A rating),Skilled Worker,,,https://www.bing.com/search?q=Causeway+Technologies+Ltd+official+website,,,,https://www.bing.com/search?q=Causeway+Technologies+Ltd+careers
Causeway Technologies Ltd,Gerrards Cross,Bucks,Worker (A rating),Global Business Mobility: Senior or Specialist Worker,,,https://www.bing.com/search?q=Causeway+Technologies+Ltd+official+website,,,,https://www.bing.com/search?q=Causeway+Technologies+Ltd+careers
Caysure Digital Limited,London,,Worker (A rating),Skilled Worker,,,https://www.bing.com/search?q=Caysure+Digital+Limited+official+website,,,,https://www.bing.com/search?q=Caysure+Digital+Limited+careers
CB Technology Ltd,Livingston,,Worker (A rating),Skilled Worker,,,https://www.bing.com/search?q=CB+Technology+Ltd+official+website,,,,https://www.bing.com/search?q=CB+Technology+Ltd+careers
CCL Technology Solutions Ltd,Bellshill,,Worker (A rating),Skilled Worker,,,https://www.bing.com/search?q=CCL+Technology+Solutions+Ltd+official+website,,,,https://www.bing.com/search?q=CCL+Technology+Solutions+Ltd+careers
CCm Technologies Ltd,Swindon,,Worker (A rating),Skilled Worker,,,https://www.bing.com/search?q=CCm+Technologies+Ltd+official+website,,,,https://www.bing.com/search?q=CCm+Technologies+Ltd+careers
CCS Technology Ltd,Coventry,Warwickshire,Worker (A rating),Skilled Worker,,,https://www.bing.com/search?q=CCS+Technology+Ltd+official+website,,,,https://www.bing.com/search?q=CCS+Technology+Ltd+careers
CEDE TECHNOLOGIES LTD,London,England,Worker (A rating),Skilled Worker,,,https://www.bing.com/search?q=CEDE+TECHNOLOGIES+LTD+official+website,,,,https://www.bing.com/search?q=CEDE+TECHNOLOGIES+LTD+careers
CEH TECHNOLOGIES LTD,Manchester,,Worker (A rating),Skilled Worker,,,https://www.bing.com/search?q=CEH+TECHNOLOGIES+LTD+official+website,,,,https://www.bing.com/search?q=CEH+TECHNOLOGIES+LTD+careers
CELEBAL TECHNOLOGIES UK LTD,Harrow,Middlesex,Worker (A rating),Global Business Mobility: Senior or Specialist Worker,,,https://www.bing.com/search?q=CELEBAL+TECHNOLOGIES+UK+LTD+official+website,,,,https://www.bing.com/search?q=CELEBAL+TECHNOLOGIES+UK+LTD+careers
CELEBAL TECHNOLOGIES UK LTD,Harrow,Middlesex,Worker (A rating),Skilled Worker,,,https://www.bing.com/search?q=CELEBAL+TECHNOLOGIES+UK+LTD+official+website,,,,https://www.bing.com/search?q=CELEBAL+TECHNOLOGIES+UK+LTD+careers
Celebrium Technologies Limited,Bradford,ENGLAND,Worker (A rating),Skilled Worker,,,https://www.bing.com/search?q=Celebrium+Technologies+Limited+official+website,,,,https://www.bing.com/search?q=Celebrium+Technologies+Limited+careers
Celebrus Technologies Plc,Sunbury,Middlesex,Worker (A rating),Skilled Worker,,,https://www.bing.com/search?q=Celebrus+Technologies+Plc+official+website,,,,https://www.bing.com/search?q=Celebrus+Technologies+Plc+careers
Celer Technologies Limited,London,,Worker (A rating),Skilled Worker,,,https://www.bing.com/search?q=Celer+Technologies+Limited+official+website,,,,https://www.bing.com/search?q=Celer+Technologies+Limited+careers
Celestia Technologies Group - UK Ltd,Edinburgh,,Worker (A rating),Skilled Worker,,,https://www.bing.com/search?q=Celestia+Technologies+Group+-+UK+Ltd+official+website,,,,https://www.bing.com/search?q=Celestia+Technologies+Group+-+UK+Ltd+careers
CellVoyant Technologies Limited,Bristol,,Worker (A rating),Skilled Worker,,,https://www.bing.com/search?q=CellVoyant+Technologies+Limited+official+website,,,,https://www.bing.com/search?q=CellVoyant+Technologies+Limited+careers
Cenex (Centre of Excellence for Low Carbon and Fuel Cell Technologies),Loughborough,Leicestershire,Worker (A rating),Skilled Worker,,,https://www.bing.com/search?q=Cenex+%28Centre+of+Excellence+for+Low+Carbon+and+Fuel+Cell+Technologies%29+official+website,,,,https://www.bing.com/search?q=Cenex+%28Centre+of+Excellence+for+Low+Carbon+and+Fuel+Cell+Technologies%29+careers
Center for Countering Digital Hate LTD,London,,Worker (A rating),Skilled Worker,,,https://www.bing.com/search?q=Center+for+Countering+Digital+Hate+LTD+official+website,,,,https://www.bing.com/search?q=Center+for+Countering+Digital+Hate+LTD+careers
Centillion Technology Limited,Cambridge,,Worker (A rating),Skilled Worker,,,https://www.bing.com/search?q=Centillion+Technology+Limited+official+website,,,,https://www.bing.com/search?q=Centillion+Technology+Limited+careers
Centium Software Limited,Milton Keynes,,Worker (A rating),Skilled Worker,,,https://www.bing.com/search?q=Centium+Software+Limited+official+website,,,,https://www.bing.com/search?q=Centium+Software+Limited+careers
Centra Technology UK Limited,London,,Worker (A rating),Skilled Worker,,,https://www.bing.com/search?q=Centra+Technology+UK+Limited+official+website,,,,https://www.bing.com/search?q=Centra+Technology+UK+Limited+careers
Central Manchester Networks LTD,Manchester,,Worker (A rating),Skilled Worker,,,https://www.bing.com/search?q=Central+Manchester+Networks+LTD+official+website,,,,https://www.bing.com/search?q=Central+Manchester+Networks+LTD+careers
Central North Leeds Primary Care Network Ltd,Leeds,,Worker (A rating),Skilled Worker,,,https://www.bing.com/search?q=Central+North+Leeds+Primary+Care+Network+Ltd+official+website,,,,https://www.bing.com/search?q=Central+North+Leeds+Primary+Care+Network+Ltd+careers
Central Technology Ltd,Chesterfield,Derbshire,Worker (A rating),Skilled Worker,,,https://www.bing.com/search?q=Central+Technology+Ltd+official+website,,,,https://www.bing.com/search?q=Central+Technology+Ltd+careers
Central West Primary Care Network Ltd,Blackpool,Lancashire,Worker (A rating),Skilled Worker,,,https://www.bing.com/search?q=Central+West+Primary+Care+Network+Ltd+official+website,,,,https://www.bing.com/search?q=Central+West+Primary+Care+Network+Ltd+careers
"Centre for Finance, Technology and Entrepreneurship Ltd","London,",,Worker (A rating),Skilled Worker,,,https://www.bing.com/search?q=Centre+for+Finance%2C+Technology+and+Entrepreneurship+Ltd+official+website,,,,https://www.bing.com/search?q=Centre+for+Finance%2C+Technology+and+Entrepreneurship+Ltd+careers
"Centre for Finance, Technology and Entrepreneurship Ltd","London,",,Temporary Worker (A rating),Global Business Mobility: Graduate Trainee,,,https://www.bing.com/search?q=Centre+for+Finance%2C+Technology+and+Entrepreneurship+Ltd+official+website,,,,https://www.bing.com/search?q=Centre+for+Finance%2C+Technology+and+Entrepreneurship+Ltd+careers
"Centre for Finance, Technology and Entrepreneurship Ltd","London,",,Worker (A rating),Global Business Mobility: Senior or Specialist Worker,,,https://www.bing.com/search?q=Centre+for+Finance%2C+Technology+and+Entrepreneurship+Ltd+official+website,,,,https://www.bing.com/search?q=Centre+for+Finance%2C+Technology+and+Entrepreneurship+Ltd+careers
Centre for the Governance of AI,London,,Worker (A rating),Skilled Worker,,,https://www.bing.com/search?q=Centre+for+the+Governance+of+AI+official+website,,,,https://www.bing.com/search?q=Centre+for+the+Governance+of+AI+careers
CENTRE OF INTELLIGENT TECHNOLOGIES LTD,Dewsbury,,Worker (A rating),Skilled Worker,,,https://www.bing.com/search?q=CENTRE+OF+INTELLIGENT+TECHNOLOGIES+LTD+official+website,,,,https://www.bing.com/search?q=CENTRE+OF+INTELLIGENT+TECHNOLOGIES+LTD+careers
Centrepoint Computer Services Ltd,Epsom,Surrey,Worker (A rating),Skilled Worker,,,https://www.bing.com/search?q=Centrepoint+Computer+Services+Ltd+official+website,,,,https://www.bing.com/search?q=Centrepoint+Computer+Services+Ltd+careers
Centryflow Technologies Ltd,SOUTHEND-ON-SEA,Essex,Worker (A rating),Skilled Worker,,,https://www.bing.com/search?q=Centryflow+Technologies+Ltd+official+website,,,,https://www.bing.com/search?q=Centryflow+Technologies+Ltd+careers
CENTURAY TECHNOLOGIES UK LTD,London,,Worker (A rating),Global Business Mobility: UK Expansion Worker,,,https://www.bing.com/search?q=CENTURAY+TECHNOLOGIES+UK+LTD+official+website,,,,https://www.bing.com/search?q=CENTURAY+TECHNOLOGIES+UK+LTD+careers
Cerillion Technologies Limited,London,,Temporary Worker (A rating),Global Business Mobility: Graduate Trainee,,,https://www.bing.com/search?q=Cerillion+Technologies+Limited+official+website,,,,https://www.bing.com/search?q=Cerillion+Technologies+Limited+careers
Cerillion Technologies Limited,London,,Worker (A rating),Skilled Worker,,,https://www.bing.com/search?q=Cerillion+Technologies+Limited+official+website,,,,https://www.bing.com/search?q=Cerillion+Technologies+Limited+careers
Cerillion Technologies Limited,London,,Worker (A rating),Global Business Mobility: Senior or Specialist Worker,,,https://www.bing.com/search?q=Cerillion+Technologies+Limited+official+website,,,,https://www.bing.com/search?q=Cerillion+Technologies+Limited+careers
CERIS E-COMMERCE & DIGITAL MARKETING LTD,LONDON,,Worker (A rating),Skilled Worker,,,https://www.bing.com/search?q=CERIS+E-COMMERCE+%26+DIGITAL+MARKETING+LTD+official+website,,,,https://www.bing.com/search?q=CERIS+E-COMMERCE+%26+DIGITAL+MARKETING+LTD+careers
Certs Assured Technology Limited,Letchworth,Hertfordshire,Worker (A rating),Skilled Worker,,,https://www.bing.com/search?q=Certs+Assured+Technology+Limited+official+website,,,,https://www.bing.com/search?q=Certs+Assured+Technology+Limited+careers
Ceto AI Limited,Newcastle,Tyne & Wear,Worker (A rating),Skilled Worker,,,https://www.bing.com/search?q=Ceto+AI+Limited+official+website,,,,https://www.bing.com/search?q=Ceto+AI+Limited+careers
CHAIN & CHAIN TECHNOLOGIES LIMITED,LONDON,,Worker (A rating),Skilled Worker,,,https://www.bing.com/search?q=CHAIN+%26+CHAIN+TECHNOLOGIES+LIMITED+official+website,,,,https://www.bing.com/search?q=CHAIN+%26+CHAIN+TECHNOLOGIES+LIMITED+careers
Chalfont AI Ltd T/A Fern Labs,London,,Worker (A rating),Skilled Worker,,,https://www.bing.com/search?q=Chalfont+AI+Ltd+T%2FA+Fern+Labs+official+website,,,,https://www.bing.com/search?q=Chalfont+AI+Ltd+T%2FA+Fern+Labs+careers
Chalkie AI Ltd,Sheffield,,Worker (A rating),Skilled Worker,,,https://www.bing.com/search?q=Chalkie+AI+Ltd+official+website,,,,https://www.bing.com/search?q=Chalkie+AI+Ltd+careers
Chameleon Technology Ltd,Harrogate,,Worker (A rating),Skilled Worker,,,https://www.bing.com/search?q=Chameleon+Technology+Ltd+official+website,,,,https://www.bing.com/search?q=Chameleon+Technology+Ltd+careers
CHAMPION TECHNOLOGIES LIMITED,ABERDEEN,United Kingdom,Worker (A rating),Skilled Worker,,,https://www.bing.com/search?q=CHAMPION+TECHNOLOGIES+LIMITED+official+website,,,,https://www.bing.com/search?q=CHAMPION+TECHNOLOGIES+LIMITED+careers
CHAMPION TECHNOLOGIES LIMITED,ABERDEEN,United Kingdom,Worker (A rating),Global Business Mobility: Senior or Specialist Worker,,,https://www.bing.com/search?q=CHAMPION+TECHNOLOGIES+LIMITED+official+website,,,,https://www.bing.com/search?q=CHAMPION+TECHNOLOGIES+LIMITED+careers
Champion Technologies Limited,Aberdeen,,Worker (A rating),Global Business Mobility: Senior or Specialist Worker,,,https://www.bing.com/search?q=Champion+Technologies+Limited+official+website,,,,https://www.bing.com/search?q=Champion+Technologies+Limited+careers
Champion Technologies Limited,Aberdeen,,Worker (A rating),Skilled Worker,,,https://www.bing.com/search?q=Champion+Technologies+Limited+official+website,,,,https://www.bing.com/search?q=Champion+Technologies+Limited+careers
CHANDRAWAR IT TECHNOLOGIES PVT LTD,Manchester,,Worker (A rating),Skilled Worker,,,https://www.bing.com/search?q=CHANDRAWAR+IT+TECHNOLOGIES+PVT+LTD+official+website,,,,https://www.bing.com/search?q=CHANDRAWAR+IT+TECHNOLOGIES+PVT+LTD+careers
Changepond Technologies Private Limited,Harrow,Middlesex,Worker (A rating),Global Business Mobility: Senior or Specialist Worker,,,https://www.bing.com/search?q=Changepond+Technologies+Private+Limited+official+website,,,,https://www.bing.com/search?q=Changepond+Technologies+Private+Limited+careers
Changepond Technologies Private Limited,Harrow,Middlesex,Worker (A rating),Skilled Worker,,,https://www.bing.com/search?q=Changepond+Technologies+Private+Limited+official+website,,,,https://www.bing.com/search?q=Changepond+Technologies+Private+Limited+careers
Channel Digital Holdings Limited,London,,Worker (A rating),Skilled Worker,,,https://www.bing.com/search?q=Channel+Digital+Holdings+Limited+official+website,,,,https://www.bing.com/search?q=Channel+Digital+Holdings+Limited+careers
Chargepoint Network (UK) Ltd,London,,Worker (A rating),Global Business Mobility: Senior or Specialist Worker,,,https://www.bing.com/search?q=Chargepoint+Network+%28UK%29+Ltd+official+website,,,,https://www.bing.com/search?q=Chargepoint+Network+%28UK%29+Ltd+careers
Chargepoint Network (UK) Ltd,London,,Worker (A rating),Skilled Worker,,,https://www.bing.com/search?q=Chargepoint+Network+%28UK%29+Ltd+official+website,,,,https://www.bing.com/search?q=Chargepoint+Network+%28UK%29+Ltd+careers
Charlotte's Cloud Ltd,London,,Worker (A rating),Skilled Worker,,,https://www.bing.com/search?q=Charlotte%27s+Cloud+Ltd+official+website,,,,https://www.bing.com/search?q=Charlotte%27s+Cloud+Ltd+careers
Charterhouse Voice & Data Limited,London,,Worker (A rating),Skilled Worker,,,https://www.bing.com/search?q=Charterhouse+Voice+%26+Data+Limited+official+website,,,,https://www.bing.com/search?q=Charterhouse+Voice+%26+Data+Limited+careers
Chase Software Solutions Ltd,Surbiton,Surrey,Worker (A rating),Skilled Worker,,,https://www.bing.com/search?q=Chase+Software+Solutions+Ltd+official+website,,,,https://www.bing.com/search?q=Chase+Software+Solutions+Ltd+careers
Chase Software Solutions Ltd,Surbiton,Surrey,Worker (A rating),Global Business Mobility: Senior or Specialist Worker,,,https://www.bing.com/search?q=Chase+Software+Solutions+Ltd+official+website,,,,https://www.bing.com/search?q=Chase+Software+Solutions+Ltd+careers
Cheam Academies Network,Cheam,Surrey,Worker (A rating),Skilled Worker,,,https://www.bing.com/search?q=Cheam+Academies+Network+official+website,,,,https://www.bing.com/search?q=Cheam+Academies+Network+careers
Chelsea Digital Ventures Ltd,London,,Worker (A rating),Skilled Worker,,,https://www.bing.com/search?q=Chelsea+Digital+Ventures+Ltd+official+website,,,,https://www.bing.com/search?q=Chelsea+Digital+Ventures+Ltd+careers
Cheq Technologies (UK) Limited,London,,Worker (A rating),Skilled Worker,,,https://www.bing.com/search?q=Cheq+Technologies+%28UK%29+Limited+official+website,,,,https://www.bing.com/search?q=Cheq+Technologies+%28UK%29+Limited+careers
Chess Logistics Technology Limited,Manchester,,Worker (A rating),Skilled Worker,,,https://www.bing.com/search?q=Chess+Logistics+Technology+Limited+official+website,,,,https://www.bing.com/search?q=Chess+Logistics+Technology+Limited+careers
CHESTER CENTRAL PRIMARY CARE NETWORK LTD,CHESTER,CHESHIRE,Worker (A rating),Skilled Worker,,,https://www.bing.com/search?q=CHESTER+CENTRAL+PRIMARY+CARE+NETWORK+LTD+official+website,,,,https://www.bing.com/search?q=CHESTER+CENTRAL+PRIMARY+CARE+NETWORK+LTD+careers
Chestergate Technologies Ltd,Macclesfield,,Worker (A rating),Skilled Worker,,,https://www.bing.com/search?q=Chestergate+Technologies+Ltd+official+website,,,,https://www.bing.com/search?q=Chestergate+Technologies+Ltd+careers
Chi Technology Ltd,Stratford-Upon-Avon,Warwickshire,Worker (A rating),Skilled Worker,,,https://www.bing.com/search?q=Chi+Technology+Ltd+official+website,,,,https://www.bing.com/search?q=Chi+Technology+Ltd+careers
Chief AI Ltd,Manchester,,Worker (A rating),Skilled Worker,,,https://www.bing.com/search?q=Chief+AI+Ltd+official+website,,,,https://www.bing.com/search?q=Chief+AI+Ltd+careers
Chilli Source Software Limited,Newry,Co Down,Worker (A rating),Skilled Worker,,,https://www.bing.com/search?q=Chilli+Source+Software+Limited+official+website,,,,https://www.bing.com/search?q=Chilli+Source+Software+Limited+careers
Chime Software Limited,Kings Langley,,Worker (A rating),Skilled Worker,,,https://www.bing.com/search?q=Chime+Software+Limited+official+website,,,,https://www.bing.com/search?q=Chime+Software+Limited+careers
China Global Television Network Europe Ltd.,London,,Worker (A rating),Global Business Mobility: Senior or Specialist Worker,,,https://www.bing.com/search?q=China+Global+Television+Network+Europe+Ltd.+official+website,,,,https://www.bing.com/search?q=China+Global+Television+Network+Europe+Ltd.+careers
China Global Television Network Europe Ltd.,London,,Worker (A rating),Skilled Worker,,,https://www.bing.com/search?q=China+Global+Television+Network+Europe+Ltd.+official+website,,,,https://www.bing.com/search?q=China+Global+Television+Network+Europe+Ltd.+careers
China Telecom (Europe) Ltd.,London,,Worker (A rating),Global Business Mobility: Senior or Specialist Worker,,,https://www.bing.com/search?q=China+Telecom+%28Europe%29+Ltd.+official+website,,,,https://www.bing.com/search?q=China+Telecom+%28Europe%29+Ltd.+careers
China Telecom (Europe) Ltd.,London,,Worker (A rating),Skilled Worker,,,https://www.bing.com/search?q=China+Telecom+%28Europe%29+Ltd.+official+website,,,,https://www.bing.com/search?q=China+Telecom+%28Europe%29+Ltd.+careers
China-Europe Networks of Technology and Innovation Limited,London,,Worker (A rating),Skilled Worker,,,https://www.bing.com/search?q=China-Europe+Networks+of+Technology+and+Innovation+Limited+official+website,,,,https://www.bing.com/search?q=China-Europe+Networks+of+Technology+and+Innovation+Limited+careers
Chinacache Networks (UK) Limited,London,,Worker (A rating),Skilled Worker,,,https://www.bing.com/search?q=Chinacache+Networks+%28UK%29+Limited+official+website,,,,https://www.bing.com/search?q=Chinacache+Networks+%28UK%29+Limited+careers
Chiplogic Technologies Limited,Maidenhead,Berkshire,Worker (A rating),Global Business Mobility: Senior or Specialist Worker,,,https://www.bing.com/search?q=Chiplogic+Technologies+Limited+official+website,,,,https://www.bing.com/search?q=Chiplogic+Technologies+Limited+careers
Chiplogic Technologies Limited,Maidenhead,Berkshire,Worker (A rating),Skilled Worker,,,https://www.bing.com/search?q=Chiplogic+Technologies+Limited+official+website,,,,https://www.bing.com/search?q=Chiplogic+Technologies+Limited+careers
Chipper Technologies (UK) Limited,London,,Worker (A rating),Skilled Worker,,,https://www.bing.com/search?q=Chipper+Technologies+%28UK%29+Limited+official+website,,,,https://www.bing.com/search?q=Chipper+Technologies+%28UK%29+Limited+careers
Chipper Technologies (UK) Limited,London,,Worker (A rating),Global Business Mobility: Senior or Specialist Worker,,,https://www.bing.com/search?q=Chipper+Technologies+%28UK%29+Limited+official+website,,,,https://www.bing.com/search?q=Chipper+Technologies+%28UK%29+Limited+careers
Chipstone (UK) Technologies Ltd,London,,Worker (UK Expansion Worker: Provisional ),Global Business Mobility: UK Expansion Worker,,,https://www.bing.com/search?q=Chipstone+%28UK%29+Technologies+Ltd+official+website,,,,https://www.bing.com/search?q=Chipstone+%28UK%29+Technologies+Ltd+careers
"CHONGQING CABERS ENVIRONMENTAL PROTECTION TECHNOLOGY UK CO, LTD",London,,Worker (A rating),Skilled Worker,,,https://www.bing.com/search?q=CHONGQING+CABERS+ENVIRONMENTAL+PROTECTION+TECHNOLOGY+UK+CO%2C+LTD+official+website,,,,https://www.bing.com/search?q=CHONGQING+CABERS+ENVIRONMENTAL+PROTECTION+TECHNOLOGY+UK+CO%2C+LTD+careers
Christian Associates Network,Glasgow,Glasgow (City of),Temporary Worker (A rating),Charity Worker,,,https://www.bing.com/search?q=Christian+Associates+Network+official+website,,,,https://www.bing.com/search?q=Christian+Associates+Network+careers
Christian Associates Network,Glasgow,Glasgow (City of),Temporary Worker (A rating),Religious Worker,,,https://www.bing.com/search?q=Christian+Associates+Network+official+website,,,,https://www.bing.com/search?q=Christian+Associates+Network+careers
Christian Associates Network,Glasgow,Glasgow (City of),Worker (A rating),Tier 2 Ministers of Religion,,,https://www.bing.com/search?q=Christian+Associates+Network+official+website,,,,https://www.bing.com/search?q=Christian+Associates+Network+careers
Christie Digital Systems Canada Inc.,Wokingham,Berkshire,Worker (A rating),Global Business Mobility: Senior or Specialist Worker,,,https://www.bing.com/search?q=Christie+Digital+Systems+Canada+Inc.+official+website,,,,https://www.bing.com/search?q=Christie+Digital+Systems+Canada+Inc.+careers
Christie Digital Systems Canada Inc.,Wokingham,Berkshire,Worker (A rating),Skilled Worker,,,https://www.bing.com/search?q=Christie+Digital+Systems+Canada+Inc.+official+website,,,,https://www.bing.com/search?q=Christie+Digital+Systems+Canada+Inc.+careers
CHRONICLE SOFTWARE LTD,London,,Worker (A rating),Skilled Worker,,,https://www.bing.com/search?q=CHRONICLE+SOFTWARE+LTD+official+website,,,,https://www.bing.com/search?q=CHRONICLE+SOFTWARE+LTD+careers
Cigniti Technologies (UK) Limited,London,,Worker (A rating),Skilled Worker,,,https://www.bing.com/search?q=Cigniti+Technologies+%28UK%29+Limited+official+website,,,,https://www.bing.com/search?q=Cigniti+Technologies+%28UK%29+Limited+careers
Cigniti Technologies (UK) Limited,London,,Worker (A rating),Global Business Mobility: Senior or Specialist Worker,,,https://www.bing.com/search?q=Cigniti+Technologies+%28UK%29+Limited+official+website,,,,https://www.bing.com/search?q=Cigniti+Technologies+%28UK%29+Limited+careers
CIM Software Ltd,Southampton,Hampshire,Worker (A rating),Skilled Worker,,,https://www.bing.com/search?q=CIM+Software+Ltd+official+website,,,,https://www.bing.com/search?q=CIM+Software+Ltd+careers
CIMC Universal Tank Technologies (UK) Ltd,Skelmersdale,Lancashire,Worker (A rating),Skilled Worker,,,https://www.bing.com/search?q=CIMC+Universal+Tank+Technologies+%28UK%29+Ltd+official+website,,,,https://www.bing.com/search?q=CIMC+Universal+Tank+Technologies+%28UK%29+Ltd+careers
Cimcon Software (UK) Limited,Reading,,Worker (A rating),Global Business Mobility: Senior or Specialist Worker,,,https://www.bing.com/search?q=Cimcon+Software+%28UK%29+Limited+official+website,,,,https://www.bing.com/search?q=Cimcon+Software+%28UK%29+Limited+careers
Cimcon Software (UK) Limited,Reading,,Worker (A rating),Skilled Worker,,,https://www.bing.com/search?q=Cimcon+Software+%28UK%29+Limited+official+website,,,,https://www.bing.com/search?q=Cimcon+Software+%28UK%29+Limited+careers
CIP TERRA TECHNOLOGIES UK LTD.,Rotherham,,Worker (A rating),Global Business Mobility: Senior or Specialist Worker,,,https://www.bing.com/search?q=CIP+TERRA+TECHNOLOGIES+UK+LTD.+official+website,,,,https://www.bing.com/search?q=CIP+TERRA+TECHNOLOGIES+UK+LTD.+careers
CIP TERRA TECHNOLOGIES UK LTD.,Rotherham,,Worker (A rating),Skilled Worker,,,https://www.bing.com/search?q=CIP+TERRA+TECHNOLOGIES+UK+LTD.+official+website,,,,https://www.bing.com/search?q=CIP+TERRA+TECHNOLOGIES+UK+LTD.+careers
Circadia Technologies Ltd,London,,Worker (A rating),Skilled Worker,,,https://www.bing.com/search?q=Circadia+Technologies+Ltd+official+website,,,,https://www.bing.com/search?q=Circadia+Technologies+Ltd+careers
Circle Cloud Communications Ltd,SOUTHAMPTON,,Worker (A rating),Skilled Worker,,,https://www.bing.com/search?q=Circle+Cloud+Communications+Ltd+official+website,,,,https://www.bing.com/search?q=Circle+Cloud+Communications+Ltd+careers
CIT Digital Ltd,Sheffield,,Worker (A rating),Skilled Worker,,,https://www.bing.com/search?q=CIT+Digital+Ltd+official+website,,,,https://www.bing.com/search?q=CIT+Digital+Ltd+careers
CITATION CYBER LIMITED,Lancaster,,Worker (A rating),Skilled Worker,,,https://www.bing.com/search?q=CITATION+CYBER+LIMITED+official+website,,,,https://www.bing.com/search?q=CITATION+CYBER+LIMITED+careers
CitiusTech Healthcare Technology Pvt. Ltd,"New Denham, Uxbridge",Middlesex,Worker (A rating),Global Business Mobility: Senior or Specialist Worker,,,https://www.bing.com/search?q=CitiusTech+Healthcare+Technology+Pvt.+Ltd+official+website,,,,https://www.bing.com/search?q=CitiusTech+Healthcare+Technology+Pvt.+Ltd+careers
CitiusTech Healthcare Technology Pvt. Ltd,"New Denham, Uxbridge",Middlesex,Worker (A rating),Skilled Worker,,,https://www.bing.com/search?q=CitiusTech+Healthcare+Technology+Pvt.+Ltd+official+website,,,,https://www.bing.com/search?q=CitiusTech+Healthcare+Technology+Pvt.+Ltd+careers
CITY CONSTRUCTION NETWORK LTD,ILFORD,,Worker (A rating),Skilled Worker,,,https://www.bing.com/search?q=CITY+CONSTRUCTION+NETWORK+LTD+official+website,,,,https://www.bing.com/search?q=CITY+CONSTRUCTION+NETWORK+LTD+careers
Cityplus Network Ltd,London,,Worker (A rating),Skilled Worker,,,https://www.bing.com/search?q=Cityplus+Network+Ltd+official+website,,,,https://www.bing.com/search?q=Cityplus+Network+Ltd+careers
CITYSCAPE DIGITAL LIMITED,LONDON,GREATER LONDON,Worker (A rating),Skilled Worker,,,https://www.bing.com/search?q=CITYSCAPE+DIGITAL+LIMITED+official+website,,,,https://www.bing.com/search?q=CITYSCAPE+DIGITAL+LIMITED+careers
CJS Managed Cloud Services Ltd,Leeds,,Worker (A rating),Skilled Worker,,,https://www.bing.com/search?q=CJS+Managed+Cloud+Services+Ltd+official+website,,,,https://www.bing.com/search?q=CJS+Managed+Cloud+Services+Ltd+careers
CLAIMWISE AI LIMITED,London,,Worker (A rating),Skilled Worker,,,https://www.bing.com/search?q=CLAIMWISE+AI+LIMITED+official+website,,,,https://www.bing.com/search?q=CLAIMWISE+AI+LIMITED+careers
Clara Technologies (UK) Limited,London,,Worker (A rating),Skilled Worker,,,https://www.bing.com/search?q=Clara+Technologies+%28UK%29+Limited+official+website,,,,https://www.bing.com/search?q=Clara+Technologies+%28UK%29+Limited+careers
Clarity AI LTD,London,,Worker (A rating),Skilled Worker,,,https://www.bing.com/search?q=Clarity+AI+LTD+official+website,,,,https://www.bing.com/search?q=Clarity+AI+LTD+careers
Clarity Software Group Limited,Solihull,West Midlands,Worker (A rating),Skilled Worker,,,https://www.bing.com/search?q=Clarity+Software+Group+Limited+official+website,,,,https://www.bing.com/search?q=Clarity+Software+Group+Limited+careers
CLASS TECHNOLOGY SOLUTIONS LTD,Horsham,West Sussex,Worker (A rating),Skilled Worker,,,https://www.bing.com/search?q=CLASS+TECHNOLOGY+SOLUTIONS+LTD+official+website,,,,https://www.bing.com/search?q=CLASS+TECHNOLOGY+SOLUTIONS+LTD+careers
CLASS TECHNOLOGY SOLUTIONS LTD,Horsham,West Sussex,Worker (A rating),Global Business Mobility: Senior or Specialist Worker,,,https://www.bing.com/search?q=CLASS+TECHNOLOGY+SOLUTIONS+LTD+official+website,,,,https://www.bing.com/search?q=CLASS+TECHNOLOGY+SOLUTIONS+LTD+careers
Clean Digital Limited,Edinburgh,,Worker (A rating),Skilled Worker,,,https://www.bing.com/search?q=Clean+Digital+Limited+official+website,,,,https://www.bing.com/search?q=Clean+Digital+Limited+careers
Clear AV Limited t/as OKTO Technologies,Lisburn,,Worker (A rating),Skilled Worker,,,https://www.bing.com/search?q=Clear+AV+Limited+t%2Fas+OKTO+Technologies+official+website,,,,https://www.bing.com/search?q=Clear+AV+Limited+t%2Fas+OKTO+Technologies+careers
Clear Score Technology Limited,London,,Worker (A rating),Skilled Worker,,,https://www.bing.com/search?q=Clear+Score+Technology+Limited+official+website,,,,https://www.bing.com/search?q=Clear+Score+Technology+Limited+careers
Clearly Technologies Limited,London,,Worker (A rating),Skilled Worker,,,https://www.bing.com/search?q=Clearly+Technologies+Limited+official+website,,,,https://www.bing.com/search?q=Clearly+Technologies+Limited+careers
Clearmatics Technologies Ltd,London,,Worker (A rating),Skilled Worker,,,https://www.bing.com/search?q=Clearmatics+Technologies+Ltd+official+website,,,,https://www.bing.com/search?q=Clearmatics+Technologies+Ltd+careers
Cleo AI Ltd,London,,Worker (A rating),Skilled Worker,,,https://www.bing.com/search?q=Cleo+AI+Ltd+official+website,,,,https://www.bing.com/search?q=Cleo+AI+Ltd+careers
Clientserver Technology Solutions Ltd,Rugby,,Worker (A rating),Skilled Worker,,,https://www.bing.com/search?q=Clientserver+Technology+Solutions+Ltd+official+website,,,,https://www.bing.com/search?q=Clientserver+Technology+Solutions+Ltd+careers
Clinical Network Systems Limited,London,,Worker (A rating),Skilled Worker,,,https://www.bing.com/search?q=Clinical+Network+Systems+Limited+official+website,,,,https://www.bing.com/search?q=Clinical+Network+Systems+Limited+careers
Clockwork Technologies UK Limited,London,,Worker (A rating),Skilled Worker,,,https://www.bing.com/search?q=Clockwork+Technologies+UK+Limited+official+website,,,,https://www.bing.com/search?q=Clockwork+Technologies+UK+Limited+careers
Cloud & Compliance Ltd,Birmingham,,Worker (A rating),Skilled Worker,,,https://www.bing.com/search?q=Cloud+%26+Compliance+Ltd+official+website,,,,https://www.bing.com/search?q=Cloud+%26+Compliance+Ltd+careers
CLOUD 9 BEDS LIMITED,Huddersfield,,Worker (A rating),Skilled Worker,,,https://www.bing.com/search?q=CLOUD+9+BEDS+LIMITED+official+website,,,,https://www.bing.com/search?q=CLOUD+9+BEDS+LIMITED+careers
Cloud Agri LTD,Manchester,,Worker (A rating),Skilled Worker,,,https://www.bing.com/search?q=Cloud+Agri+LTD+official+website,,,,https://www.bing.com/search?q=Cloud+Agri+LTD+careers
Cloud Aiops Consulting Ltd,Swindon,,Worker (A rating),Skilled Worker,,,https://www.bing.com/search?q=Cloud+Aiops+Consulting+Ltd+official+website,,,,https://www.bing.com/search?q=Cloud+Aiops+Consulting+Ltd+careers
Cloud Analytics Limited,Rickmansworth,Hertfordshire,Worker (A rating),Skilled Worker,,,https://www.bing.com/search?q=Cloud+Analytics+Limited+official+website,,,,https://www.bing.com/search?q=Cloud+Analytics+Limited+careers
Cloud Army UK Limited,Harrow,Middlesex,Worker (A rating),Skilled Worker,,,https://www.bing.com/search?q=Cloud+Army+UK+Limited+official+website,,,,https://www.bing.com/search?q=Cloud+Army+UK+Limited+careers
Cloud Aware Services Ltd,London,,Worker (A rating),Skilled Worker,,,https://www.bing.com/search?q=Cloud+Aware+Services+Ltd+official+website,,,,https://www.bing.com/search?q=Cloud+Aware+Services+Ltd+careers
Cloud Bleu Management Services Limited,Hampshire,,Worker (A rating),Skilled Worker,,,https://www.bing.com/search?q=Cloud+Bleu+Management+Services+Limited+official+website,,,,https://www.bing.com/search?q=Cloud+Bleu+Management+Services+Limited+careers
Cloud Bridge Technologies Limited,Manchester,,Worker (A rating),Skilled Worker,,,https://www.bing.com/search?q=Cloud+Bridge+Technologies+Limited+official+website,,,,https://www.bing.com/search?q=Cloud+Bridge+Technologies+Limited+careers
Cloud Capital LLP,London,,Worker (A rating),Global Business Mobility: Senior or Specialist Worker,,,https://www.bing.com/search?q=Cloud+Capital+LLP+official+website,,,,https://www.bing.com/search?q=Cloud+Capital+LLP+careers
Cloud Capital LLP,London,,Worker (A rating),Skilled Worker,,,https://www.bing.com/search?q=Cloud+Capital+LLP+official+website,,,,https://www.bing.com/search?q=Cloud+Capital+LLP+careers
Cloud Combinator LTD,Shenfield,United Kingdom,Worker (A rating),Skilled Worker,,,https://www.bing.com/search?q=Cloud+Combinator+LTD+official+website,,,,https://www.bing.com/search?q=Cloud+Combinator+LTD+careers
CLOUD COMPUTING SERVICES LTD,Livingston,,Worker (A rating),Skilled Worker,,,https://www.bing.com/search?q=CLOUD+COMPUTING+SERVICES+LTD+official+website,,,,https://www.bing.com/search?q=CLOUD+COMPUTING+SERVICES+LTD+careers
Cloud Construction Control Limited,Motherwell,,Worker (A rating),Skilled Worker,,,https://www.bing.com/search?q=Cloud+Construction+Control+Limited+official+website,,,,https://www.bing.com/search?q=Cloud+Construction+Control+Limited+careers
Cloud Consulting Group Ltd,Bristol,,Worker (A rating),Skilled Worker,,,https://www.bing.com/search?q=Cloud+Consulting+Group+Ltd+official+website,,,,https://www.bing.com/search?q=Cloud+Consulting+Group+Ltd+careers
Cloud Cowork Ltd,Romford,,Temporary Worker (A rating),Global Business Mobility: Graduate Trainee,,,https://www.bing.com/search?q=Cloud+Cowork+Ltd+official+website,,,,https://www.bing.com/search?q=Cloud+Cowork+Ltd+careers
CLOUD CX LTD,London,,Worker (A rating),Skilled Worker,,,https://www.bing.com/search?q=CLOUD+CX+LTD+official+website,,,,https://www.bing.com/search?q=CLOUD+CX+LTD+careers
Cloud Cycle Ltd,London,,Worker (A rating),Skilled Worker,,,https://www.bing.com/search?q=Cloud+Cycle+Ltd+official+website,,,,https://www.bing.com/search?q=Cloud+Cycle+Ltd+careers
CLOUD DATA CONSULTANTS LTD,Slough,,Worker (A rating),Skilled Worker,,,https://www.bing.com/search?q=CLOUD+DATA+CONSULTANTS+LTD+official+website,,,,https://www.bing.com/search?q=CLOUD+DATA+CONSULTANTS+LTD+careers
Cloud Digest Ltd,Oxted,Surrey,Worker (A rating),Skilled Worker,,,https://www.bing.com/search?q=Cloud+Digest+Ltd+official+website,,,,https://www.bing.com/search?q=Cloud+Digest+Ltd+careers
Cloud Digital Limited,Hinckley,,Worker (A rating),Skilled Worker,,,https://www.bing.com/search?q=Cloud+Digital+Limited+official+website,,,,https://www.bing.com/search?q=Cloud+Digital+Limited+careers
CLOUD DOING GOOD GROUP LIMITED,West Wycombe,,Worker (A rating),Skilled Worker,,,https://www.bing.com/search?q=CLOUD+DOING+GOOD+GROUP+LIMITED+official+website,,,,https://www.bing.com/search?q=CLOUD+DOING+GOOD+GROUP+LIMITED+careers
Cloud Flicker Solutions Ltd,Beaconsfield,,Worker (A rating),Skilled Worker,,,https://www.bing.com/search?q=Cloud+Flicker+Solutions+Ltd+official+website,,,,https://www.bing.com/search?q=Cloud+Flicker+Solutions+Ltd+careers
Cloud Galacticos,London,Greater London,Worker (A rating),Skilled Worker,,,https://www.bing.com/search?q=Cloud+Galacticos+official+website,,,,https://www.bing.com/search?q=Cloud+Galacticos+careers
Cloud Imperium Games Limited,Manchester,,Worker (A rating),Global Business Mobility: Senior or Specialist Worker,,,https://www.bing.com/search?q=Cloud+Imperium+Games+Limited+official+website,,,,https://www.bing.com/search?q=Cloud+Imperium+Games+Limited+careers
Cloud Imperium Games Limited,Manchester,,Temporary Worker (A rating),Creative Worker,,,https://www.bing.com/search?q=Cloud+Imperium+Games+Limited+official+website,,,,https://www.bing.com/search?q=Cloud+Imperium+Games+Limited+careers
Cloud Imperium Games Limited,Manchester,,Worker (A rating),Skilled Worker,,,https://www.bing.com/search?q=Cloud+Imperium+Games+Limited+official+website,,,,https://www.bing.com/search?q=Cloud+Imperium+Games+Limited+careers
CLOUD IX KITCHENS LTD,UXBRIDGE,MIDDLESEX,Worker (A rating),Skilled Worker,,,https://www.bing.com/search?q=CLOUD+IX+KITCHENS+LTD+official+website,,,,https://www.bing.com/search?q=CLOUD+IX+KITCHENS+LTD+careers
Cloud Kitchen London Ltd T/AS Hyderabad Wala {House of Biryani},London,,Worker (A rating),Skilled Worker,,,https://www.bing.com/search?q=Cloud+Kitchen+London+Ltd+T%2FAS+Hyderabad+Wala+%7BHouse+of+Biryani%7D+official+website,,,,https://www.bing.com/search?q=Cloud+Kitchen+London+Ltd+T%2FAS+Hyderabad+Wala+%7BHouse+of+Biryani%7D+careers
Cloud Lending UK Ltd,London,,Worker (A rating),Global Business Mobility: Senior or Specialist Worker,,,https://www.bing.com/search?q=Cloud+Lending+UK+Ltd+official+website,,,,https://www.bing.com/search?q=Cloud+Lending+UK+Ltd+careers
Cloud Lending UK Ltd,London,,Worker (A rating),Skilled Worker,,,https://www.bing.com/search?q=Cloud+Lending+UK+Ltd+official+website,,,,https://www.bing.com/search?q=Cloud+Lending+UK+Ltd+careers
Cloud Logics Ltd,BROMLEY,,Worker (A rating),Skilled Worker,,,https://www.bing.com/search?q=Cloud+Logics+Ltd+official+website,,,,https://www.bing.com/search?q=Cloud+Logics+Ltd+careers
Cloud Made Ltd,London,,Worker (A rating),Skilled Worker,,,https://www.bing.com/search?q=Cloud+Made+Ltd+official+website,,,,https://www.bing.com/search?q=Cloud+Made+Ltd+careers
CLOUD MANAGER LIMITED,Reading,Berkshire,Worker (A rating),Skilled Worker,,,https://www.bing.com/search?q=CLOUD+MANAGER+LIMITED+official+website,,,,https://www.bing.com/search?q=CLOUD+MANAGER+LIMITED+careers
Cloud Mantra Limited,New Barnet,,Worker (A rating),Skilled Worker,,,https://www.bing.com/search?q=Cloud+Mantra+Limited+official+website,,,,https://www.bing.com/search?q=Cloud+Mantra+Limited+careers
Cloud Master Limited,Reading,,Worker (A rating),Skilled Worker,,,https://www.bing.com/search?q=Cloud+Master+Limited+official+website,,,,https://www.bing.com/search?q=Cloud+Master+Limited+careers
Cloud Ninjas Limited,Halesowen,West Midlands,Worker (A rating),Skilled Worker,,,https://www.bing.com/search?q=Cloud+Ninjas+Limited+official+website,,,,https://www.bing.com/search?q=Cloud+Ninjas+Limited+careers
CLOUD ODYSSEY IT SOLUTIONS LTD,London,,Worker (A rating),Skilled Worker,,,https://www.bing.com/search?q=CLOUD+ODYSSEY+IT+SOLUTIONS+LTD+official+website,,,,https://www.bing.com/search?q=CLOUD+ODYSSEY+IT+SOLUTIONS+LTD+careers
CLOUD RETAIL LTD,London,,Worker (A rating),Skilled Worker,,,https://www.bing.com/search?q=CLOUD+RETAIL+LTD+official+website,,,,https://www.bing.com/search?q=CLOUD+RETAIL+LTD+careers
Cloud SG UK Ltd,London,,Worker (A rating),Skilled Worker,,,https://www.bing.com/search?q=Cloud+SG+UK+Ltd+official+website,,,,https://www.bing.com/search?q=Cloud+SG+UK+Ltd+careers
Cloud SG UK Ltd,London,,Worker (A rating),Global Business Mobility: Senior or Specialist Worker,,,https://www.bing.com/search?q=Cloud+SG+UK+Ltd+official+website,,,,https://www.bing.com/search?q=Cloud+SG+UK+Ltd+careers
Cloud Stem Ltd,London,,Worker (A rating),Skilled Worker,,,https://www.bing.com/search?q=Cloud+Stem+Ltd+official+website,,,,https://www.bing.com/search?q=Cloud+Stem+Ltd+careers
CLOUD TAX LIMITED,London,,Worker (A rating),Skilled Worker,,,https://www.bing.com/search?q=CLOUD+TAX+LIMITED+official+website,,,,https://www.bing.com/search?q=CLOUD+TAX+LIMITED+careers
CLOUD TECHEES LTD,Ipswich,,Worker (A rating),Skilled Worker,,,https://www.bing.com/search?q=CLOUD+TECHEES+LTD+official+website,,,,https://www.bing.com/search?q=CLOUD+TECHEES+LTD+careers
Cloud Technologies Ltd,Ilford,Essex,Worker (A rating),Skilled Worker,,,https://www.bing.com/search?q=Cloud+Technologies+Ltd+official+website,,,,https://www.bing.com/search?q=Cloud+Technologies+Ltd+careers
Cloud Travel Limited,Southall,,Worker (A rating),Skilled Worker,,,https://www.bing.com/search?q=Cloud+Travel+Limited+official+website,,,,https://www.bing.com/search?q=Cloud+Travel+Limited+careers
Cloud Valley Ltd,Stratford,,Worker (A rating),Skilled Worker,,,https://www.bing.com/search?q=Cloud+Valley+Ltd+official+website,,,,https://www.bing.com/search?q=Cloud+Valley+Ltd+careers
cloud.IQ Limited,London,,Worker (A rating),Skilled Worker,,,https://www.bing.com/search?q=cloud.IQ+Limited+official+website,,,,https://www.bing.com/search?q=cloud.IQ+Limited+careers
CLOUDFIRST TECHNOLOGIES LTD,CHELMSFORD,,Worker (A rating),Skilled Worker,,,https://www.bing.com/search?q=CLOUDFIRST+TECHNOLOGIES+LTD+official+website,,,,https://www.bing.com/search?q=CLOUDFIRST+TECHNOLOGIES+LTD+careers
CloudMind AI Limited,Bromley,,Worker (A rating),Skilled Worker,,,https://www.bing.com/search?q=CloudMind+AI+Limited+official+website,,,,https://www.bing.com/search?q=CloudMind+AI+Limited+careers
CloudNet Technologies Limited,Manchester,,Worker (A rating),Skilled Worker,,,https://www.bing.com/search?q=CloudNet+Technologies+Limited+official+website,,,,https://www.bing.com/search?q=CloudNet+Technologies+Limited+careers
CloudPay Technology Limited,Andover,,Worker (A rating),Global Business Mobility: Senior or Specialist Worker,,,https://www.bing.com/search?q=CloudPay+Technology+Limited+official+website,,,,https://www.bing.com/search?q=CloudPay+Technology+Limited+careers
CloudPay Technology Limited,Andover,,Worker (A rating),Skilled Worker,,,https://www.bing.com/search?q=CloudPay+Technology+Limited+official+website,,,,https://www.bing.com/search?q=CloudPay+Technology+Limited+careers
Cloudscouts Technology Services UK Ltd,Slough,Berkshire,Worker (A rating),Skilled Worker,,,https://www.bing.com/search?q=Cloudscouts+Technology+Services+UK+Ltd+official+website,,,,https://www.bing.com/search?q=Cloudscouts+Technology+Services+UK+Ltd+careers
Cloudwick Technologies UK,Kent,,Worker (A rating),Global Business Mobility: Senior or Specialist Worker,,,https://www.bing.com/search?q=Cloudwick+Technologies+UK+official+website,,,,https://www.bing.com/search?q=Cloudwick+Technologies+UK+careers
Cloudwick Technologies UK,Kent,,Worker (A rating),Skilled Worker,,,https://www.bing.com/search?q=Cloudwick+Technologies+UK+official+website,,,,https://www.bing.com/search?q=Cloudwick+Technologies+UK+careers
CM CLOUD & DEVOPS LTD,London,Middlesex,Worker (A rating),Skilled Worker,,,https://www.bing.com/search?q=CM+CLOUD+%26+DEVOPS+LTD+official+website,,,,https://www.bing.com/search?q=CM+CLOUD+%26+DEVOPS+LTD+careers
CM TELECOM UK LTD,Tonbridge,,Worker (A rating),Skilled Worker,,,https://www.bing.com/search?q=CM+TELECOM+UK+LTD+official+website,,,,https://www.bing.com/search?q=CM+TELECOM+UK+LTD+careers
CM TELECOM UK LTD,London,London,Worker (A rating),Skilled Worker,,,https://www.bing.com/search?q=CM+TELECOM+UK+LTD+official+website,,,,https://www.bing.com/search?q=CM+TELECOM+UK+LTD+careers
CM TELECOM UK LTD,Tonbridge,,Worker (A rating),Global Business Mobility: Senior or Specialist Worker,,,https://www.bing.com/search?q=CM+TELECOM+UK+LTD+official+website,,,,https://www.bing.com/search?q=CM+TELECOM+UK+LTD+careers
CMB.TECH Technology & Development Centre Ltd,Brentwood,Essex,Worker (A rating),Skilled Worker,,,https://www.bing.com/search?q=CMB.TECH+Technology+%26+Development+Centre+Ltd+official+website,,,,https://www.bing.com/search?q=CMB.TECH+Technology+%26+Development+Centre+Ltd+careers
CNC - Communications & Network Consulting Limited,London,,Worker (A rating),Skilled Worker,,,https://www.bing.com/search?q=CNC+-+Communications+%26+Network+Consulting+Limited+official+website,,,,https://www.bing.com/search?q=CNC+-+Communications+%26+Network+Consulting+Limited+careers
CNC - Communications & Network Consulting Limited,London,,Worker (A rating),Global Business Mobility: Senior or Specialist Worker,,,https://www.bing.com/search?q=CNC+-+Communications+%26+Network+Consulting+Limited+official+website,,,,https://www.bing.com/search?q=CNC+-+Communications+%26+Network+Consulting+Limited+careers
CNI NEWS NETWORK LTD,Birmingham,,Worker (A rating),Skilled Worker,,,https://www.bing.com/search?q=CNI+NEWS+NETWORK+LTD+official+website,,,,https://www.bing.com/search?q=CNI+NEWS+NETWORK+LTD+careers
CNI NEWS NETWORK LTD,Birmingham,,Temporary Worker (A rating),Creative Worker,,,https://www.bing.com/search?q=CNI+NEWS+NETWORK+LTD+official+website,,,,https://www.bing.com/search?q=CNI+NEWS+NETWORK+LTD+careers
Coatsink Software Ltd,Gateshead,,Worker (A rating),Skilled Worker,,,https://www.bing.com/search?q=Coatsink+Software+Ltd+official+website,,,,https://www.bing.com/search?q=Coatsink+Software+Ltd+careers
Cocoa Oriental Network UK Limited,London,,Worker (A rating),Skilled Worker,,,https://www.bing.com/search?q=Cocoa+Oriental+Network+UK+Limited+official+website,,,,https://www.bing.com/search?q=Cocoa+Oriental+Network+UK+Limited+careers
Code 42 Software UK Limited,Maidenhead,,Worker (A rating),Global Business Mobility: Senior or Specialist Worker,,,https://www.bing.com/search?q=Code+42+Software+UK+Limited+official+website,,,,https://www.bing.com/search?q=Code+42+Software+UK+Limited+careers
Code 42 Software UK Limited,Maidenhead,,Worker (A rating),Skilled Worker,,,https://www.bing.com/search?q=Code+42+Software+UK+Limited+official+website,,,,https://www.bing.com/search?q=Code+42+Software+UK+Limited+careers
Coder Technologies Inc,London,,Worker (A rating),Global Business Mobility: UK Expansion Worker,,,https://www.bing.com/search?q=Coder+Technologies+Inc+official+website,,,,https://www.bing.com/search?q=Coder+Technologies+Inc+careers
Codereflex Technologies Ltd,Enderby,Leicester,Worker (A rating),Skilled Worker,,,https://www.bing.com/search?q=Codereflex+Technologies+Ltd+official+website,,,,https://www.bing.com/search?q=Codereflex+Technologies+Ltd+careers
Codex Software Solutions Ltd,Cheltenham,Gloucestershire,Worker (A rating),Skilled Worker,,,https://www.bing.com/search?q=Codex+Software+Solutions+Ltd+official+website,,,,https://www.bing.com/search?q=Codex+Software+Solutions+Ltd+careers
CODM SOFTWARE LIMITED,London,,Worker (A rating),Skilled Worker,,,https://www.bing.com/search?q=CODM+SOFTWARE+LIMITED+official+website,,,,https://www.bing.com/search?q=CODM+SOFTWARE+LIMITED+careers
COGA AI Limited,Orpington,,Worker (A rating),Skilled Worker,,,https://www.bing.com/search?q=COGA+AI+Limited+official+website,,,,https://www.bing.com/search?q=COGA+AI+Limited+careers
COGENT NETWORKS LTD,London,,Worker (A rating),Skilled Worker,,,https://www.bing.com/search?q=COGENT+NETWORKS+LTD+official+website,,,,https://www.bing.com/search?q=COGENT+NETWORKS+LTD+careers
Cognia Cloud Limited t/a Smarsh,London,,Worker (A rating),Global Business Mobility: Senior or Specialist Worker,,,https://www.bing.com/search?q=Cognia+Cloud+Limited+t%2Fa+Smarsh+official+website,,,,https://www.bing.com/search?q=Cognia+Cloud+Limited+t%2Fa+Smarsh+careers
Cognia Cloud Limited t/a Smarsh,London,,Worker (A rating),Skilled Worker,,,https://www.bing.com/search?q=Cognia+Cloud+Limited+t%2Fa+Smarsh+official+website,,,,https://www.bing.com/search?q=Cognia+Cloud+Limited+t%2Fa+Smarsh+careers
Cognito Technologies Limited,Leeds,,Worker (A rating),Skilled Worker,,,https://www.bing.com/search?q=Cognito+Technologies+Limited+official+website,,,,https://www.bing.com/search?q=Cognito+Technologies+Limited+careers
Collaborative Software Limited T/A Admit One,Wareham,Dorset,Worker (A rating),Skilled Worker,,,https://www.bing.com/search?q=Collaborative+Software+Limited+T%2FA+Admit+One+official+website,,,,https://www.bing.com/search?q=Collaborative+Software+Limited+T%2FA+Admit+One+careers
COLOR STAR TECHNOLOGY UK LIMITED,London,,Worker (A rating),Skilled Worker,,,https://www.bing.com/search?q=COLOR+STAR+TECHNOLOGY+UK+LIMITED+official+website,,,,https://www.bing.com/search?q=COLOR+STAR+TECHNOLOGY+UK+LIMITED+careers
Colt Technology Services Group Limited,London,,Worker (A rating),Global Business Mobility: Senior or Specialist Worker,,,https://www.bing.com/search?q=Colt+Technology+Services+Group+Limited+official+website,,,,https://www.bing.com/search?q=Colt+Technology+Services+Group+Limited+careers
Colt Technology Services Group Limited,London,,Worker (A rating),Skilled Worker,,,https://www.bing.com/search?q=Colt+Technology+Services+Group+Limited+official+website,,,,https://www.bing.com/search?q=Colt+Technology+Services+Group+Limited+careers
Colvir Software Solutions Ltd,London,,Worker (A rating),Skilled Worker,,,https://www.bing.com/search?q=Colvir+Software+Solutions+Ltd+official+website,,,,https://www.bing.com/search?q=Colvir+Software+Solutions+Ltd+careers
Combine AI Limited,Guildford,Surrey,Worker (A rating),Skilled Worker,,,https://www.bing.com/search?q=Combine+AI+Limited+official+website,,,,https://www.bing.com/search?q=Combine+AI+Limited+careers
CoMind Technologies Limited,London,,Worker (A rating),Skilled Worker,,,https://www.bing.com/search?q=CoMind+Technologies+Limited+official+website,,,,https://www.bing.com/search?q=CoMind+Technologies+Limited+careers
COMM-TECH VOICE & DATA LIMITED,Norwich,Norfolk,Worker (A rating),Skilled Worker,,,https://www.bing.com/search?q=COMM-TECH+VOICE+%26+DATA+LIMITED+official+website,,,,https://www.bing.com/search?q=COMM-TECH+VOICE+%26+DATA+LIMITED+careers
Commerce Software UK LTD,London,,Worker (A rating),Global Business Mobility: Senior or Specialist Worker,,,https://www.bing.com/search?q=Commerce+Software+UK+LTD+official+website,,,,https://www.bing.com/search?q=Commerce+Software+UK+LTD+careers
Commerce Software UK LTD,London,,Worker (A rating),Skilled Worker,,,https://www.bing.com/search?q=Commerce+Software+UK+LTD+official+website,,,,https://www.bing.com/search?q=Commerce+Software+UK+LTD+careers
COMMODITIES AI LTD,London,,Worker (A rating),Skilled Worker,,,https://www.bing.com/search?q=COMMODITIES+AI+LTD+official+website,,,,https://www.bing.com/search?q=COMMODITIES+AI+LTD+careers
Commonplace Digital LTD,Manchester,,Worker (A rating),Skilled Worker,,,https://www.bing.com/search?q=Commonplace+Digital+LTD+official+website,,,,https://www.bing.com/search?q=Commonplace+Digital+LTD+careers
Communications Software (Airline systems) Limited,London,,Worker (A rating),Skilled Worker,,,https://www.bing.com/search?q=Communications+Software+%28Airline+systems%29+Limited+official+website,,,,https://www.bing.com/search?q=Communications+Software+%28Airline+systems%29+Limited+careers
Communications Software Airline Systems Ltd,Ashbourne,Derbyshire,Worker (A rating),Skilled Worker,,,https://www.bing.com/search?q=Communications+Software+Airline+Systems+Ltd+official+website,,,,https://www.bing.com/search?q=Communications+Software+Airline+Systems+Ltd+careers
Community Trust Network,Milton Keynes,,Worker (A rating),Skilled Worker,,,https://www.bing.com/search?q=Community+Trust+Network+official+website,,,,https://www.bing.com/search?q=Community+Trust+Network+careers
CompatibL Technologies Ltd,London,Greater London,Worker (A rating),Global Business Mobility: Senior or Specialist Worker,,,https://www.bing.com/search?q=CompatibL+Technologies+Ltd+official+website,,,,https://www.bing.com/search?q=CompatibL+Technologies+Ltd+careers
CompatibL Technologies Ltd,London,Greater London,Worker (A rating),Skilled Worker,,,https://www.bing.com/search?q=CompatibL+Technologies+Ltd+official+website,,,,https://www.bing.com/search?q=CompatibL+Technologies+Ltd+careers
Complete Cyber Limited,Princes Risborough,Buckinghamshire,Worker (A rating),Skilled Worker,,,https://www.bing.com/search?q=Complete+Cyber+Limited+official+website,,,,https://www.bing.com/search?q=Complete+Cyber+Limited+careers
Compound Digital Technologies Limited,London,,Worker (A rating),Skilled Worker,,,https://www.bing.com/search?q=Compound+Digital+Technologies+Limited+official+website,,,,https://www.bing.com/search?q=Compound+Digital+Technologies+Limited+careers
Computer Club Limited,Stockport,,Worker (A rating),Skilled Worker,,,https://www.bing.com/search?q=Computer+Club+Limited+official+website,,,,https://www.bing.com/search?q=Computer+Club+Limited+careers
Computer ConQuest ltd,Shangton,Leics,Worker (A rating),Skilled Worker,,,https://www.bing.com/search?q=Computer+ConQuest+ltd+official+website,,,,https://www.bing.com/search?q=Computer+ConQuest+ltd+careers
COMPUTER DATA SHRED LTD,Leicester,,Worker (A rating),Skilled Worker,,,https://www.bing.com/search?q=COMPUTER+DATA+SHRED+LTD+official+website,,,,https://www.bing.com/search?q=COMPUTER+DATA+SHRED+LTD+careers
Computer Gurus Limited,Tunbridge Wells,Kent,Worker (A rating),Skilled Worker,,,https://www.bing.com/search?q=Computer+Gurus+Limited+official+website,,,,https://www.bing.com/search?q=Computer+Gurus+Limited+careers
COMPUTER HYPE LTD,London,London,Worker (A rating),Skilled Worker,,,https://www.bing.com/search?q=COMPUTER+HYPE+LTD+official+website,,,,https://www.bing.com/search?q=COMPUTER+HYPE+LTD+careers
COMPUTER INTELLECTS LIMITED,London,London,Worker (A rating),Skilled Worker,,,https://www.bing.com/search?q=COMPUTER+INTELLECTS+LIMITED+official+website,,,,https://www.bing.com/search?q=COMPUTER+INTELLECTS+LIMITED+careers
Computer Says Maybe Ltd,London,,Worker (A rating),Skilled Worker,,,https://www.bing.com/search?q=Computer+Says+Maybe+Ltd+official+website,,,,https://www.bing.com/search?q=Computer+Says+Maybe+Ltd+careers
Computer Specialist LTD,Birmingham,,Worker (A rating),Skilled Worker,,,https://www.bing.com/search?q=Computer+Specialist+LTD+official+website,,,,https://www.bing.com/search?q=Computer+Specialist+LTD+careers
Computer Task Group (UK) LTD,Reading,Berkshire,Worker (A rating),Global Business Mobility: Senior or Specialist Worker,,,https://www.bing.com/search?q=Computer+Task+Group+%28UK%29+LTD+official+website,,,,https://www.bing.com/search?q=Computer+Task+Group+%28UK%29+LTD+careers
Computer Task Group (UK) LTD,Reading,Berkshire,Worker (A rating),Skilled Worker,,,https://www.bing.com/search?q=Computer+Task+Group+%28UK%29+LTD+official+website,,,,https://www.bing.com/search?q=Computer+Task+Group+%28UK%29+LTD+careers
Computer Troubleshooters Redbridge Limited,Ilford,Essex,Worker (A rating),Skilled Worker,,,https://www.bing.com/search?q=Computer+Troubleshooters+Redbridge+Limited+official+website,,,,https://www.bing.com/search?q=Computer+Troubleshooters+Redbridge+Limited+careers
Computing Distribution Group Ltd,Sunningdale,Berkshire,Worker (A rating),Skilled Worker,,,https://www.bing.com/search?q=Computing+Distribution+Group+Ltd+official+website,,,,https://www.bing.com/search?q=Computing+Distribution+Group+Ltd+careers
COMTEK NETWORK SYSTEMS (UK)LTD,DEESIDE,FLINTSHIRE,Worker (A rating),Skilled Worker,,,https://www.bing.com/search?q=COMTEK+NETWORK+SYSTEMS+%28UK%29LTD+official+website,,,,https://www.bing.com/search?q=COMTEK+NETWORK+SYSTEMS+%28UK%29LTD+careers
Comviva Technologies Limited,London,,Worker (A rating),Skilled Worker,,,https://www.bing.com/search?q=Comviva+Technologies+Limited+official+website,,,,https://www.bing.com/search?q=Comviva+Technologies+Limited+careers
Comviva Technologies Limited,London,,Worker (A rating),Global Business Mobility: Senior or Specialist Worker,,,https://www.bing.com/search?q=Comviva+Technologies+Limited+official+website,,,,https://www.bing.com/search?q=Comviva+Technologies+Limited+careers
Concur Technologies (UK) Limited,Feltham,Middlesex,Worker (A rating),Global Business Mobility: Senior or Specialist Worker,,,https://www.bing.com/search?q=Concur+Technologies+%28UK%29+Limited+official+website,,,,https://www.bing.com/search?q=Concur+Technologies+%28UK%29+Limited+careers
Concur Technologies (UK) Limited,Feltham,Middlesex,Worker (A rating),Skilled Worker,,,https://www.bing.com/search?q=Concur+Technologies+%28UK%29+Limited+official+website,,,,https://www.bing.com/search?q=Concur+Technologies+%28UK%29+Limited+careers
Concurrent Technologies Plc,Colchester,Essex,Worker (A rating),Global Business Mobility: Senior or Specialist Worker,,,https://www.bing.com/search?q=Concurrent+Technologies+Plc+official+website,,,,https://www.bing.com/search?q=Concurrent+Technologies+Plc+careers
Concurrent Technologies Plc,Colchester,Essex,Worker (A rating),Skilled Worker,,,https://www.bing.com/search?q=Concurrent+Technologies+Plc+official+website,,,,https://www.bing.com/search?q=Concurrent+Technologies+Plc+careers
Conduct AI Ltd,London,,Worker (A rating),Skilled Worker,,,https://www.bing.com/search?q=Conduct+AI+Ltd+official+website,,,,https://www.bing.com/search?q=Conduct+AI+Ltd+careers
Conference Technologies UK Limited,Retford,Nottinghamshire,Worker (A rating),Skilled Worker,,,https://www.bing.com/search?q=Conference+Technologies+UK+Limited+official+website,,,,https://www.bing.com/search?q=Conference+Technologies+UK+Limited+careers
Connect In Cloud Ltd,Tilbury,Essex,Worker (A rating),Skilled Worker,,,https://www.bing.com/search?q=Connect+In+Cloud+Ltd+official+website,,,,https://www.bing.com/search?q=Connect+In+Cloud+Ltd+careers
Connect Software Solutions Limited,"Nelson, Lancashire",,Worker (A rating),Skilled Worker,,,https://www.bing.com/search?q=Connect+Software+Solutions+Limited+official+website,,,,https://www.bing.com/search?q=Connect+Software+Solutions+Limited+careers
Connected Data Company Ltd,London,,Worker (A rating),Skilled Worker,,,https://www.bing.com/search?q=Connected+Data+Company+Ltd+official+website,,,,https://www.bing.com/search?q=Connected+Data+Company+Ltd+careers
CONSTELLATION TECHNOLOGY SERVICES LTD,Milton Keynes,Buckinghamshire,Worker (A rating),Skilled Worker,,,https://www.bing.com/search?q=CONSTELLATION+TECHNOLOGY+SERVICES+LTD+official+website,,,,https://www.bing.com/search?q=CONSTELLATION+TECHNOLOGY+SERVICES+LTD+careers
Contained Technologies UK Ltd,Spalding,Lincolnshire,Worker (A rating),Skilled Worker,,,https://www.bing.com/search?q=Contained+Technologies+UK+Ltd+official+website,,,,https://www.bing.com/search?q=Contained+Technologies+UK+Ltd+careers
Container Solutions Software Ltd,London,,Worker (A rating),Skilled Worker,,,https://www.bing.com/search?q=Container+Solutions+Software+Ltd+official+website,,,,https://www.bing.com/search?q=Container+Solutions+Software+Ltd+careers
CONTENT+CLOUD LIMITED,Manchester,,Worker (A rating),Global Business Mobility: Senior or Specialist Worker,,,https://www.bing.com/search?q=CONTENT%2BCLOUD+LIMITED+official+website,,,,https://www.bing.com/search?q=CONTENT%2BCLOUD+LIMITED+careers
CONTENT+CLOUD LIMITED,Manchester,,Worker (A rating),Skilled Worker,,,https://www.bing.com/search?q=CONTENT%2BCLOUD+LIMITED+official+website,,,,https://www.bing.com/search?q=CONTENT%2BCLOUD+LIMITED+careers
CONTEXTUAL TECHNOLOGIES LTD,London,,Worker (A rating),Skilled Worker,,,https://www.bing.com/search?q=CONTEXTUAL+TECHNOLOGIES+LTD+official+website,,,,https://www.bing.com/search?q=CONTEXTUAL+TECHNOLOGIES+LTD+careers
Continental Networks LTD,Gateshead,,Worker (A rating),Skilled Worker,,,https://www.bing.com/search?q=Continental+Networks+LTD+official+website,,,,https://www.bing.com/search?q=Continental+Networks+LTD+careers
Contour Technologies Limited,Gloucester,,Worker (A rating),Global Business Mobility: Senior or Specialist Worker,,,https://www.bing.com/search?q=Contour+Technologies+Limited+official+website,,,,https://www.bing.com/search?q=Contour+Technologies+Limited+careers
Contour Technologies Limited,Gloucester,,Worker (A rating),Skilled Worker,,,https://www.bing.com/search?q=Contour+Technologies+Limited+official+website,,,,https://www.bing.com/search?q=Contour+Technologies+Limited+careers
CONTRACTPOD TECHNOLOGIES LIMITED,LONDON,,Worker (A rating),Skilled Worker,,,https://www.bing.com/search?q=CONTRACTPOD+TECHNOLOGIES+LIMITED+official+website,,,,https://www.bing.com/search?q=CONTRACTPOD+TECHNOLOGIES+LIMITED+careers
Control Flow Technologies Group Ltd,Sunderland,Tyne and Wear,Worker (A rating),Skilled Worker,,,https://www.bing.com/search?q=Control+Flow+Technologies+Group+Ltd+official+website,,,,https://www.bing.com/search?q=Control+Flow+Technologies+Group+Ltd+careers
Control Technologies UK Ltd,Sharnbrook,Bedfordshire,Worker (A rating),Skilled Worker,,,https://www.bing.com/search?q=Control+Technologies+UK+Ltd+official+website,,,,https://www.bing.com/search?q=Control+Technologies+UK+Ltd+careers
Conveo.ai UK Ltd,Altrincham,Cheshire,Worker (A rating),Global Business Mobility: Senior or Specialist Worker,https://conveo.ai,derived_from_company_name_domain,https://www.bing.com/search?q=Conveo.ai+UK+Ltd+official+website,,https://conveo.ai,https://conveo.ai/careers,https://www.bing.com/search?q=Conveo.ai+UK+Ltd+careers
Conveo.ai UK Ltd,Altrincham,Cheshire,Worker (A rating),Skilled Worker,https://conveo.ai,derived_from_company_name_domain,https://www.bing.com/search?q=Conveo.ai+UK+Ltd+official+website,,https://conveo.ai,https://conveo.ai/careers,https://www.bing.com/search?q=Conveo.ai+UK+Ltd+careers
Convergence (Group Networks) Limited,Solihull,,Worker (A rating),Skilled Worker,,,https://www.bing.com/search?q=Convergence+%28Group+Networks%29+Limited+official+website,,,,https://www.bing.com/search?q=Convergence+%28Group+Networks%29+Limited+careers
Convergint Technologies UK,Crowborough,East Sussex,Worker (A rating),Skilled Worker,,,https://www.bing.com/search?q=Convergint+Technologies+UK+official+website,,,,https://www.bing.com/search?q=Convergint+Technologies+UK+careers
"Convergint Technologies UK, Limited",Crowborough,East Sussex,Worker (A rating),Global Business Mobility: Senior or Specialist Worker,,,https://www.bing.com/search?q=Convergint+Technologies+UK%2C+Limited+official+website,,,,https://www.bing.com/search?q=Convergint+Technologies+UK%2C+Limited+careers
"Convergint Technologies UK, Limited",Crowborough,East Sussex,Worker (A rating),Skilled Worker,,,https://www.bing.com/search?q=Convergint+Technologies+UK%2C+Limited+official+website,,,,https://www.bing.com/search?q=Convergint+Technologies+UK%2C+Limited+careers
Conway Marsh Garrett Technologies Limited,Rendlesham,Suffolk,Worker (A rating),Skilled Worker,,,https://www.bing.com/search?q=Conway+Marsh+Garrett+Technologies+Limited+official+website,,,,https://www.bing.com/search?q=Conway+Marsh+Garrett+Technologies+Limited+careers
Conway Marsh Garrett Technologies Limited CMG Technologies,Rendlesham,,Worker (A rating),Skilled Worker,,,https://www.bing.com/search?q=Conway+Marsh+Garrett+Technologies+Limited+CMG+Technologies+official+website,,,,https://www.bing.com/search?q=Conway+Marsh+Garrett+Technologies+Limited+CMG+Technologies+careers
Coolgarif Technologies Ltd,London,,Worker (A rating),Skilled Worker,,,https://www.bing.com/search?q=Coolgarif+Technologies+Ltd+official+website,,,,https://www.bing.com/search?q=Coolgarif+Technologies+Ltd+careers
Cooper Research Technology Limited,Ripley,Derbyshire,Worker (A rating),Skilled Worker,,,https://www.bing.com/search?q=Cooper+Research+Technology+Limited+official+website,,,,https://www.bing.com/search?q=Cooper+Research+Technology+Limited+careers
Cooper Square Technologies UK Ltd,London,,Worker (A rating),Global Business Mobility: Senior or Specialist Worker,,,https://www.bing.com/search?q=Cooper+Square+Technologies+UK+Ltd+official+website,,,,https://www.bing.com/search?q=Cooper+Square+Technologies+UK+Ltd+careers
Cooper Square Technologies UK Ltd,London,,Worker (A rating),Skilled Worker,,,https://www.bing.com/search?q=Cooper+Square+Technologies+UK+Ltd+official+website,,,,https://www.bing.com/search?q=Cooper+Square+Technologies+UK+Ltd+careers
Cooperative AI Foundation,Exeter,,Worker (A rating),Skilled Worker,,,https://www.bing.com/search?q=Cooperative+AI+Foundation+official+website,,,,https://www.bing.com/search?q=Cooperative+AI+Foundation+careers
COPA-DATA UK LIMITED,Bristol,,Worker (A rating),Skilled Worker,,,https://www.bing.com/search?q=COPA-DATA+UK+LIMITED+official+website,,,,https://www.bing.com/search?q=COPA-DATA+UK+LIMITED+careers
Copper Technologies (UK) Limited,London,,Worker (A rating),Skilled Worker,,,https://www.bing.com/search?q=Copper+Technologies+%28UK%29+Limited+official+website,,,,https://www.bing.com/search?q=Copper+Technologies+%28UK%29+Limited+careers
Cord Technologies Limited,London,,Worker (A rating),Skilled Worker,,,https://www.bing.com/search?q=Cord+Technologies+Limited+official+website,,,,https://www.bing.com/search?q=Cord+Technologies+Limited+careers
Cordiant Digital Infrastructure Management LLP,London,Select,Worker (A rating),Skilled Worker,,,https://www.bing.com/search?q=Cordiant+Digital+Infrastructure+Management+LLP+official+website,,,,https://www.bing.com/search?q=Cordiant+Digital+Infrastructure+Management+LLP+careers
Cordon Technologies Ltd,LONDON,,Worker (A rating),Skilled Worker,,,https://www.bing.com/search?q=Cordon+Technologies+Ltd+official+website,,,,https://www.bing.com/search?q=Cordon+Technologies+Ltd+careers
Core Consulting Information Technology Limited,South Croydon,,Worker (A rating),Skilled Worker,,,https://www.bing.com/search?q=Core+Consulting+Information+Technology+Limited+official+website,,,,https://www.bing.com/search?q=Core+Consulting+Information+Technology+Limited+careers
CORE NETWORK SOLUTIONS UK LTD,Slough,Berkshire,Worker (A rating),Skilled Worker,,,https://www.bing.com/search?q=CORE+NETWORK+SOLUTIONS+UK+LTD+official+website,,,,https://www.bing.com/search?q=CORE+NETWORK+SOLUTIONS+UK+LTD+careers
Core Technology Systems Uk Ltd,LONDON,,Worker (A rating),Skilled Worker,,,https://www.bing.com/search?q=Core+Technology+Systems+Uk+Ltd+official+website,,,,https://www.bing.com/search?q=Core+Technology+Systems+Uk+Ltd+careers
Corero Network Security (UK) Limited,London,,Worker (A rating),Skilled Worker,,,https://www.bing.com/search?q=Corero+Network+Security+%28UK%29+Limited+official+website,,,,https://www.bing.com/search?q=Corero+Network+Security+%28UK%29+Limited+careers
CORTI AI UK LIMITED,London,,Worker (A rating),Skilled Worker,,,https://www.bing.com/search?q=CORTI+AI+UK+LIMITED+official+website,,,,https://www.bing.com/search?q=CORTI+AI+UK+LIMITED+careers
Cotham Technologies Limited,Bristol,,Worker (A rating),Skilled Worker,,,https://www.bing.com/search?q=Cotham+Technologies+Limited+official+website,,,,https://www.bing.com/search?q=Cotham+Technologies+Limited+careers
Count Technologies Ltd,London,,Worker (A rating),Skilled Worker,,,https://www.bing.com/search?q=Count+Technologies+Ltd+official+website,,,,https://www.bing.com/search?q=Count+Technologies+Ltd+careers
Coupa Software UK Ltd,London,,Worker (A rating),Global Business Mobility: Senior or Specialist Worker,,,https://www.bing.com/search?q=Coupa+Software+UK+Ltd+official+website,,,,https://www.bing.com/search?q=Coupa+Software+UK+Ltd+careers
Coupa Software UK Ltd,London,,Worker (A rating),Skilled Worker,,,https://www.bing.com/search?q=Coupa+Software+UK+Ltd+official+website,,,,https://www.bing.com/search?q=Coupa+Software+UK+Ltd+careers
Covarius Technology Limited,London,,Worker (A rating),Skilled Worker,,,https://www.bing.com/search?q=Covarius+Technology+Limited+official+website,,,,https://www.bing.com/search?q=Covarius+Technology+Limited+careers
Covasant Technologies (UK) Private Limited,London,,Worker (A rating),Skilled Worker,,,https://www.bing.com/search?q=Covasant+Technologies+%28UK%29+Private+Limited+official+website,,,,https://www.bing.com/search?q=Covasant+Technologies+%28UK%29+Private+Limited+careers
Covasant Technologies (UK) Private Limited,London,,Worker (A rating),Global Business Mobility: Senior or Specialist Worker,,,https://www.bing.com/search?q=Covasant+Technologies+%28UK%29+Private+Limited+official+website,,,,https://www.bing.com/search?q=Covasant+Technologies+%28UK%29+Private+Limited+careers
Cowbell Cyber Ltd,London,,Worker (A rating),Global Business Mobility: Senior or Specialist Worker,,,https://www.bing.com/search?q=Cowbell+Cyber+Ltd+official+website,,,,https://www.bing.com/search?q=Cowbell+Cyber+Ltd+careers
Cowbell Cyber Ltd,London,,Worker (A rating),Skilled Worker,,,https://www.bing.com/search?q=Cowbell+Cyber+Ltd+official+website,,,,https://www.bing.com/search?q=Cowbell+Cyber+Ltd+careers
Cozentus Technologies UK Limited,Harrow,Middlesex,Worker (A rating),Global Business Mobility: Senior or Specialist Worker,,,https://www.bing.com/search?q=Cozentus+Technologies+UK+Limited+official+website,,,,https://www.bing.com/search?q=Cozentus+Technologies+UK+Limited+careers
Cozentus Technologies UK Limited,Harrow,Middlesex,Worker (A rating),Skilled Worker,,,https://www.bing.com/search?q=Cozentus+Technologies+UK+Limited+official+website,,,,https://www.bing.com/search?q=Cozentus+Technologies+UK+Limited+careers
CPI TMD Technologies Ltd,Hayes,Middlesex,Worker (A rating),Skilled Worker,,,https://www.bing.com/search?q=CPI+TMD+Technologies+Ltd+official+website,,,,https://www.bing.com/search?q=CPI+TMD+Technologies+Ltd+careers
Create Digital Solutions Ltd,Harrow,Middlesex,Worker (A rating),Skilled Worker,,,https://www.bing.com/search?q=Create+Digital+Solutions+Ltd+official+website,,,,https://www.bing.com/search?q=Create+Digital+Solutions+Ltd+careers
CREATION LABS AI LTD T.A HYPERMILE,LONDON,,Worker (A rating),Skilled Worker,,,https://www.bing.com/search?q=CREATION+LABS+AI+LTD+T.A+HYPERMILE+official+website,,,,https://www.bing.com/search?q=CREATION+LABS+AI+LTD+T.A+HYPERMILE+careers
Creation Technology Solutions Limited,London,,Worker (A rating),Skilled Worker,,,https://www.bing.com/search?q=Creation+Technology+Solutions+Limited+official+website,,,,https://www.bing.com/search?q=Creation+Technology+Solutions+Limited+careers
Creative Network Consulting Ltd t/a Creative ITC,London,,Worker (A rating),Skilled Worker,,,https://www.bing.com/search?q=Creative+Network+Consulting+Ltd+t%2Fa+Creative+ITC+official+website,,,,https://www.bing.com/search?q=Creative+Network+Consulting+Ltd+t%2Fa+Creative+ITC+careers
CREATIVE NETWORKS LIMITED,Rochdale,,Worker (A rating),Skilled Worker,,,https://www.bing.com/search?q=CREATIVE+NETWORKS+LIMITED+official+website,,,,https://www.bing.com/search?q=CREATIVE+NETWORKS+LIMITED+careers
Creativity Software Ltd,"Kingston upon Thames,",Surrey,Worker (A rating),Skilled Worker,,,https://www.bing.com/search?q=Creativity+Software+Ltd+official+website,,,,https://www.bing.com/search?q=Creativity+Software+Ltd+careers
Creativity Software Ltd,Kingston upon Thames,Surrey,Worker (A rating),Skilled Worker,,,https://www.bing.com/search?q=Creativity+Software+Ltd+official+website,,,,https://www.bing.com/search?q=Creativity+Software+Ltd+careers
Creator Cloud Ltd,Northampton,,Worker (A rating),Skilled Worker,,,https://www.bing.com/search?q=Creator+Cloud+Ltd+official+website,,,,https://www.bing.com/search?q=Creator+Cloud+Ltd+careers
Credit Data Research Ltd,London,,Worker (A rating),Skilled Worker,,,https://www.bing.com/search?q=Credit+Data+Research+Ltd+official+website,,,,https://www.bing.com/search?q=Credit+Data+Research+Ltd+careers
Credit Data Research Ltd,London,,Worker (A rating),Global Business Mobility: Senior or Specialist Worker,,,https://www.bing.com/search?q=Credit+Data+Research+Ltd+official+website,,,,https://www.bing.com/search?q=Credit+Data+Research+Ltd+careers
Credit Data Research Ltd,London,,Temporary Worker (A rating),Global Business Mobility: Graduate Trainee,,,https://www.bing.com/search?q=Credit+Data+Research+Ltd+official+website,,,,https://www.bing.com/search?q=Credit+Data+Research+Ltd+careers
Crednet Technologies Limited UK,Ruslip,London,Worker (A rating),Skilled Worker,,,https://www.bing.com/search?q=Crednet+Technologies+Limited+UK+official+website,,,,https://www.bing.com/search?q=Crednet+Technologies+Limited+UK+careers
Credo Technology Services UK Ltd,Leeds,,Worker (A rating),Skilled Worker,,,https://www.bing.com/search?q=Credo+Technology+Services+UK+Ltd+official+website,,,,https://www.bing.com/search?q=Credo+Technology+Services+UK+Ltd+careers
Cremexchange Technology Ltd,Queenborough,,Worker (A rating),Skilled Worker,,,https://www.bing.com/search?q=Cremexchange+Technology+Ltd+official+website,,,,https://www.bing.com/search?q=Cremexchange+Technology+Ltd+careers
Cremexchange Technology Ltd,Queenborough,,Worker (A rating),Global Business Mobility: UK Expansion Worker,,,https://www.bing.com/search?q=Cremexchange+Technology+Ltd+official+website,,,,https://www.bing.com/search?q=Cremexchange+Technology+Ltd+careers
CREX Technologies Limited,London,,Worker (A rating),Skilled Worker,,,https://www.bing.com/search?q=CREX+Technologies+Limited+official+website,,,,https://www.bing.com/search?q=CREX+Technologies+Limited+careers
Critical Software Ltd,Southampton,Hampshire,Worker (A rating),Global Business Mobility: Senior or Specialist Worker,,,https://www.bing.com/search?q=Critical+Software+Ltd+official+website,,,,https://www.bing.com/search?q=Critical+Software+Ltd+careers
Critical Software Ltd,Southampton,Hampshire,Worker (A rating),Skilled Worker,,,https://www.bing.com/search?q=Critical+Software+Ltd+official+website,,,,https://www.bing.com/search?q=Critical+Software+Ltd+careers
CROESUS DIGITAL MARKETING LIMITED T/A SOCIAL NUCLEUS,Manchester,,Worker (A rating),Skilled Worker,,,https://www.bing.com/search?q=CROESUS+DIGITAL+MARKETING+LIMITED+T%2FA+SOCIAL+NUCLEUS+official+website,,,,https://www.bing.com/search?q=CROESUS+DIGITAL+MARKETING+LIMITED+T%2FA+SOCIAL+NUCLEUS+careers
CROMPTON TECHNOLOGY GROUP LTD,BANBURY,,Worker (A rating),Skilled Worker,,,https://www.bing.com/search?q=CROMPTON+TECHNOLOGY+GROUP+LTD+official+website,,,,https://www.bing.com/search?q=CROMPTON+TECHNOLOGY+GROUP+LTD+careers
Cron AI Ltd,London,,Worker (A rating),Global Business Mobility: Senior or Specialist Worker,,,https://www.bing.com/search?q=Cron+AI+Ltd+official+website,,,,https://www.bing.com/search?q=Cron+AI+Ltd+careers
Cron AI Ltd,London,,Worker (A rating),Skilled Worker,,,https://www.bing.com/search?q=Cron+AI+Ltd+official+website,,,,https://www.bing.com/search?q=Cron+AI+Ltd+careers
Crowd Data Systems Limited,Chelmsford,Essex,Worker (A rating),Skilled Worker,,,https://www.bing.com/search?q=Crowd+Data+Systems+Limited+official+website,,,,https://www.bing.com/search?q=Crowd+Data+Systems+Limited+careers
Crowd Network Limited,Manchester,,Worker (A rating),Skilled Worker,,,https://www.bing.com/search?q=Crowd+Network+Limited+official+website,,,,https://www.bing.com/search?q=Crowd+Network+Limited+careers
Crucible Digital Ltd,London,Greater London,Worker (A rating),Skilled Worker,,,https://www.bing.com/search?q=Crucible+Digital+Ltd+official+website,,,,https://www.bing.com/search?q=Crucible+Digital+Ltd+careers
CrystalMaker Software Ltd,Begbroke,Oxfordshire,Worker (A rating),Skilled Worker,,,https://www.bing.com/search?q=CrystalMaker+Software+Ltd+official+website,,,,https://www.bing.com/search?q=CrystalMaker+Software+Ltd+careers
CSC Computer Sciences Limited,Farnborough,Hampshire,Worker (A rating),Global Business Mobility: Senior or Specialist Worker,,,https://www.bing.com/search?q=CSC+Computer+Sciences+Limited+official+website,,,,https://www.bing.com/search?q=CSC+Computer+Sciences+Limited+careers
CSC Computer Sciences Limited,Farnborough,Hampshire,Worker (A rating),Skilled Worker,,,https://www.bing.com/search?q=CSC+Computer+Sciences+Limited+official+website,,,,https://www.bing.com/search?q=CSC+Computer+Sciences+Limited+careers
CTE Advanced Technologies Ltd,Aylesbury,England,Worker (A rating),Skilled Worker,,,https://www.bing.com/search?q=CTE+Advanced+Technologies+Ltd+official+website,,,,https://www.bing.com/search?q=CTE+Advanced+Technologies+Ltd+careers
CTI Digital Limited,Manchester,,Worker (A rating),Skilled Worker,,,https://www.bing.com/search?q=CTI+Digital+Limited+official+website,,,,https://www.bing.com/search?q=CTI+Digital+Limited+careers
CTO Data Services Group Ltd,London,,Worker (A rating),Skilled Worker,,,https://www.bing.com/search?q=CTO+Data+Services+Group+Ltd+official+website,,,,https://www.bing.com/search?q=CTO+Data+Services+Group+Ltd+careers
Cube Digital Scotland Ltd t/a CubeWraps,Hamilton,,Worker (A rating),Skilled Worker,,,https://www.bing.com/search?q=Cube+Digital+Scotland+Ltd+t%2Fa+CubeWraps+official+website,,,,https://www.bing.com/search?q=Cube+Digital+Scotland+Ltd+t%2Fa+CubeWraps+careers
Cube Technology IT Services Ltd,Harrow,Middlesex,Worker (A rating),Skilled Worker,,,https://www.bing.com/search?q=Cube+Technology+IT+Services+Ltd+official+website,,,,https://www.bing.com/search?q=Cube+Technology+IT+Services+Ltd+careers
Cubewise Software Ltd,Edgware,,Worker (A rating),Skilled Worker,,,https://www.bing.com/search?q=Cubewise+Software+Ltd+official+website,,,,https://www.bing.com/search?q=Cubewise+Software+Ltd+careers
Cultura Technologies Limited,Chorley,Lancashire,Worker (A rating),Skilled Worker,,,https://www.bing.com/search?q=Cultura+Technologies+Limited+official+website,,,,https://www.bing.com/search?q=Cultura+Technologies+Limited+careers
Cultura Technologies Limited,Chorley,Lancashire,Worker (A rating),Global Business Mobility: Senior or Specialist Worker,,,https://www.bing.com/search?q=Cultura+Technologies+Limited+official+website,,,,https://www.bing.com/search?q=Cultura+Technologies+Limited+careers
Curiosity Software Ireland,Oxford,Oxfordshire,Worker (A rating),Skilled Worker,,,https://www.bing.com/search?q=Curiosity+Software+Ireland+official+website,,,,https://www.bing.com/search?q=Curiosity+Software+Ireland+careers
Curve Digital Publishing Limited,London,,Worker (A rating),Skilled Worker,,,https://www.bing.com/search?q=Curve+Digital+Publishing+Limited+official+website,,,,https://www.bing.com/search?q=Curve+Digital+Publishing+Limited+careers
Cusp AI Limited,Cambridge,Cambridgeshire,Worker (A rating),Skilled Worker,,,https://www.bing.com/search?q=Cusp+AI+Limited+official+website,,,,https://www.bing.com/search?q=Cusp+AI+Limited+careers
CVK INFOTECH LTD,Watford,,Worker (A rating),Skilled Worker,,,https://www.bing.com/search?q=CVK+INFOTECH+LTD+official+website,,,,https://www.bing.com/search?q=CVK+INFOTECH+LTD+careers
CYBAGE SOFTWARE UK LIMITED,London,,Worker (A rating),Global Business Mobility: Senior or Specialist Worker,,,https://www.bing.com/search?q=CYBAGE+SOFTWARE+UK+LIMITED+official+website,,,,https://www.bing.com/search?q=CYBAGE+SOFTWARE+UK+LIMITED+careers
CYBAGE SOFTWARE UK LIMITED,London,,Worker (A rating),Skilled Worker,,,https://www.bing.com/search?q=CYBAGE+SOFTWARE+UK+LIMITED+official+website,,,,https://www.bing.com/search?q=CYBAGE+SOFTWARE+UK+LIMITED+careers
Cyber Alarm Limited,London,,Worker (A rating),Skilled Worker,,,https://www.bing.com/search?q=Cyber+Alarm+Limited+official+website,,,,https://www.bing.com/search?q=Cyber+Alarm+Limited+careers
Cyber Prism Limited,London,,Worker (A rating),Skilled Worker,,,https://www.bing.com/search?q=Cyber+Prism+Limited+official+website,,,,https://www.bing.com/search?q=Cyber+Prism+Limited+careers
Cyber Range Ltd,London,,Worker (A rating),Skilled Worker,,,https://www.bing.com/search?q=Cyber+Range+Ltd+official+website,,,,https://www.bing.com/search?q=Cyber+Range+Ltd+careers
Cyber Security Hub Ltd,London,,Worker (A rating),Skilled Worker,,,https://www.bing.com/search?q=Cyber+Security+Hub+Ltd+official+website,,,,https://www.bing.com/search?q=Cyber+Security+Hub+Ltd+careers
CYBER SHEKU LIMITED,LONDON,,Worker (A rating),Skilled Worker,,,https://www.bing.com/search?q=CYBER+SHEKU+LIMITED+official+website,,,,https://www.bing.com/search?q=CYBER+SHEKU+LIMITED+careers
Cyber Strategies Ltd,Potters Bar,,Worker (A rating),Skilled Worker,,,https://www.bing.com/search?q=Cyber+Strategies+Ltd+official+website,,,,https://www.bing.com/search?q=Cyber+Strategies+Ltd+careers
Cyber-Ark Software (UK) Limited,London,,Worker (A rating),Skilled Worker,,,https://www.bing.com/search?q=Cyber-Ark+Software+%28UK%29+Limited+official+website,,,,https://www.bing.com/search?q=Cyber-Ark+Software+%28UK%29+Limited+careers
Cyber-Ark Software (UK) Limited,London,,Worker (A rating),Global Business Mobility: Senior or Specialist Worker,,,https://www.bing.com/search?q=Cyber-Ark+Software+%28UK%29+Limited+official+website,,,,https://www.bing.com/search?q=Cyber-Ark+Software+%28UK%29+Limited+careers
Cyber-Weld,Southam,,Worker (A rating),Skilled Worker,,,https://www.bing.com/search?q=Cyber-Weld+official+website,,,,https://www.bing.com/search?q=Cyber-Weld+careers
Cybersys Technologies Ltd,London,,Worker (A rating),Skilled Worker,,,https://www.bing.com/search?q=Cybersys+Technologies+Ltd+official+website,,,,https://www.bing.com/search?q=Cybersys+Technologies+Ltd+careers
Cygnet Infotech Limited,London,,Worker (A rating),Global Business Mobility: Senior or Specialist Worker,,,https://www.bing.com/search?q=Cygnet+Infotech+Limited+official+website,,,,https://www.bing.com/search?q=Cygnet+Infotech+Limited+careers
Cygnet Infotech Limited,London,,Worker (A rating),Skilled Worker,,,https://www.bing.com/search?q=Cygnet+Infotech+Limited+official+website,,,,https://www.bing.com/search?q=Cygnet+Infotech+Limited+careers
Cymar Computer Ltd,London,,Worker (A rating),Skilled Worker,,,https://www.bing.com/search?q=Cymar+Computer+Ltd+official+website,,,,https://www.bing.com/search?q=Cymar+Computer+Ltd+careers
Cytel Statistical Services and Software UK Limited,London,,Worker (A rating),Global Business Mobility: Senior or Specialist Worker,,,https://www.bing.com/search?q=Cytel+Statistical+Services+and+Software+UK+Limited+official+website,,,,https://www.bing.com/search?q=Cytel+Statistical+Services+and+Software+UK+Limited+careers
Cytel Statistical Services and Software UK Limited,London,,Worker (A rating),Skilled Worker,,,https://www.bing.com/search?q=Cytel+Statistical+Services+and+Software+UK+Limited+official+website,,,,https://www.bing.com/search?q=Cytel+Statistical+Services+and+Software+UK+Limited+careers
CYZ SOFTWARE CONSULTANCY LTD,Bristol,England,Worker (A rating),Skilled Worker,,,https://www.bing.com/search?q=CYZ+SOFTWARE+CONSULTANCY+LTD+official+website,,,,https://www.bing.com/search?q=CYZ+SOFTWARE+CONSULTANCY+LTD+careers
D2 Legal Technology Ltd,London,,Worker (A rating),Global Business Mobility: Senior or Specialist Worker,,,https://www.bing.com/search?q=D2+Legal+Technology+Ltd+official+website,,,,https://www.bing.com/search?q=D2+Legal+Technology+Ltd+careers
D2 Legal Technology Ltd,London,,Worker (A rating),Skilled Worker,,,https://www.bing.com/search?q=D2+Legal+Technology+Ltd+official+website,,,,https://www.bing.com/search?q=D2+Legal+Technology+Ltd+careers
D2 Network Associates Limited,Stoke on Trent,,Worker (A rating),Skilled Worker,,,https://www.bing.com/search?q=D2+Network+Associates+Limited+official+website,,,,https://www.bing.com/search?q=D2+Network+Associates+Limited+careers
D2I DATA MANAGEMENT LIMITED,Wembley,,Worker (A rating),Skilled Worker,,,https://www.bing.com/search?q=D2I+DATA+MANAGEMENT+LIMITED+official+website,,,,https://www.bing.com/search?q=D2I+DATA+MANAGEMENT+LIMITED+careers
Daella Digital LTD,Aberdeen,Scotland,Worker (A rating),Skilled Worker,,,https://www.bing.com/search?q=Daella+Digital+LTD+official+website,,,,https://www.bing.com/search?q=Daella+Digital+LTD+careers
Dahua Technology UK Limited,Maidenhead,,Worker (A rating),Global Business Mobility: Senior or Specialist Worker,,,https://www.bing.com/search?q=Dahua+Technology+UK+Limited+official+website,,,,https://www.bing.com/search?q=Dahua+Technology+UK+Limited+careers
Dahua Technology UK Limited,Maidenhead,,Worker (A rating),Skilled Worker,,,https://www.bing.com/search?q=Dahua+Technology+UK+Limited+official+website,,,,https://www.bing.com/search?q=Dahua+Technology+UK+Limited+careers
Daisymill Technologies Limited,Salford,,Worker (A rating),Skilled Worker,,,https://www.bing.com/search?q=Daisymill+Technologies+Limited+official+website,,,,https://www.bing.com/search?q=Daisymill+Technologies+Limited+careers
Danger Farms Software Ltd,London,,Worker (A rating),Skilled Worker,,,https://www.bing.com/search?q=Danger+Farms+Software+Ltd+official+website,,,,https://www.bing.com/search?q=Danger+Farms+Software+Ltd+careers
DANLEO TELECOM SERVICES LIMITED,London,,Worker (A rating),Skilled Worker,,,https://www.bing.com/search?q=DANLEO+TELECOM+SERVICES+LIMITED+official+website,,,,https://www.bing.com/search?q=DANLEO+TELECOM+SERVICES+LIMITED+careers
Daphne Technologies Ltd,London,,Worker (A rating),Skilled Worker,,,https://www.bing.com/search?q=Daphne+Technologies+Ltd+official+website,,,,https://www.bing.com/search?q=Daphne+Technologies+Ltd+careers
DARK AND CLOUD LTD,LONDON,,Worker (A rating),Skilled Worker,,,https://www.bing.com/search?q=DARK+AND+CLOUD+LTD+official+website,,,,https://www.bing.com/search?q=DARK+AND+CLOUD+LTD+careers
Dark Horse Digital Ltd,Altrincham,,Worker (A rating),Skilled Worker,,,https://www.bing.com/search?q=Dark+Horse+Digital+Ltd+official+website,,,,https://www.bing.com/search?q=Dark+Horse+Digital+Ltd+careers
DART INFOTECH LIMITED,Bromley,,Worker (A rating),Skilled Worker,,,https://www.bing.com/search?q=DART+INFOTECH+LIMITED+official+website,,,,https://www.bing.com/search?q=DART+INFOTECH+LIMITED+careers
Darwin Evolution Technologies Ltd,London,,Worker (A rating),Skilled Worker,,,https://www.bing.com/search?q=Darwin+Evolution+Technologies+Ltd+official+website,,,,https://www.bing.com/search?q=Darwin+Evolution+Technologies+Ltd+careers
Data 1St Ltd,SWINDON,,Worker (A rating),Skilled Worker,,,https://www.bing.com/search?q=Data+1St+Ltd+official+website,,,,https://www.bing.com/search?q=Data+1St+Ltd+careers
DATA ANALYTICS & VISUALISATION LIMITED,Rickmansworth,Hertfordshire,Worker (A rating),Skilled Worker,,,https://www.bing.com/search?q=DATA+ANALYTICS+%26+VISUALISATION+LIMITED+official+website,,,,https://www.bing.com/search?q=DATA+ANALYTICS+%26+VISUALISATION+LIMITED+careers
Data and Marketing Association Ltd,London,,Worker (A rating),Skilled Worker,,,https://www.bing.com/search?q=Data+and+Marketing+Association+Ltd+official+website,,,,https://www.bing.com/search?q=Data+and+Marketing+Association+Ltd+careers
Data Care Solutions,Hayes,,Worker (A rating),Skilled Worker,,,https://www.bing.com/search?q=Data+Care+Solutions+official+website,,,,https://www.bing.com/search?q=Data+Care+Solutions+careers
Data Center Erith Limited,Erith,,Worker (A rating),Global Business Mobility: Senior or Specialist Worker,,,https://www.bing.com/search?q=Data+Center+Erith+Limited+official+website,,,,https://www.bing.com/search?q=Data+Center+Erith+Limited+careers
Data Center Erith Limited,Erith,,Worker (A rating),Skilled Worker,,,https://www.bing.com/search?q=Data+Center+Erith+Limited+official+website,,,,https://www.bing.com/search?q=Data+Center+Erith+Limited+careers
Data Centre Dynamics Limited,LONDON,,Worker (A rating),Global Business Mobility: Senior or Specialist Worker,,,https://www.bing.com/search?q=Data+Centre+Dynamics+Limited+official+website,,,,https://www.bing.com/search?q=Data+Centre+Dynamics+Limited+careers
Data Centre Dynamics Limited,LONDON,,Worker (A rating),Skilled Worker,,,https://www.bing.com/search?q=Data+Centre+Dynamics+Limited+official+website,,,,https://www.bing.com/search?q=Data+Centre+Dynamics+Limited+careers
Data Clarity Limited,Derby,,Worker (A rating),Skilled Worker,,,https://www.bing.com/search?q=Data+Clarity+Limited+official+website,,,,https://www.bing.com/search?q=Data+Clarity+Limited+careers
Data Cloud Ltd,London,,Worker (A rating),Skilled Worker,,,https://www.bing.com/search?q=Data+Cloud+Ltd+official+website,,,,https://www.bing.com/search?q=Data+Cloud+Ltd+careers
Data Connect Solutions Ltd,Reading,,Worker (A rating),Skilled Worker,,,https://www.bing.com/search?q=Data+Connect+Solutions+Ltd+official+website,,,,https://www.bing.com/search?q=Data+Connect+Solutions+Ltd+careers
Data Conversion Systems Limited,Swavesey,Cambridgeshire,Worker (A rating),Skilled Worker,,,https://www.bing.com/search?q=Data+Conversion+Systems+Limited+official+website,,,,https://www.bing.com/search?q=Data+Conversion+Systems+Limited+careers
Data Cubed Limited,Bristol,,Worker (A rating),Skilled Worker,,,https://www.bing.com/search?q=Data+Cubed+Limited+official+website,,,,https://www.bing.com/search?q=Data+Cubed+Limited+careers
Data Design Solutions Limited,Iver,Buckinghamshire,Worker (A rating),Skilled Worker,,,https://www.bing.com/search?q=Data+Design+Solutions+Limited+official+website,,,,https://www.bing.com/search?q=Data+Design+Solutions+Limited+careers
DATA ENERGY MANAGEMENT SERVICES LIMITED,Hertfordshire,,Worker (A rating),Skilled Worker,,,https://www.bing.com/search?q=DATA+ENERGY+MANAGEMENT+SERVICES+LIMITED+official+website,,,,https://www.bing.com/search?q=DATA+ENERGY+MANAGEMENT+SERVICES+LIMITED+careers
Data Engineering Project Limited,Glasgow,,Worker (A rating),Skilled Worker,,,https://www.bing.com/search?q=Data+Engineering+Project+Limited+official+website,,,,https://www.bing.com/search?q=Data+Engineering+Project+Limited+careers
DATA FIDELITY PVT LTD,London,,Worker (A rating),Skilled Worker,,,https://www.bing.com/search?q=DATA+FIDELITY+PVT+LTD+official+website,,,,https://www.bing.com/search?q=DATA+FIDELITY+PVT+LTD+careers
Data HQ Ltd,Chelmsford,Essex,Worker (A rating),Skilled Worker,,,https://www.bing.com/search?q=Data+HQ+Ltd+official+website,,,,https://www.bing.com/search?q=Data+HQ+Ltd+careers
Data Inc UK Ltd,London,,Worker (A rating),Skilled Worker,,,https://www.bing.com/search?q=Data+Inc+UK+Ltd+official+website,,,,https://www.bing.com/search?q=Data+Inc+UK+Ltd+careers
Data Intellect Services Limited,Belfast,,Worker (A rating),Skilled Worker,,,https://www.bing.com/search?q=Data+Intellect+Services+Limited+official+website,,,,https://www.bing.com/search?q=Data+Intellect+Services+Limited+careers
Data Intelligance Services Ltd,London,,Worker (A rating),Skilled Worker,,,https://www.bing.com/search?q=Data+Intelligance+Services+Ltd+official+website,,,,https://www.bing.com/search?q=Data+Intelligance+Services+Ltd+careers
Data Intensity Limited,Chelmsford,Essex,Worker (A rating),Skilled Worker,,,https://www.bing.com/search?q=Data+Intensity+Limited+official+website,,,,https://www.bing.com/search?q=Data+Intensity+Limited+careers
Data Intensity Limited,Chelmsford,Essex,Worker (A rating),Global Business Mobility: Senior or Specialist Worker,,,https://www.bing.com/search?q=Data+Intensity+Limited+official+website,,,,https://www.bing.com/search?q=Data+Intensity+Limited+careers
Data Interconnect Ltd,Watchfield,Oxon,Worker (A rating),Skilled Worker,,,https://www.bing.com/search?q=Data+Interconnect+Ltd+official+website,,,,https://www.bing.com/search?q=Data+Interconnect+Ltd+careers
Data Kraken Consultancy Ltd,Oxford,,Worker (A rating),Skilled Worker,,,https://www.bing.com/search?q=Data+Kraken+Consultancy+Ltd+official+website,,,,https://www.bing.com/search?q=Data+Kraken+Consultancy+Ltd+careers
Data Market Information Technology Ltd,London,,Worker (A rating),Skilled Worker,,,https://www.bing.com/search?q=Data+Market+Information+Technology+Ltd+official+website,,,,https://www.bing.com/search?q=Data+Market+Information+Technology+Ltd+careers
Data OPS Limited,Radlett,Hertfordshire,Worker (A rating),Skilled Worker,,,https://www.bing.com/search?q=Data+OPS+Limited+official+website,,,,https://www.bing.com/search?q=Data+OPS+Limited+careers
Data Physics (UK) Ltd,Hailsham,,Worker (A rating),Skilled Worker,,,https://www.bing.com/search?q=Data+Physics+%28UK%29+Ltd+official+website,,,,https://www.bing.com/search?q=Data+Physics+%28UK%29+Ltd+careers
Data Privacy Simplified Ltd,Bedford,,Worker (A rating),Skilled Worker,,,https://www.bing.com/search?q=Data+Privacy+Simplified+Ltd+official+website,,,,https://www.bing.com/search?q=Data+Privacy+Simplified+Ltd+careers
Data Protection People Limited,Leeds,,Worker (A rating),Skilled Worker,,,https://www.bing.com/search?q=Data+Protection+People+Limited+official+website,,,,https://www.bing.com/search?q=Data+Protection+People+Limited+careers
Data Science Central UK Ltd.,London,,Worker (A rating),Skilled Worker,,,https://www.bing.com/search?q=Data+Science+Central+UK+Ltd.+official+website,,,,https://www.bing.com/search?q=Data+Science+Central+UK+Ltd.+careers
Data Science Central UK Ltd.,London,,Worker (A rating),Global Business Mobility: Senior or Specialist Worker,,,https://www.bing.com/search?q=Data+Science+Central+UK+Ltd.+official+website,,,,https://www.bing.com/search?q=Data+Science+Central+UK+Ltd.+careers
DATA SIP LIMITED,Glasgow,,Worker (A rating),Skilled Worker,,,https://www.bing.com/search?q=DATA+SIP+LIMITED+official+website,,,,https://www.bing.com/search?q=DATA+SIP+LIMITED+careers
Data Socket Limited,London,,Worker (A rating),Skilled Worker,,,https://www.bing.com/search?q=Data+Socket+Limited+official+website,,,,https://www.bing.com/search?q=Data+Socket+Limited+careers
Data Solutionz Limited,Milton Keynes,Buckinghamshire,Worker (A rating),Skilled Worker,,,https://www.bing.com/search?q=Data+Solutionz+Limited+official+website,,,,https://www.bing.com/search?q=Data+Solutionz+Limited+careers
Data Spartan Limited,London,,Worker (A rating),Skilled Worker,,,https://www.bing.com/search?q=Data+Spartan+Limited+official+website,,,,https://www.bing.com/search?q=Data+Spartan+Limited+careers
Data Superstore (MCR) Ltd,Manchester,,Worker (A rating),Skilled Worker,,,https://www.bing.com/search?q=Data+Superstore+%28MCR%29+Ltd+official+website,,,,https://www.bing.com/search?q=Data+Superstore+%28MCR%29+Ltd+careers
Data Technology Limited,Rickmansworth,,Worker (A rating),Skilled Worker,,,https://www.bing.com/search?q=Data+Technology+Limited+official+website,,,,https://www.bing.com/search?q=Data+Technology+Limited+careers
Data Theorem Limited,London,,Worker (A rating),Global Business Mobility: Senior or Specialist Worker,,,https://www.bing.com/search?q=Data+Theorem+Limited+official+website,,,,https://www.bing.com/search?q=Data+Theorem+Limited+careers
Data Theorem Limited,London,,Worker (A rating),Skilled Worker,,,https://www.bing.com/search?q=Data+Theorem+Limited+official+website,,,,https://www.bing.com/search?q=Data+Theorem+Limited+careers
DATA TRANS TECHNOLOGIES LIMITED,HOUNSLOW,,Worker (A rating),Skilled Worker,,,https://www.bing.com/search?q=DATA+TRANS+TECHNOLOGIES+LIMITED+official+website,,,,https://www.bing.com/search?q=DATA+TRANS+TECHNOLOGIES+LIMITED+careers
Data Trek Technologies Ltd,London,,Worker (A rating),Skilled Worker,,,https://www.bing.com/search?q=Data+Trek+Technologies+Ltd+official+website,,,,https://www.bing.com/search?q=Data+Trek+Technologies+Ltd+careers
DATA TRIALS SOLUTIONS LTD,Milton Keynes,,Worker (A rating),Skilled Worker,,,https://www.bing.com/search?q=DATA+TRIALS+SOLUTIONS+LTD+official+website,,,,https://www.bing.com/search?q=DATA+TRIALS+SOLUTIONS+LTD+careers
DATA VISION SERVICES LTD,London,,Worker (A rating),Skilled Worker,,,https://www.bing.com/search?q=DATA+VISION+SERVICES+LTD+official+website,,,,https://www.bing.com/search?q=DATA+VISION+SERVICES+LTD+careers
Data Vity Innovations T/A The Data City,Ilkely,West Yorkshire,Worker (A rating),Skilled Worker,,,https://www.bing.com/search?q=Data+Vity+Innovations+T%2FA+The+Data+City+official+website,,,,https://www.bing.com/search?q=Data+Vity+Innovations+T%2FA+The+Data+City+careers
Data Yield Limited,Milton Keynes,,Worker (A rating),Skilled Worker,,,https://www.bing.com/search?q=Data+Yield+Limited+official+website,,,,https://www.bing.com/search?q=Data+Yield+Limited+careers
DataArt Technologies UK Ltd,London,,Worker (A rating),Skilled Worker,,,https://www.bing.com/search?q=DataArt+Technologies+UK+Ltd+official+website,,,,https://www.bing.com/search?q=DataArt+Technologies+UK+Ltd+careers
Datamatics Infotech Limited,Slough,Berkshire,Worker (A rating),Global Business Mobility: Senior or Specialist Worker,,,https://www.bing.com/search?q=Datamatics+Infotech+Limited+official+website,,,,https://www.bing.com/search?q=Datamatics+Infotech+Limited+careers
Datamatics Infotech Limited,Slough,Berkshire,Worker (A rating),Skilled Worker,,,https://www.bing.com/search?q=Datamatics+Infotech+Limited+official+website,,,,https://www.bing.com/search?q=Datamatics+Infotech+Limited+careers
Datamato Technologies Limited,Greater London,London,Worker (A rating),Global Business Mobility: Senior or Specialist Worker,,,https://www.bing.com/search?q=Datamato+Technologies+Limited+official+website,,,,https://www.bing.com/search?q=Datamato+Technologies+Limited+careers
Datamato Technologies Limited,Greater London,London,Worker (A rating),Skilled Worker,,,https://www.bing.com/search?q=Datamato+Technologies+Limited+official+website,,,,https://www.bing.com/search?q=Datamato+Technologies+Limited+careers
Datashrubs Technologies Ltd,Ilford,Essex,Worker (A rating),Skilled Worker,,,https://www.bing.com/search?q=Datashrubs+Technologies+Ltd+official+website,,,,https://www.bing.com/search?q=Datashrubs+Technologies+Ltd+careers
DATAZONE TECHNOLOGIES LIMITED,London,,Worker (A rating),Skilled Worker,,,https://www.bing.com/search?q=DATAZONE+TECHNOLOGIES+LIMITED+official+website,,,,https://www.bing.com/search?q=DATAZONE+TECHNOLOGIES+LIMITED+careers
Datel Computing Limited,Warrington,,Worker (A rating),Skilled Worker,,,https://www.bing.com/search?q=Datel+Computing+Limited+official+website,,,,https://www.bing.com/search?q=Datel+Computing+Limited+careers
DAVETHAN TECHNOLOGIES LIMITED,London,,Worker (A rating),Skilled Worker,,,https://www.bing.com/search?q=DAVETHAN+TECHNOLOGIES+LIMITED+official+website,,,,https://www.bing.com/search?q=DAVETHAN+TECHNOLOGIES+LIMITED+careers
DAWN TECHNOLOGIES LTD,London,,Worker (A rating),Skilled Worker,,,https://www.bing.com/search?q=DAWN+TECHNOLOGIES+LTD+official+website,,,,https://www.bing.com/search?q=DAWN+TECHNOLOGIES+LTD+careers
Daxtra Technologies Ltd,Musselburgh,,Worker (A rating),Skilled Worker,,,https://www.bing.com/search?q=Daxtra+Technologies+Ltd+official+website,,,,https://www.bing.com/search?q=Daxtra+Technologies+Ltd+careers
DAY TECHNOLOGIES LTD/ Trading name Duty Refunds,London,,Worker (A rating),Skilled Worker,,,https://www.bing.com/search?q=DAY+TECHNOLOGIES+LTD%2F+Trading+name+Duty+Refunds+official+website,,,,https://www.bing.com/search?q=DAY+TECHNOLOGIES+LTD%2F+Trading+name+Duty+Refunds+careers
Dayshape Software Ltd,Edinburgh,,Worker (A rating),Skilled Worker,,,https://www.bing.com/search?q=Dayshape+Software+Ltd+official+website,,,,https://www.bing.com/search?q=Dayshape+Software+Ltd+careers
DBT Telecom Limited,Kettering,,Worker (A rating),Skilled Worker,,,https://www.bing.com/search?q=DBT+Telecom+Limited+official+website,,,,https://www.bing.com/search?q=DBT+Telecom+Limited+careers
DC Voltage Gradient Technology and Supply Ltd,Hindley Green,Wigan,Worker (A rating),Skilled Worker,,,https://www.bing.com/search?q=DC+Voltage+Gradient+Technology+and+Supply+Ltd+official+website,,,,https://www.bing.com/search?q=DC+Voltage+Gradient+Technology+and+Supply+Ltd+careers
DCM Technologies Limited,London,,Worker (A rating),Skilled Worker,,,https://www.bing.com/search?q=DCM+Technologies+Limited+official+website,,,,https://www.bing.com/search?q=DCM+Technologies+Limited+careers
Dcube Technologies Ltd,Reading,,Worker (A rating),Skilled Worker,,,https://www.bing.com/search?q=Dcube+Technologies+Ltd+official+website,,,,https://www.bing.com/search?q=Dcube+Technologies+Ltd+careers
DCV Technologies Limited,Hemel Hempstead,,Worker (A rating),Skilled Worker,,,https://www.bing.com/search?q=DCV+Technologies+Limited+official+website,,,,https://www.bing.com/search?q=DCV+Technologies+Limited+careers
Decagon AI UK Ltd,London,,Worker (A rating),Global Business Mobility: Senior or Specialist Worker,,,https://www.bing.com/search?q=Decagon+AI+UK+Ltd+official+website,,,,https://www.bing.com/search?q=Decagon+AI+UK+Ltd+careers
Decagon AI UK Ltd,London,,Worker (A rating),Skilled Worker,,,https://www.bing.com/search?q=Decagon+AI+UK+Ltd+official+website,,,,https://www.bing.com/search?q=Decagon+AI+UK+Ltd+careers
DECILLION DIGITAL LIMITED,Brentford,,Worker (A rating),Skilled Worker,,,https://www.bing.com/search?q=DECILLION+DIGITAL+LIMITED+official+website,,,,https://www.bing.com/search?q=DECILLION+DIGITAL+LIMITED+careers
Decimal Technologies Ltd,Bedford,Bedfordshire,Worker (A rating),Skilled Worker,,,https://www.bing.com/search?q=Decimal+Technologies+Ltd+official+website,,,,https://www.bing.com/search?q=Decimal+Technologies+Ltd+careers
Decision Technology limited,London,,Worker (A rating),Skilled Worker,,,https://www.bing.com/search?q=Decision+Technology+limited+official+website,,,,https://www.bing.com/search?q=Decision+Technology+limited+careers
Decypher Technologies UK Limited,Cardiff,,Worker (A rating),Skilled Worker,,,https://www.bing.com/search?q=Decypher+Technologies+UK+Limited+official+website,,,,https://www.bing.com/search?q=Decypher+Technologies+UK+Limited+careers
Deepmay Technologies Limited,Birmingham,,Worker (A rating),Skilled Worker,,,https://www.bing.com/search?q=Deepmay+Technologies+Limited+official+website,,,,https://www.bing.com/search?q=Deepmay+Technologies+Limited+careers
Deepsea Technologies UK Ltd,Bromborough,WIRRAL,Worker (A rating),Skilled Worker,,,https://www.bing.com/search?q=Deepsea+Technologies+UK+Ltd+official+website,,,,https://www.bing.com/search?q=Deepsea+Technologies+UK+Ltd+careers
Deevi Technologies Ltd,Leeds,,Worker (A rating),Skilled Worker,,,https://www.bing.com/search?q=Deevi+Technologies+Ltd+official+website,,,,https://www.bing.com/search?q=Deevi+Technologies+Ltd+careers
Deimos Cloud Ltd,London,,Worker (A rating),Skilled Worker,,,https://www.bing.com/search?q=Deimos+Cloud+Ltd+official+website,,,,https://www.bing.com/search?q=Deimos+Cloud+Ltd+careers
Delaware Digital LLP,London,,Worker (A rating),Skilled Worker,,,https://www.bing.com/search?q=Delaware+Digital+LLP+official+website,,,,https://www.bing.com/search?q=Delaware+Digital+LLP+careers
DELISYS TECHNOLOGIES LTD,NOTTINGHAM,,Worker (A rating),Skilled Worker,,,https://www.bing.com/search?q=DELISYS+TECHNOLOGIES+LTD+official+website,,,,https://www.bing.com/search?q=DELISYS+TECHNOLOGIES+LTD+careers
Delivers.AI LTD,Warwick,,Worker (A rating),Skilled Worker,https://delivers.ai,derived_from_company_name_domain,https://www.bing.com/search?q=Delivers.AI+LTD+official+website,,https://delivers.ai,https://delivers.ai/careers,https://www.bing.com/search?q=Delivers.AI+LTD+careers
Delphix Software Limited,Bracknell,Oldbury,Worker (A rating),Skilled Worker,,,https://www.bing.com/search?q=Delphix+Software+Limited+official+website,,,,https://www.bing.com/search?q=Delphix+Software+Limited+careers
Deltaclass Technology Solutions Limited,Slough,Berkshire,Worker (A rating),Skilled Worker,,,https://www.bing.com/search?q=Deltaclass+Technology+Solutions+Limited+official+website,,,,https://www.bing.com/search?q=Deltaclass+Technology+Solutions+Limited+careers
Denisa Telecom Limited,Horsham,West Sussex,Worker (A rating),Skilled Worker,,,https://www.bing.com/search?q=Denisa+Telecom+Limited+official+website,,,,https://www.bing.com/search?q=Denisa+Telecom+Limited+careers
Denodo Technologies LTD,London,,Worker (A rating),Global Business Mobility: Senior or Specialist Worker,,,https://www.bing.com/search?q=Denodo+Technologies+LTD+official+website,,,,https://www.bing.com/search?q=Denodo+Technologies+LTD+careers
Denodo Technologies LTD,London,,Worker (A rating),Skilled Worker,,,https://www.bing.com/search?q=Denodo+Technologies+LTD+official+website,,,,https://www.bing.com/search?q=Denodo+Technologies+LTD+careers
DENUKAN NETWORK UK BR. LTD,Chelmsford,,Worker (A rating),Skilled Worker,,,https://www.bing.com/search?q=DENUKAN+NETWORK+UK+BR.+LTD+official+website,,,,https://www.bing.com/search?q=DENUKAN+NETWORK+UK+BR.+LTD+careers
"Department for Science, Innovation and Technology",London,,Worker (A rating),Skilled Worker,,,https://www.bing.com/search?q=Department+for+Science%2C+Innovation+and+Technology+official+website,,,,https://www.bing.com/search?q=Department+for+Science%2C+Innovation+and+Technology+careers
Deriv Technologies Limited,Reading,,Worker (A rating),Skilled Worker,,,https://www.bing.com/search?q=Deriv+Technologies+Limited+official+website,,,,https://www.bing.com/search?q=Deriv+Technologies+Limited+careers
Despatch Cloud Ltd,Driffield,Yorkshire,Worker (A rating),Skilled Worker,,,https://www.bing.com/search?q=Despatch+Cloud+Ltd+official+website,,,,https://www.bing.com/search?q=Despatch+Cloud+Ltd+careers
Devbox Technologies Limited,London,,Worker (A rating),Skilled Worker,,,https://www.bing.com/search?q=Devbox+Technologies+Limited+official+website,,,,https://www.bing.com/search?q=Devbox+Technologies+Limited+careers
Devbox Technologies Limited,London,,Worker (A rating),Global Business Mobility: Senior or Specialist Worker,,,https://www.bing.com/search?q=Devbox+Technologies+Limited+official+website,,,,https://www.bing.com/search?q=Devbox+Technologies+Limited+careers
Develop-IT Software Limited,Bishop's Stortford,England,Worker (A rating),Skilled Worker,,,https://www.bing.com/search?q=Develop-IT+Software+Limited+official+website,,,,https://www.bing.com/search?q=Develop-IT+Software+Limited+careers
Dever Software Ltd,Cullompton,Devon,Worker (A rating),Skilled Worker,,,https://www.bing.com/search?q=Dever+Software+Ltd+official+website,,,,https://www.bing.com/search?q=Dever+Software+Ltd+careers
Devi Technologies Limited,Bimingham,West Midlands,Worker (A rating),Scale-up,,,https://www.bing.com/search?q=Devi+Technologies+Limited+official+website,,,,https://www.bing.com/search?q=Devi+Technologies+Limited+careers
Devi Technologies Limited,Bimingham,West Midlands,Worker (A rating),Skilled Worker,,,https://www.bing.com/search?q=Devi+Technologies+Limited+official+website,,,,https://www.bing.com/search?q=Devi+Technologies+Limited+careers
Deviate Digital LTD,London,,Worker (A rating),Skilled Worker,,,https://www.bing.com/search?q=Deviate+Digital+LTD+official+website,,,,https://www.bing.com/search?q=Deviate+Digital+LTD+careers
Devolver Digital Games Limited,London,,Worker (A rating),Skilled Worker,,,https://www.bing.com/search?q=Devolver+Digital+Games+Limited+official+website,,,,https://www.bing.com/search?q=Devolver+Digital+Games+Limited+careers
Dew Technology Limited,Surbiton,,Worker (A rating),Skilled Worker,,,https://www.bing.com/search?q=Dew+Technology+Limited+official+website,,,,https://www.bing.com/search?q=Dew+Technology+Limited+careers
Dext Software Limited,London,,Worker (A rating),Skilled Worker,,,https://www.bing.com/search?q=Dext+Software+Limited+official+website,,,,https://www.bing.com/search?q=Dext+Software+Limited+careers
Dext Software Limited,London,,Worker (A rating),Global Business Mobility: Senior or Specialist Worker,,,https://www.bing.com/search?q=Dext+Software+Limited+official+website,,,,https://www.bing.com/search?q=Dext+Software+Limited+careers
DG-UK GLOBAL MANAGEMENT & TECHNOLOGY LTD,Harrow,,Worker (A rating),Skilled Worker,,,https://www.bing.com/search?q=DG-UK+GLOBAL+MANAGEMENT+%26+TECHNOLOGY+LTD+official+website,,,,https://www.bing.com/search?q=DG-UK+GLOBAL+MANAGEMENT+%26+TECHNOLOGY+LTD+careers
DGR DIGITAL LTD,London,,Worker (A rating),Skilled Worker,,,https://www.bing.com/search?q=DGR+DIGITAL+LTD+official+website,,,,https://www.bing.com/search?q=DGR+DIGITAL+LTD+careers
DH TELECOM FIBER OPTIC LTD,LONDON,,Worker (A rating),Skilled Worker,,,https://www.bing.com/search?q=DH+TELECOM+FIBER+OPTIC+LTD+official+website,,,,https://www.bing.com/search?q=DH+TELECOM+FIBER+OPTIC+LTD+careers
DHARMIK DIGITAL SOLUTIONS LTD,London,,Worker (A rating),Skilled Worker,,,https://www.bing.com/search?q=DHARMIK+DIGITAL+SOLUTIONS+LTD+official+website,,,,https://www.bing.com/search?q=DHARMIK+DIGITAL+SOLUTIONS+LTD+careers
DIAMOND PLUS TELECOM LTD,ILFORD,,Worker (A rating),Skilled Worker,,,https://www.bing.com/search?q=DIAMOND+PLUS+TELECOM+LTD+official+website,,,,https://www.bing.com/search?q=DIAMOND+PLUS+TELECOM+LTD+careers
Diaspora African Women's Support Network CIC,Glasgow,,Worker (A rating),Skilled Worker,,,https://www.bing.com/search?q=Diaspora+African+Women%27s+Support+Network+CIC+official+website,,,,https://www.bing.com/search?q=Diaspora+African+Women%27s+Support+Network+CIC+careers
Diazone Computer Services Ltd,Sale,Greater Manchester,Worker (A rating),Skilled Worker,,,https://www.bing.com/search?q=Diazone+Computer+Services+Ltd+official+website,,,,https://www.bing.com/search?q=Diazone+Computer+Services+Ltd+careers
Digi Technology Limited,Hatfield,,Worker (A rating),Skilled Worker,,,https://www.bing.com/search?q=Digi+Technology+Limited+official+website,,,,https://www.bing.com/search?q=Digi+Technology+Limited+careers
Digit Audio Technology Ltd,Leigh On Sea,Essex,Worker (A rating),Skilled Worker,,,https://www.bing.com/search?q=Digit+Audio+Technology+Ltd+official+website,,,,https://www.bing.com/search?q=Digit+Audio+Technology+Ltd+careers
DIGITAL (I) TECHNOLOGIES LTD,Preston,,Worker (A rating),Skilled Worker,,,https://www.bing.com/search?q=DIGITAL+%28I%29+TECHNOLOGIES+LTD+official+website,,,,https://www.bing.com/search?q=DIGITAL+%28I%29+TECHNOLOGIES+LTD+careers
DIGITAL AD CONSULTANT LTD,Stoke-On-Trent,Staffordshire,Worker (A rating),Skilled Worker,,,https://www.bing.com/search?q=DIGITAL+AD+CONSULTANT+LTD+official+website,,,,https://www.bing.com/search?q=DIGITAL+AD+CONSULTANT+LTD+careers
DIGITAL AGE PROFESSIONALS ENTERPRISE LIMITED,West Midlands,,Worker (A rating),Skilled Worker,,,https://www.bing.com/search?q=DIGITAL+AGE+PROFESSIONALS+ENTERPRISE+LIMITED+official+website,,,,https://www.bing.com/search?q=DIGITAL+AGE+PROFESSIONALS+ENTERPRISE+LIMITED+careers
Digital Apple UK Ltd,London,,Worker (A rating),Skilled Worker,,,https://www.bing.com/search?q=Digital+Apple+UK+Ltd+official+website,,,,https://www.bing.com/search?q=Digital+Apple+UK+Ltd+careers
Digital Applications International Limited,STOCKPORT,,Worker (A rating),Global Business Mobility: Senior or Specialist Worker,,,https://www.bing.com/search?q=Digital+Applications+International+Limited+official+website,,,,https://www.bing.com/search?q=Digital+Applications+International+Limited+careers
Digital Applications International Limited,STOCKPORT,,Worker (A rating),Skilled Worker,,,https://www.bing.com/search?q=Digital+Applications+International+Limited+official+website,,,,https://www.bing.com/search?q=Digital+Applications+International+Limited+careers
Digital Arts Studios,Belfast,,Temporary Worker (A rating),Creative Worker,,,https://www.bing.com/search?q=Digital+Arts+Studios+official+website,,,,https://www.bing.com/search?q=Digital+Arts+Studios+careers
Digital Back Office Limited,Harrow,,Worker (A rating),Skilled Worker,,,https://www.bing.com/search?q=Digital+Back+Office+Limited+official+website,,,,https://www.bing.com/search?q=Digital+Back+Office+Limited+careers
Digital Boutique Limited,Hamilton,Scotland,Worker (A rating),Skilled Worker,,,https://www.bing.com/search?q=Digital+Boutique+Limited+official+website,,,,https://www.bing.com/search?q=Digital+Boutique+Limited+careers
Digital Buying Partners Limited,Slough,Berkshire,Worker (A rating),Skilled Worker,,,https://www.bing.com/search?q=Digital+Buying+Partners+Limited+official+website,,,,https://www.bing.com/search?q=Digital+Buying+Partners+Limited+careers
DIGITAL CAFE LIMITED,Burgess Hill,,Worker (A rating),Skilled Worker,,,https://www.bing.com/search?q=DIGITAL+CAFE+LIMITED+official+website,,,,https://www.bing.com/search?q=DIGITAL+CAFE+LIMITED+careers
Digital Catapult,London,,Worker (A rating),Skilled Worker,,,https://www.bing.com/search?q=Digital+Catapult+official+website,,,,https://www.bing.com/search?q=Digital+Catapult+careers
Digital Cinema Media Ltd,London,,Worker (A rating),Skilled Worker,,,https://www.bing.com/search?q=Digital+Cinema+Media+Ltd+official+website,,,,https://www.bing.com/search?q=Digital+Cinema+Media+Ltd+careers
DIGITAL CLIPBOARD LIMITED,London,,Worker (A rating),Skilled Worker,,,https://www.bing.com/search?q=DIGITAL+CLIPBOARD+LIMITED+official+website,,,,https://www.bing.com/search?q=DIGITAL+CLIPBOARD+LIMITED+careers
DIGITAL COMBAT AGENCY LTD,Romford,,Worker (A rating),Skilled Worker,,,https://www.bing.com/search?q=DIGITAL+COMBAT+AGENCY+LTD+official+website,,,,https://www.bing.com/search?q=DIGITAL+COMBAT+AGENCY+LTD+careers
Digital Commonwealth Limited,London,,Worker (A rating),Skilled Worker,,,https://www.bing.com/search?q=Digital+Commonwealth+Limited+official+website,,,,https://www.bing.com/search?q=Digital+Commonwealth+Limited+careers
Digital Completion UK Limited,Leeds,West Yorkshire,Worker (A rating),Global Business Mobility: Senior or Specialist Worker,,,https://www.bing.com/search?q=Digital+Completion+UK+Limited+official+website,,,,https://www.bing.com/search?q=Digital+Completion+UK+Limited+careers
Digital Completion UK Limited,Leeds,West Yorkshire,Worker (A rating),Skilled Worker,,,https://www.bing.com/search?q=Digital+Completion+UK+Limited+official+website,,,,https://www.bing.com/search?q=Digital+Completion+UK+Limited+careers
Digital Cryogenics Limited,London,United Kingdom,Worker (A rating),Skilled Worker,,,https://www.bing.com/search?q=Digital+Cryogenics+Limited+official+website,,,,https://www.bing.com/search?q=Digital+Cryogenics+Limited+careers
Digital Data Consultancy Ltd,High Wycombe,,Worker (A rating),Skilled Worker,,,https://www.bing.com/search?q=Digital+Data+Consultancy+Ltd+official+website,,,,https://www.bing.com/search?q=Digital+Data+Consultancy+Ltd+careers
Digital Detox Ltd,LONDON,,Worker (A rating),Skilled Worker,,,https://www.bing.com/search?q=Digital+Detox+Ltd+official+website,,,,https://www.bing.com/search?q=Digital+Detox+Ltd+careers
Digital Devices Limited,London,Middlesex,Worker (A rating),Skilled Worker,,,https://www.bing.com/search?q=Digital+Devices+Limited+official+website,,,,https://www.bing.com/search?q=Digital+Devices+Limited+careers
Digital Devops Limited,Aylesbury,Buckinghamshire,Worker (A rating),Skilled Worker,,,https://www.bing.com/search?q=Digital+Devops+Limited+official+website,,,,https://www.bing.com/search?q=Digital+Devops+Limited+careers
Digital Diligence Ltd,London,,Worker (A rating),Skilled Worker,,,https://www.bing.com/search?q=Digital+Diligence+Ltd+official+website,,,,https://www.bing.com/search?q=Digital+Diligence+Ltd+careers
DIGITAL DIRECT SOLUTIONS LTD,London,,Worker (A rating),Skilled Worker,,,https://www.bing.com/search?q=DIGITAL+DIRECT+SOLUTIONS+LTD+official+website,,,,https://www.bing.com/search?q=DIGITAL+DIRECT+SOLUTIONS+LTD+careers
Digital Directories Limited,London,,Worker (A rating),Skilled Worker,,,https://www.bing.com/search?q=Digital+Directories+Limited+official+website,,,,https://www.bing.com/search?q=Digital+Directories+Limited+careers
DIGITAL DISRUPTION TECHNOLOGIES LTD,London,England,Worker (A rating),Skilled Worker,,,https://www.bing.com/search?q=DIGITAL+DISRUPTION+TECHNOLOGIES+LTD+official+website,,,,https://www.bing.com/search?q=DIGITAL+DISRUPTION+TECHNOLOGIES+LTD+careers
DIGITAL DREAM LTD,London,,Worker (A rating),Skilled Worker,,,https://www.bing.com/search?q=DIGITAL+DREAM+LTD+official+website,,,,https://www.bing.com/search?q=DIGITAL+DREAM+LTD+careers
DIGITAL EARTH LTD,Aspley Guise,,Worker (A rating),Skilled Worker,,,https://www.bing.com/search?q=DIGITAL+EARTH+LTD+official+website,,,,https://www.bing.com/search?q=DIGITAL+EARTH+LTD+careers
Digital Edge Print Group Limited,Oldham,Greater Manchester,Worker (A rating),Skilled Worker,,,https://www.bing.com/search?q=Digital+Edge+Print+Group+Limited+official+website,,,,https://www.bing.com/search?q=Digital+Edge+Print+Group+Limited+careers
DIGITAL EMERGENCY LTD,HUDDERSFIELD,,Worker (A rating),Skilled Worker,,,https://www.bing.com/search?q=DIGITAL+EMERGENCY+LTD+official+website,,,,https://www.bing.com/search?q=DIGITAL+EMERGENCY+LTD+careers
Digital Ethos Ltd,Oadby,,Worker (A rating),Skilled Worker,,,https://www.bing.com/search?q=Digital+Ethos+Ltd+official+website,,,,https://www.bing.com/search?q=Digital+Ethos+Ltd+careers
Digital Eye Security System Limited,Staines,,Worker (A rating),Skilled Worker,,,https://www.bing.com/search?q=Digital+Eye+Security+System+Limited+official+website,,,,https://www.bing.com/search?q=Digital+Eye+Security+System+Limited+careers
Digital First Holdings UK Limited,London,,Worker (A rating),Skilled Worker,,,https://www.bing.com/search?q=Digital+First+Holdings+UK+Limited+official+website,,,,https://www.bing.com/search?q=Digital+First+Holdings+UK+Limited+careers
Digital Futures Group Limited,London,,Worker (A rating),Skilled Worker,,,https://www.bing.com/search?q=Digital+Futures+Group+Limited+official+website,,,,https://www.bing.com/search?q=Digital+Futures+Group+Limited+careers
Digital Gaming Corporation Limited,Elstree,,Worker (A rating),Skilled Worker,,,https://www.bing.com/search?q=Digital+Gaming+Corporation+Limited+official+website,,,,https://www.bing.com/search?q=Digital+Gaming+Corporation+Limited+careers
Digital Glue Ltd,Birmingham,,Worker (A rating),Skilled Worker,,,https://www.bing.com/search?q=Digital+Glue+Ltd+official+website,,,,https://www.bing.com/search?q=Digital+Glue+Ltd+careers
Digital Health and Care Wales,Cardiff,,Worker (A rating),Skilled Worker,,,https://www.bing.com/search?q=Digital+Health+and+Care+Wales+official+website,,,,https://www.bing.com/search?q=Digital+Health+and+Care+Wales+careers
Digital Health Intelligence Ltd,London,,Worker (A rating),Skilled Worker,,,https://www.bing.com/search?q=Digital+Health+Intelligence+Ltd+official+website,,,,https://www.bing.com/search?q=Digital+Health+Intelligence+Ltd+careers
Digital Icon Agency Ltd,Derby,Derbys,Temporary Worker (A rating),Creative Worker,,,https://www.bing.com/search?q=Digital+Icon+Agency+Ltd+official+website,,,,https://www.bing.com/search?q=Digital+Icon+Agency+Ltd+careers
Digital Icon Agency Ltd,Derby,Derbys,Worker (A rating),Skilled Worker,,,https://www.bing.com/search?q=Digital+Icon+Agency+Ltd+official+website,,,,https://www.bing.com/search?q=Digital+Icon+Agency+Ltd+careers
Digital Infrastructure Services Ltd,Newton-le-Willows,Middlesex,Worker (A rating),Skilled Worker,,,https://www.bing.com/search?q=Digital+Infrastructure+Services+Ltd+official+website,,,,https://www.bing.com/search?q=Digital+Infrastructure+Services+Ltd+careers
Digital Innk Limited,Birmingham,,Worker (A rating),Skilled Worker,,,https://www.bing.com/search?q=Digital+Innk+Limited+official+website,,,,https://www.bing.com/search?q=Digital+Innk+Limited+careers
Digital Insight Technologies Limited trading as Xapien,London,,Worker (A rating),Skilled Worker,,,https://www.bing.com/search?q=Digital+Insight+Technologies+Limited+trading+as+Xapien+official+website,,,,https://www.bing.com/search?q=Digital+Insight+Technologies+Limited+trading+as+Xapien+careers
DIGITAL INSIGHTS CONSULTANCY LIMITED,Milton Keynes,Buckhinghamshire,Worker (A rating),Skilled Worker,,,https://www.bing.com/search?q=DIGITAL+INSIGHTS+CONSULTANCY+LIMITED+official+website,,,,https://www.bing.com/search?q=DIGITAL+INSIGHTS+CONSULTANCY+LIMITED+careers
Digital Isle Limited,Newry,,Worker (A rating),Skilled Worker,,,https://www.bing.com/search?q=Digital+Isle+Limited+official+website,,,,https://www.bing.com/search?q=Digital+Isle+Limited+careers
DIGITAL LIFE PARTNERS LTD,London,,Worker (A rating),Skilled Worker,,,https://www.bing.com/search?q=DIGITAL+LIFE+PARTNERS+LTD+official+website,,,,https://www.bing.com/search?q=DIGITAL+LIFE+PARTNERS+LTD+careers
Digital Manufacturing Centre Ltd,Towcester,,Worker (A rating),Skilled Worker,,,https://www.bing.com/search?q=Digital+Manufacturing+Centre+Ltd+official+website,,,,https://www.bing.com/search?q=Digital+Manufacturing+Centre+Ltd+careers
Digital Marketing School Ltd,Milton Keynes,Buckinghamshire,Worker (A rating),Skilled Worker,,,https://www.bing.com/search?q=Digital+Marketing+School+Ltd+official+website,,,,https://www.bing.com/search?q=Digital+Marketing+School+Ltd+careers
Digital Marmalade Limited,London,,Worker (A rating),Skilled Worker,,,https://www.bing.com/search?q=Digital+Marmalade+Limited+official+website,,,,https://www.bing.com/search?q=Digital+Marmalade+Limited+careers
Digital Media Distribution Limited,Tyne And Wear,,Worker (A rating),Skilled Worker,,,https://www.bing.com/search?q=Digital+Media+Distribution+Limited+official+website,,,,https://www.bing.com/search?q=Digital+Media+Distribution+Limited+careers
Digital Media Gang,Solihull,West Midlands,Worker (A rating),Skilled Worker,,,https://www.bing.com/search?q=Digital+Media+Gang+official+website,,,,https://www.bing.com/search?q=Digital+Media+Gang+careers
Digital Media Innovations UK LTD,Gloucester,,Worker (A rating),Skilled Worker,,,https://www.bing.com/search?q=Digital+Media+Innovations+UK+LTD+official+website,,,,https://www.bing.com/search?q=Digital+Media+Innovations+UK+LTD+careers
Digital Media Services UK Ltd,London,,Worker (A rating),Skilled Worker,,,https://www.bing.com/search?q=Digital+Media+Services+UK+Ltd+official+website,,,,https://www.bing.com/search?q=Digital+Media+Services+UK+Ltd+careers
Digital Media Technologies LTD,Hertford,,Worker (A rating),Skilled Worker,,,https://www.bing.com/search?q=Digital+Media+Technologies+LTD+official+website,,,,https://www.bing.com/search?q=Digital+Media+Technologies+LTD+careers
Digital Medical Supply UK Ltd,London,,Worker (A rating),Global Business Mobility: Senior or Specialist Worker,,,https://www.bing.com/search?q=Digital+Medical+Supply+UK+Ltd+official+website,,,,https://www.bing.com/search?q=Digital+Medical+Supply+UK+Ltd+careers
Digital Medical Supply UK Ltd,London,,Worker (A rating),Skilled Worker,,,https://www.bing.com/search?q=Digital+Medical+Supply+UK+Ltd+official+website,,,,https://www.bing.com/search?q=Digital+Medical+Supply+UK+Ltd+careers
Digital Mobile Innovations Limited,London,,Worker (A rating),Skilled Worker,,,https://www.bing.com/search?q=Digital+Mobile+Innovations+Limited+official+website,,,,https://www.bing.com/search?q=Digital+Mobile+Innovations+Limited+careers
Digital Mobile Innovations Limited,London,,Worker (A rating),Global Business Mobility: Senior or Specialist Worker,,,https://www.bing.com/search?q=Digital+Mobile+Innovations+Limited+official+website,,,,https://www.bing.com/search?q=Digital+Mobile+Innovations+Limited+careers
Digital Moneybox Limited,London,,Worker (A rating),Skilled Worker,,,https://www.bing.com/search?q=Digital+Moneybox+Limited+official+website,,,,https://www.bing.com/search?q=Digital+Moneybox+Limited+careers
Digital News Agency Ltd,London,England,Worker (A rating),Skilled Worker,,,https://www.bing.com/search?q=Digital+News+Agency+Ltd+official+website,,,,https://www.bing.com/search?q=Digital+News+Agency+Ltd+careers
Digital Office Systems Ltd,Ashby de la Zouch,Leicestershire,Worker (A rating),Skilled Worker,,,https://www.bing.com/search?q=Digital+Office+Systems+Ltd+official+website,,,,https://www.bing.com/search?q=Digital+Office+Systems+Ltd+careers
DIGITAL ORANGE NETWORKS LIMITED,Bromley,,Worker (A rating),Skilled Worker,,,https://www.bing.com/search?q=DIGITAL+ORANGE+NETWORKS+LIMITED+official+website,,,,https://www.bing.com/search?q=DIGITAL+ORANGE+NETWORKS+LIMITED+careers
Digital Orchard Group Ltd,Chalfont St Giles,,Worker (A rating),Skilled Worker,,,https://www.bing.com/search?q=Digital+Orchard+Group+Ltd+official+website,,,,https://www.bing.com/search?q=Digital+Orchard+Group+Ltd+careers
DIGITAL OUTLET LONDON LTD,LONDON,,Worker (A rating),Skilled Worker,,,https://www.bing.com/search?q=DIGITAL+OUTLET+LONDON+LTD+official+website,,,,https://www.bing.com/search?q=DIGITAL+OUTLET+LONDON+LTD+careers
DIGITAL PORT LTD,Manchester,,Worker (A rating),Skilled Worker,,,https://www.bing.com/search?q=DIGITAL+PORT+LTD+official+website,,,,https://www.bing.com/search?q=DIGITAL+PORT+LTD+careers
Digital Prosthetics Limited,Birmingham,,Worker (A rating),Skilled Worker,,,https://www.bing.com/search?q=Digital+Prosthetics+Limited+official+website,,,,https://www.bing.com/search?q=Digital+Prosthetics+Limited+careers
Digital Quotient Solutions Limited,Cheltenham,,Worker (A rating),Skilled Worker,,,https://www.bing.com/search?q=Digital+Quotient+Solutions+Limited+official+website,,,,https://www.bing.com/search?q=Digital+Quotient+Solutions+Limited+careers
DIGITAL RAINBOW PROJECT CONSULTANTS,BIRMINGHAM,WEST MIDLANDS,Worker (A rating),Skilled Worker,,,https://www.bing.com/search?q=DIGITAL+RAINBOW+PROJECT+CONSULTANTS+official+website,,,,https://www.bing.com/search?q=DIGITAL+RAINBOW+PROJECT+CONSULTANTS+careers
Digital Reality Corp Ltd (trading as Pupil and/or Stak),London,,Worker (A rating),Skilled Worker,,,https://www.bing.com/search?q=Digital+Reality+Corp+Ltd+%28trading+as+Pupil+and%2For+Stak%29+official+website,,,,https://www.bing.com/search?q=Digital+Reality+Corp+Ltd+%28trading+as+Pupil+and%2For+Stak%29+careers
DIGITAL REALTY (UK) LIMITED,LONDON,,Worker (A rating),Global Business Mobility: Senior or Specialist Worker,,,https://www.bing.com/search?q=DIGITAL+REALTY+%28UK%29+LIMITED+official+website,,,,https://www.bing.com/search?q=DIGITAL+REALTY+%28UK%29+LIMITED+careers
DIGITAL REALTY (UK) LIMITED,LONDON,,Worker (A rating),Skilled Worker,,,https://www.bing.com/search?q=DIGITAL+REALTY+%28UK%29+LIMITED+official+website,,,,https://www.bing.com/search?q=DIGITAL+REALTY+%28UK%29+LIMITED+careers
Digital RFQ Limited,London,,Worker (A rating),Skilled Worker,,,https://www.bing.com/search?q=Digital+RFQ+Limited+official+website,,,,https://www.bing.com/search?q=Digital+RFQ+Limited+careers
Digital Science & Research Solutions Limited,London,,Worker (A rating),Global Business Mobility: Senior or Specialist Worker,,,https://www.bing.com/search?q=Digital+Science+%26+Research+Solutions+Limited+official+website,,,,https://www.bing.com/search?q=Digital+Science+%26+Research+Solutions+Limited+careers
Digital Science & Research Solutions Limited,London,,Worker (A rating),Skilled Worker,,,https://www.bing.com/search?q=Digital+Science+%26+Research+Solutions+Limited+official+website,,,,https://www.bing.com/search?q=Digital+Science+%26+Research+Solutions+Limited+careers
Digital Select Ltd,Lowestoft,Suffolk,Worker (A rating),Skilled Worker,,,https://www.bing.com/search?q=Digital+Select+Ltd+official+website,,,,https://www.bing.com/search?q=Digital+Select+Ltd+careers
DIGITAL SERVICES HUB LIMITED,London,,Worker (A rating),Skilled Worker,,,https://www.bing.com/search?q=DIGITAL+SERVICES+HUB+LIMITED+official+website,,,,https://www.bing.com/search?q=DIGITAL+SERVICES+HUB+LIMITED+careers
Digital Sign UK Ltd T/A Digital Signage UK,London,,Worker (A rating),Skilled Worker,,,https://www.bing.com/search?q=Digital+Sign+UK+Ltd+T%2FA+Digital+Signage+UK+official+website,,,,https://www.bing.com/search?q=Digital+Sign+UK+Ltd+T%2FA+Digital+Signage+UK+careers
Digital Space Group Limited,Newark,Nottinghamshire,Worker (A rating),Skilled Worker,,,https://www.bing.com/search?q=Digital+Space+Group+Limited+official+website,,,,https://www.bing.com/search?q=Digital+Space+Group+Limited+careers
Digital Spring Limited,London,,Worker (A rating),Skilled Worker,,,https://www.bing.com/search?q=Digital+Spring+Limited+official+website,,,,https://www.bing.com/search?q=Digital+Spring+Limited+careers
Digital Staff Solutions T/A Florence,London,,Worker (A rating),Skilled Worker,,,https://www.bing.com/search?q=Digital+Staff+Solutions+T%2FA+Florence+official+website,,,,https://www.bing.com/search?q=Digital+Staff+Solutions+T%2FA+Florence+careers
Digital Sterling Limited,Leeds,,Worker (A rating),Skilled Worker,,,https://www.bing.com/search?q=Digital+Sterling+Limited+official+website,,,,https://www.bing.com/search?q=Digital+Sterling+Limited+careers
DIGITAL STREAMING LIMITED,Manchester,,Worker (A rating),Skilled Worker,,,https://www.bing.com/search?q=DIGITAL+STREAMING+LIMITED+official+website,,,,https://www.bing.com/search?q=DIGITAL+STREAMING+LIMITED+careers
Digital Surgery Limited,London,,Worker (A rating),Global Business Mobility: Senior or Specialist Worker,,,https://www.bing.com/search?q=Digital+Surgery+Limited+official+website,,,,https://www.bing.com/search?q=Digital+Surgery+Limited+careers
Digital Surgery Limited,London,,Worker (A rating),Skilled Worker,,,https://www.bing.com/search?q=Digital+Surgery+Limited+official+website,,,,https://www.bing.com/search?q=Digital+Surgery+Limited+careers
Digital Taxonomy Limited,London,,Worker (A rating),Skilled Worker,,,https://www.bing.com/search?q=Digital+Taxonomy+Limited+official+website,,,,https://www.bing.com/search?q=Digital+Taxonomy+Limited+careers
Digital Therapeutics Ltd,London,,Worker (A rating),Skilled Worker,,,https://www.bing.com/search?q=Digital+Therapeutics+Ltd+official+website,,,,https://www.bing.com/search?q=Digital+Therapeutics+Ltd+careers
DIGITAL TRANSFORMATION CAPITAL PARTNERS UK LIMITED,London,,Worker (A rating),Global Business Mobility: Senior or Specialist Worker,,,https://www.bing.com/search?q=DIGITAL+TRANSFORMATION+CAPITAL+PARTNERS+UK+LIMITED+official+website,,,,https://www.bing.com/search?q=DIGITAL+TRANSFORMATION+CAPITAL+PARTNERS+UK+LIMITED+careers
DIGITAL TRANSFORMATION CAPITAL PARTNERS UK LIMITED,London,,Worker (A rating),Skilled Worker,,,https://www.bing.com/search?q=DIGITAL+TRANSFORMATION+CAPITAL+PARTNERS+UK+LIMITED+official+website,,,,https://www.bing.com/search?q=DIGITAL+TRANSFORMATION+CAPITAL+PARTNERS+UK+LIMITED+careers
DIGITAL TRAVEL MARKETING GROUP LIMITED,"Liverpool, Merseyside",,Worker (A rating),Skilled Worker,,,https://www.bing.com/search?q=DIGITAL+TRAVEL+MARKETING+GROUP+LIMITED+official+website,,,,https://www.bing.com/search?q=DIGITAL+TRAVEL+MARKETING+GROUP+LIMITED+careers
Digital Uncut,London,Shoreditch,Worker (A rating),Global Business Mobility: Senior or Specialist Worker,,,https://www.bing.com/search?q=Digital+Uncut+official+website,,,,https://www.bing.com/search?q=Digital+Uncut+careers
Digital Uncut,London,Shoreditch,Worker (A rating),Skilled Worker,,,https://www.bing.com/search?q=Digital+Uncut+official+website,,,,https://www.bing.com/search?q=Digital+Uncut+careers
Digital Unlimited Group Ltd,London,,Worker (A rating),Skilled Worker,,,https://www.bing.com/search?q=Digital+Unlimited+Group+Ltd+official+website,,,,https://www.bing.com/search?q=Digital+Unlimited+Group+Ltd+careers
Digital Voices Limited,London,,Worker (A rating),Skilled Worker,,,https://www.bing.com/search?q=Digital+Voices+Limited+official+website,,,,https://www.bing.com/search?q=Digital+Voices+Limited+careers
Digital Willow Ltd,London,Greater London,Worker (A rating),Skilled Worker,,,https://www.bing.com/search?q=Digital+Willow+Ltd+official+website,,,,https://www.bing.com/search?q=Digital+Willow+Ltd+careers
Digital Workforce Services Ltd,Warwick,,Worker (A rating),Skilled Worker,,,https://www.bing.com/search?q=Digital+Workforce+Services+Ltd+official+website,,,,https://www.bing.com/search?q=Digital+Workforce+Services+Ltd+careers
Digital Workforce Services Ltd,Warwick,,Worker (A rating),Global Business Mobility: Senior or Specialist Worker,,,https://www.bing.com/search?q=Digital+Workforce+Services+Ltd+official+website,,,,https://www.bing.com/search?q=Digital+Workforce+Services+Ltd+careers
DIGITAL-I LIMITED,Bristol,,Worker (A rating),Skilled Worker,,,https://www.bing.com/search?q=DIGITAL-I+LIMITED+official+website,,,,https://www.bing.com/search?q=DIGITAL-I+LIMITED+careers
Digital.ai Software (UK) Ltd.,London,,Worker (A rating),Skilled Worker,https://digital.ai,derived_from_company_name_domain,https://www.bing.com/search?q=Digital.ai+Software+%28UK%29+Ltd.+official+website,,https://digital.ai,https://digital.ai/careers,https://www.bing.com/search?q=Digital.ai+Software+%28UK%29+Ltd.+careers
DIGITAL.CAMZ LTD,Ilford,,Worker (A rating),Skilled Worker,,,https://www.bing.com/search?q=DIGITAL.CAMZ+LTD+official+website,,,,https://www.bing.com/search?q=DIGITAL.CAMZ+LTD+careers
DIGITALK Technology Limited,Milton Keynes,,Worker (A rating),Skilled Worker,,,https://www.bing.com/search?q=DIGITALK+Technology+Limited+official+website,,,,https://www.bing.com/search?q=DIGITALK+Technology+Limited+careers
DIGITEC Financial Technologies and Services (UK) Ltd,London,United Kingdom,Worker (A rating),Skilled Worker,,,https://www.bing.com/search?q=DIGITEC+Financial+Technologies+and+Services+%28UK%29+Ltd+official+website,,,,https://www.bing.com/search?q=DIGITEC+Financial+Technologies+and+Services+%28UK%29+Ltd+careers
DIGITEX TECHNOLOGIES LIMITED,Dagenham,,Worker (A rating),Skilled Worker,,,https://www.bing.com/search?q=DIGITEX+TECHNOLOGIES+LIMITED+official+website,,,,https://www.bing.com/search?q=DIGITEX+TECHNOLOGIES+LIMITED+careers
DIGS Technology Limited,Swansea,,Worker (A rating),Skilled Worker,,,https://www.bing.com/search?q=DIGS+Technology+Limited+official+website,,,,https://www.bing.com/search?q=DIGS+Technology+Limited+careers
DIMENSION FOUR TECHNOLOGY LIMITED,London,,Worker (A rating),Skilled Worker,,,https://www.bing.com/search?q=DIMENSION+FOUR+TECHNOLOGY+LIMITED+official+website,,,,https://www.bing.com/search?q=DIMENSION+FOUR+TECHNOLOGY+LIMITED+careers
Dirac Software Limited,London,,Worker (A rating),Skilled Worker,,,https://www.bing.com/search?q=Dirac+Software+Limited+official+website,,,,https://www.bing.com/search?q=Dirac+Software+Limited+careers
Direct Link Technologies Ltd,London,,Worker (A rating),Skilled Worker,,,https://www.bing.com/search?q=Direct+Link+Technologies+Ltd+official+website,,,,https://www.bing.com/search?q=Direct+Link+Technologies+Ltd+careers
Discover Digital Solutions Limited,Reading,,Worker (A rating),Skilled Worker,,,https://www.bing.com/search?q=Discover+Digital+Solutions+Limited+official+website,,,,https://www.bing.com/search?q=Discover+Digital+Solutions+Limited+careers
Disguise Technologies Ltd,London,London,Worker (A rating),Skilled Worker,,,https://www.bing.com/search?q=Disguise+Technologies+Ltd+official+website,,,,https://www.bing.com/search?q=Disguise+Technologies+Ltd+careers
Distinctly Digital Limited,London,,Worker (A rating),Skilled Worker,,,https://www.bing.com/search?q=Distinctly+Digital+Limited+official+website,,,,https://www.bing.com/search?q=Distinctly+Digital+Limited+careers
DL TECHNOLOGIES LTD,LONDON,,Worker (A rating),Skilled Worker,,,https://www.bing.com/search?q=DL+TECHNOLOGIES+LTD+official+website,,,,https://www.bing.com/search?q=DL+TECHNOLOGIES+LTD+careers
DMI Network,London,,Worker (A rating),Skilled Worker,,,https://www.bing.com/search?q=DMI+Network+official+website,,,,https://www.bing.com/search?q=DMI+Network+careers
DOCME TECHNOLOGIES LTD,Cambridge,,Worker (A rating),Skilled Worker,,,https://www.bing.com/search?q=DOCME+TECHNOLOGIES+LTD+official+website,,,,https://www.bing.com/search?q=DOCME+TECHNOLOGIES+LTD+careers
Dog Digital Ltd,Glasgow,Lanarkshire,Worker (A rating),Skilled Worker,,,https://www.bing.com/search?q=Dog+Digital+Ltd+official+website,,,,https://www.bing.com/search?q=Dog+Digital+Ltd+careers
Doka UK Formwork Technologies Ltd,Sittingbourne,Kent,Worker (A rating),Skilled Worker,,,https://www.bing.com/search?q=Doka+UK+Formwork+Technologies+Ltd+official+website,,,,https://www.bing.com/search?q=Doka+UK+Formwork+Technologies+Ltd+careers
Domino Data Lab Limited,London,,Worker (A rating),Skilled Worker,,,https://www.bing.com/search?q=Domino+Data+Lab+Limited+official+website,,,,https://www.bing.com/search?q=Domino+Data+Lab+Limited+careers
Domino Data Lab Limited,London,,Worker (A rating),Global Business Mobility: Senior or Specialist Worker,,,https://www.bing.com/search?q=Domino+Data+Lab+Limited+official+website,,,,https://www.bing.com/search?q=Domino+Data+Lab+Limited+careers
DOOSAN DIGITAL INNOVATION EUROPE LIMITED,Renfrew,,Worker (A rating),Skilled Worker,,,https://www.bing.com/search?q=DOOSAN+DIGITAL+INNOVATION+EUROPE+LIMITED+official+website,,,,https://www.bing.com/search?q=DOOSAN+DIGITAL+INNOVATION+EUROPE+LIMITED+careers
DOOSAN DIGITAL INNOVATION EUROPE LIMITED,Renfrew,,Worker (A rating),Global Business Mobility: Senior or Specialist Worker,,,https://www.bing.com/search?q=DOOSAN+DIGITAL+INNOVATION+EUROPE+LIMITED+official+website,,,,https://www.bing.com/search?q=DOOSAN+DIGITAL+INNOVATION+EUROPE+LIMITED+careers
DOUBLELIGHT TECHNOLOGY LIMITED,Harlow,Essex,Worker (A rating),Skilled Worker,,,https://www.bing.com/search?q=DOUBLELIGHT+TECHNOLOGY+LIMITED+official+website,,,,https://www.bing.com/search?q=DOUBLELIGHT+TECHNOLOGY+LIMITED+careers
Downforce Technologies Limited,London,,Worker (A rating),Skilled Worker,,,https://www.bing.com/search?q=Downforce+Technologies+Limited+official+website,,,,https://www.bing.com/search?q=Downforce+Technologies+Limited+careers
DP Network Limited,Redditch,,Worker (A rating),Skilled Worker,,,https://www.bing.com/search?q=DP+Network+Limited+official+website,,,,https://www.bing.com/search?q=DP+Network+Limited+careers
Dragonfly Technology Solutions Limited,Kemble,Gloucestershire,Worker (A rating),Skilled Worker,,,https://www.bing.com/search?q=Dragonfly+Technology+Solutions+Limited+official+website,,,,https://www.bing.com/search?q=Dragonfly+Technology+Solutions+Limited+careers
Dream AI Ltd t/a Dream Agility,Rossendale,,Worker (A rating),Skilled Worker,,,https://www.bing.com/search?q=Dream+AI+Ltd+t%2Fa+Dream+Agility+official+website,,,,https://www.bing.com/search?q=Dream+AI+Ltd+t%2Fa+Dream+Agility+careers
Dreams-Ai-Cambridge Ltd,Cambridge,,Worker (A rating),Skilled Worker,,,https://www.bing.com/search?q=Dreams-Ai-Cambridge+Ltd+official+website,,,,https://www.bing.com/search?q=Dreams-Ai-Cambridge+Ltd+careers
dRISK.ai Limited,London,London,Worker (A rating),Skilled Worker,https://drisk.ai,derived_from_company_name_domain,https://www.bing.com/search?q=dRISK.ai+Limited+official+website,,https://drisk.ai,https://drisk.ai/careers,https://www.bing.com/search?q=dRISK.ai+Limited+careers
Drivenation Digital LTD,Sherburn In Elmet,Leeds,Worker (A rating),Skilled Worker,,,https://www.bing.com/search?q=Drivenation+Digital+LTD+official+website,,,,https://www.bing.com/search?q=Drivenation+Digital+LTD+careers
DriWay International Technologies Limited,London,,Worker (A rating),Skilled Worker,,,https://www.bing.com/search?q=DriWay+International+Technologies+Limited+official+website,,,,https://www.bing.com/search?q=DriWay+International+Technologies+Limited+careers
DSI Technology Services Ltd,Dartford,Kent,Worker (A rating),Skilled Worker,,,https://www.bing.com/search?q=DSI+Technology+Services+Ltd+official+website,,,,https://www.bing.com/search?q=DSI+Technology+Services+Ltd+careers
Dubarry Technology Ltd,Egham,,Worker (A rating),Skilled Worker,,,https://www.bing.com/search?q=Dubarry+Technology+Ltd+official+website,,,,https://www.bing.com/search?q=Dubarry+Technology+Ltd+careers
Duck Creek Technologies Limited,London,,Worker (A rating),Skilled Worker,,,https://www.bing.com/search?q=Duck+Creek+Technologies+Limited+official+website,,,,https://www.bing.com/search?q=Duck+Creek+Technologies+Limited+careers
Duck Creek Technologies Limited,London,,Worker (A rating),Global Business Mobility: Senior or Specialist Worker,,,https://www.bing.com/search?q=Duck+Creek+Technologies+Limited+official+website,,,,https://www.bing.com/search?q=Duck+Creek+Technologies+Limited+careers
DUCK Software Limited,Potters Bar,Hertfordshire,Worker (A rating),Skilled Worker,,,https://www.bing.com/search?q=DUCK+Software+Limited+official+website,,,,https://www.bing.com/search?q=DUCK+Software+Limited+careers
Duco Technology Limited,London,,Worker (A rating),Skilled Worker,,,https://www.bing.com/search?q=Duco+Technology+Limited+official+website,,,,https://www.bing.com/search?q=Duco+Technology+Limited+careers
Dudley College of Technology,Dudley,West Midlands,Worker (A rating),Skilled Worker,,,https://www.bing.com/search?q=Dudley+College+of+Technology+official+website,,,,https://www.bing.com/search?q=Dudley+College+of+Technology+careers
Duffel Technology Ltd,London,,Worker (A rating),Skilled Worker,,,https://www.bing.com/search?q=Duffel+Technology+Ltd+official+website,,,,https://www.bing.com/search?q=Duffel+Technology+Ltd+careers
Duffel Technology Ltd,London,,Worker (A rating),Global Business Mobility: Senior or Specialist Worker,,,https://www.bing.com/search?q=Duffel+Technology+Ltd+official+website,,,,https://www.bing.com/search?q=Duffel+Technology+Ltd+careers
Duradiamond Software Ltd,Dunfermline,Fife,Worker (A rating),Skilled Worker,,,https://www.bing.com/search?q=Duradiamond+Software+Ltd+official+website,,,,https://www.bing.com/search?q=Duradiamond+Software+Ltd+careers
Durell Software Ltd,Taunton,Somerset,Worker (A rating),Skilled Worker,,,https://www.bing.com/search?q=Durell+Software+Ltd+official+website,,,,https://www.bing.com/search?q=Durell+Software+Ltd+careers
Durst Image Technology UK Ltd,Leatherhead,Surrey,Worker (A rating),Skilled Worker,,,https://www.bing.com/search?q=Durst+Image+Technology+UK+Ltd+official+website,,,,https://www.bing.com/search?q=Durst+Image+Technology+UK+Ltd+careers
"DX CELLS TECHNOLOGIES CO., (UK) LIMITED",London,,Worker (A rating),Skilled Worker,,,https://www.bing.com/search?q=DX+CELLS+TECHNOLOGIES+CO.%2C+%28UK%29+LIMITED+official+website,,,,https://www.bing.com/search?q=DX+CELLS+TECHNOLOGIES+CO.%2C+%28UK%29+LIMITED+careers
DX Network Services Limited,Slough,,Worker (A rating),Skilled Worker,,,https://www.bing.com/search?q=DX+Network+Services+Limited+official+website,,,,https://www.bing.com/search?q=DX+Network+Services+Limited+careers
DYMAG TECHNOLOGIES LIMITED,Chippenham,Wiltshire,Worker (A rating),Skilled Worker,,,https://www.bing.com/search?q=DYMAG+TECHNOLOGIES+LIMITED+official+website,,,,https://www.bing.com/search?q=DYMAG+TECHNOLOGIES+LIMITED+careers
Dynamic Networks Group Ltd,Leeds,,Worker (A rating),Skilled Worker,,,https://www.bing.com/search?q=Dynamic+Networks+Group+Ltd+official+website,,,,https://www.bing.com/search?q=Dynamic+Networks+Group+Ltd+careers
Dynamic Visual Technologies Ltd,Croydon,,Worker (A rating),Skilled Worker,,,https://www.bing.com/search?q=Dynamic+Visual+Technologies+Ltd+official+website,,,,https://www.bing.com/search?q=Dynamic+Visual+Technologies+Ltd+careers
DYNAMO SOFTWARE UK. LIMITED,Harrow,Middlesex,Worker (A rating),Skilled Worker,,,https://www.bing.com/search?q=DYNAMO+SOFTWARE+UK.+LIMITED+official+website,,,,https://www.bing.com/search?q=DYNAMO+SOFTWARE+UK.+LIMITED+careers
DZINE DIGITAL LTD,Cardiff,,Worker (A rating),Skilled Worker,,,https://www.bing.com/search?q=DZINE+DIGITAL+LTD+official+website,,,,https://www.bing.com/search?q=DZINE+DIGITAL+LTD+careers
E T P Technologies Ltd,London,Holborn,Worker (A rating),Skilled Worker,,,https://www.bing.com/search?q=E+T+P+Technologies+Ltd+official+website,,,,https://www.bing.com/search?q=E+T+P+Technologies+Ltd+careers
E-COMPUTING (EUROPE) LIMITED,London,London,Worker (A rating),Skilled Worker,,,https://www.bing.com/search?q=E-COMPUTING+%28EUROPE%29+LIMITED+official+website,,,,https://www.bing.com/search?q=E-COMPUTING+%28EUROPE%29+LIMITED+careers
E-MIND TECHNOLOGIES LIMITED,Liverpool,,Worker (A rating),Skilled Worker,,,https://www.bing.com/search?q=E-MIND+TECHNOLOGIES+LIMITED+official+website,,,,https://www.bing.com/search?q=E-MIND+TECHNOLOGIES+LIMITED+careers
E-Serve Technologies Limited,Brooklands,Milton Keynes,Worker (A rating),Skilled Worker,,,https://www.bing.com/search?q=E-Serve+Technologies+Limited+official+website,,,,https://www.bing.com/search?q=E-Serve+Technologies+Limited+careers
E2E CYBER SOLUTIONS LTD,BIRMINGHAM,West Midlands,Worker (A rating),Skilled Worker,,,https://www.bing.com/search?q=E2E+CYBER+SOLUTIONS+LTD+official+website,,,,https://www.bing.com/search?q=E2E+CYBER+SOLUTIONS+LTD+careers
EA Global AI Limited,Newport,Newport,Worker (A rating),Skilled Worker,,,https://www.bing.com/search?q=EA+Global+AI+Limited+official+website,,,,https://www.bing.com/search?q=EA+Global+AI+Limited+careers
EA Technology Limited,Chester,Cheshire,Worker (A rating),Skilled Worker,,,https://www.bing.com/search?q=EA+Technology+Limited+official+website,,,,https://www.bing.com/search?q=EA+Technology+Limited+careers
Eapps Technologies Ltd,Uxbridge,,Worker (A rating),Skilled Worker,,,https://www.bing.com/search?q=Eapps+Technologies+Ltd+official+website,,,,https://www.bing.com/search?q=Eapps+Technologies+Ltd+careers
Early Intervention Network Ltd,Stamford,Lincolnshire,Worker (A rating),Skilled Worker,,,https://www.bing.com/search?q=Early+Intervention+Network+Ltd+official+website,,,,https://www.bing.com/search?q=Early+Intervention+Network+Ltd+careers
EarthId Technology Ltd,Chessington,Surrey,Worker (A rating),Skilled Worker,,,https://www.bing.com/search?q=EarthId+Technology+Ltd+official+website,,,,https://www.bing.com/search?q=EarthId+Technology+Ltd+careers
East London Advanced Technology Training,London,,Worker (A rating),Skilled Worker,,,https://www.bing.com/search?q=East+London+Advanced+Technology+Training+official+website,,,,https://www.bing.com/search?q=East+London+Advanced+Technology+Training+careers
Eastern Academic Health Science Network,Cambridge,,Worker (A rating),Skilled Worker,,,https://www.bing.com/search?q=Eastern+Academic+Health+Science+Network+official+website,,,,https://www.bing.com/search?q=Eastern+Academic+Health+Science+Network+careers
Eastern Networks Limited,London,,Worker (A rating),Skilled Worker,,,https://www.bing.com/search?q=Eastern+Networks+Limited+official+website,,,,https://www.bing.com/search?q=Eastern+Networks+Limited+careers
Eastleigh Southern Parishes Network LTD,Southampton,Hampshire,Worker (A rating),Skilled Worker,,,https://www.bing.com/search?q=Eastleigh+Southern+Parishes+Network+LTD+official+website,,,,https://www.bing.com/search?q=Eastleigh+Southern+Parishes+Network+LTD+careers
Eastpoint Software Ltd,Cambridge,Cambridgeshire,Worker (A rating),Skilled Worker,,,https://www.bing.com/search?q=Eastpoint+Software+Ltd+official+website,,,,https://www.bing.com/search?q=Eastpoint+Software+Ltd+careers
Easy Computer Consultants Limited,London,London,Worker (A rating),Skilled Worker,,,https://www.bing.com/search?q=Easy+Computer+Consultants+Limited+official+website,,,,https://www.bing.com/search?q=Easy+Computer+Consultants+Limited+careers
EATRON TECHNOLOGIES LIMITED,Warwick,,Worker (A rating),Scale-up,,,https://www.bing.com/search?q=EATRON+TECHNOLOGIES+LIMITED+official+website,,,,https://www.bing.com/search?q=EATRON+TECHNOLOGIES+LIMITED+careers
EATRON TECHNOLOGIES LIMITED,Warwick,,Worker (A rating),Global Business Mobility: Senior or Specialist Worker,,,https://www.bing.com/search?q=EATRON+TECHNOLOGIES+LIMITED+official+website,,,,https://www.bing.com/search?q=EATRON+TECHNOLOGIES+LIMITED+careers
EATRON TECHNOLOGIES LIMITED,Warwick,,Worker (A rating),Skilled Worker,,,https://www.bing.com/search?q=EATRON+TECHNOLOGIES+LIMITED+official+website,,,,https://www.bing.com/search?q=EATRON+TECHNOLOGIES+LIMITED+careers
EBIZ TECHNOLOGY LTD,London,,Worker (A rating),Skilled Worker,,,https://www.bing.com/search?q=EBIZ+TECHNOLOGY+LTD+official+website,,,,https://www.bing.com/search?q=EBIZ+TECHNOLOGY+LTD+careers
Echion Technologies LTD,Sawston,Cambridgeshire,Worker (A rating),Skilled Worker,,,https://www.bing.com/search?q=Echion+Technologies+LTD+official+website,,,,https://www.bing.com/search?q=Echion+Technologies+LTD+careers
EcoHub Technologies Limited,Clevedon,Somerset,Worker (A rating),Skilled Worker,,,https://www.bing.com/search?q=EcoHub+Technologies+Limited+official+website,,,,https://www.bing.com/search?q=EcoHub+Technologies+Limited+careers
Ecom Global Network Ltd,Chalfont St Giles,,Worker (A rating),Skilled Worker,,,https://www.bing.com/search?q=Ecom+Global+Network+Ltd+official+website,,,,https://www.bing.com/search?q=Ecom+Global+Network+Ltd+careers
Ecommerce Technologies Ltd,Essex,ENGLAND,Worker (A rating),Skilled Worker,,,https://www.bing.com/search?q=Ecommerce+Technologies+Ltd+official+website,,,,https://www.bing.com/search?q=Ecommerce+Technologies+Ltd+careers
Econic Technologies Ltd,Macclesfield,Cheshire,Worker (A rating),Skilled Worker,,,https://www.bing.com/search?q=Econic+Technologies+Ltd+official+website,,,,https://www.bing.com/search?q=Econic+Technologies+Ltd+careers
ECONOMIC DATA SCIENCES LTD,SLOUGH,,Worker (A rating),Skilled Worker,,,https://www.bing.com/search?q=ECONOMIC+DATA+SCIENCES+LTD+official+website,,,,https://www.bing.com/search?q=ECONOMIC+DATA+SCIENCES+LTD+careers
Ecospend Technologies Limited,London,,Worker (A rating),Skilled Worker,,,https://www.bing.com/search?q=Ecospend+Technologies+Limited+official+website,,,,https://www.bing.com/search?q=Ecospend+Technologies+Limited+careers
eCreation Media Technology Ltd,Poole,,Worker (A rating),Skilled Worker,,,https://www.bing.com/search?q=eCreation+Media+Technology+Ltd+official+website,,,,https://www.bing.com/search?q=eCreation+Media+Technology+Ltd+careers
EDGEMATICS TECHNOLOGIES UK LTD,Reading,,Worker (A rating),Skilled Worker,,,https://www.bing.com/search?q=EDGEMATICS+TECHNOLOGIES+UK+LTD+official+website,,,,https://www.bing.com/search?q=EDGEMATICS+TECHNOLOGIES+UK+LTD+careers
EDIFY SOFTWARE LTD,London,,Worker (A rating),Skilled Worker,,,https://www.bing.com/search?q=EDIFY+SOFTWARE+LTD+official+website,,,,https://www.bing.com/search?q=EDIFY+SOFTWARE+LTD+careers
EDW Technology Limited,Milton Keynes,Bucks,Worker (A rating),Skilled Worker,,,https://www.bing.com/search?q=EDW+Technology+Limited+official+website,,,,https://www.bing.com/search?q=EDW+Technology+Limited+careers
Effectiv AI UK Ltd,London,,Worker (A rating),Skilled Worker,,,https://www.bing.com/search?q=Effectiv+AI+UK+Ltd+official+website,,,,https://www.bing.com/search?q=Effectiv+AI+UK+Ltd+careers
Egress Software Technologies Limited,London,,Worker (A rating),Global Business Mobility: Senior or Specialist Worker,,,https://www.bing.com/search?q=Egress+Software+Technologies+Limited+official+website,,,,https://www.bing.com/search?q=Egress+Software+Technologies+Limited+careers
Egress Software Technologies Limited,London,,Worker (A rating),Skilled Worker,,,https://www.bing.com/search?q=Egress+Software+Technologies+Limited+official+website,,,,https://www.bing.com/search?q=Egress+Software+Technologies+Limited+careers
Eigen Software Limited,Birmingham,,Worker (A rating),Skilled Worker,,,https://www.bing.com/search?q=Eigen+Software+Limited+official+website,,,,https://www.bing.com/search?q=Eigen+Software+Limited+careers
Eigen Technologies Ltd,London,,Worker (A rating),Skilled Worker,,,https://www.bing.com/search?q=Eigen+Technologies+Ltd+official+website,,,,https://www.bing.com/search?q=Eigen+Technologies+Ltd+careers
Eightfold AI UK Ltd,London,,Worker (A rating),Global Business Mobility: Senior or Specialist Worker,,,https://www.bing.com/search?q=Eightfold+AI+UK+Ltd+official+website,,,,https://www.bing.com/search?q=Eightfold+AI+UK+Ltd+careers
Eightfold AI UK Ltd,London,,Worker (A rating),Skilled Worker,,,https://www.bing.com/search?q=Eightfold+AI+UK+Ltd+official+website,,,,https://www.bing.com/search?q=Eightfold+AI+UK+Ltd+careers
Eikon Peters Technology Consulting Ltd,Preston,,Worker (A rating),Skilled Worker,,,https://www.bing.com/search?q=Eikon+Peters+Technology+Consulting+Ltd+official+website,,,,https://www.bing.com/search?q=Eikon+Peters+Technology+Consulting+Ltd+careers
EILLA AI LTD,London,,Worker (A rating),Skilled Worker,,,https://www.bing.com/search?q=EILLA+AI+LTD+official+website,,,,https://www.bing.com/search?q=EILLA+AI+LTD+careers
Einride Technologies UK Limited,Hindhead,Surrey,Worker (A rating),Skilled Worker,,,https://www.bing.com/search?q=Einride+Technologies+UK+Limited+official+website,,,,https://www.bing.com/search?q=Einride+Technologies+UK+Limited+careers
Einride Technologies UK Limited,Hindhead,Surrey,Worker (A rating),Global Business Mobility: Senior or Specialist Worker,,,https://www.bing.com/search?q=Einride+Technologies+UK+Limited+official+website,,,,https://www.bing.com/search?q=Einride+Technologies+UK+Limited+careers
EJ Peak Technology Solutions Limited,Daresbury,Cheshire,Worker (A rating),Skilled Worker,,,https://www.bing.com/search?q=EJ+Peak+Technology+Solutions+Limited+official+website,,,,https://www.bing.com/search?q=EJ+Peak+Technology+Solutions+Limited+careers
Eka Software Solutions Limited,Leatherhead,Surrey,Worker (A rating),Global Business Mobility: Senior or Specialist Worker,,,https://www.bing.com/search?q=Eka+Software+Solutions+Limited+official+website,,,,https://www.bing.com/search?q=Eka+Software+Solutions+Limited+careers
EKCO CLOUD (UK) LIMITED,London,London,Worker (A rating),Skilled Worker,,,https://www.bing.com/search?q=EKCO+CLOUD+%28UK%29+LIMITED+official+website,,,,https://www.bing.com/search?q=EKCO+CLOUD+%28UK%29+LIMITED+careers
EKCO CLOUD AND SECURITY LIMITED,Milton Keynes,,Worker (A rating),Skilled Worker,,,https://www.bing.com/search?q=EKCO+CLOUD+AND+SECURITY+LIMITED+official+website,,,,https://www.bing.com/search?q=EKCO+CLOUD+AND+SECURITY+LIMITED+careers
EKY Technology LIMITED,Birmingham,,Worker (A rating),Skilled Worker,,,https://www.bing.com/search?q=EKY+Technology+LIMITED+official+website,,,,https://www.bing.com/search?q=EKY+Technology+LIMITED+careers
Elastic Path Software (UK) Ltd,Newcastle Upon Tyne,,Worker (A rating),Skilled Worker,,,https://www.bing.com/search?q=Elastic+Path+Software+%28UK%29+Ltd+official+website,,,,https://www.bing.com/search?q=Elastic+Path+Software+%28UK%29+Ltd+careers
Elastic Path Software Inc.,Reading,Berkshire,Worker (A rating),Global Business Mobility: Senior or Specialist Worker,,,https://www.bing.com/search?q=Elastic+Path+Software+Inc.+official+website,,,,https://www.bing.com/search?q=Elastic+Path+Software+Inc.+careers
Elastic Path Software Inc.,Reading,Berkshire,Worker (A rating),Skilled Worker,,,https://www.bing.com/search?q=Elastic+Path+Software+Inc.+official+website,,,,https://www.bing.com/search?q=Elastic+Path+Software+Inc.+careers
Elder Technologies Limited,London,,Worker (A rating),Skilled Worker,,,https://www.bing.com/search?q=Elder+Technologies+Limited+official+website,,,,https://www.bing.com/search?q=Elder+Technologies+Limited+careers
ELDOS TECHNOLOGY LIMITED,Wembley,,Worker (A rating),Skilled Worker,,,https://www.bing.com/search?q=ELDOS+TECHNOLOGY+LIMITED+official+website,,,,https://www.bing.com/search?q=ELDOS+TECHNOLOGY+LIMITED+careers
Electra Networks Ltd,Bracknell,Berkshire,Worker (A rating),Skilled Worker,,,https://www.bing.com/search?q=Electra+Networks+Ltd+official+website,,,,https://www.bing.com/search?q=Electra+Networks+Ltd+careers
ELEGANT TECHNOLOGIES UK LIMITED,London,,Worker (A rating),Skilled Worker,,,https://www.bing.com/search?q=ELEGANT+TECHNOLOGIES+UK+LIMITED+official+website,,,,https://www.bing.com/search?q=ELEGANT+TECHNOLOGIES+UK+LIMITED+careers
ELEKS Software UK Limited,London,,Worker (A rating),Skilled Worker,,,https://www.bing.com/search?q=ELEKS+Software+UK+Limited+official+website,,,,https://www.bing.com/search?q=ELEKS+Software+UK+Limited+careers
ELEMENT MATERIALS TECHNOLOGY SHARED SERVICES LIMITED,Newbridge,Mid Lothian,Worker (A rating),Skilled Worker,,,https://www.bing.com/search?q=ELEMENT+MATERIALS+TECHNOLOGY+SHARED+SERVICES+LIMITED+official+website,,,,https://www.bing.com/search?q=ELEMENT+MATERIALS+TECHNOLOGY+SHARED+SERVICES+LIMITED+careers
Elements Digital Ltd,London,,Worker (A rating),Skilled Worker,,,https://www.bing.com/search?q=Elements+Digital+Ltd+official+website,,,,https://www.bing.com/search?q=Elements+Digital+Ltd+careers
Elerian Conversational AI Limited,London,,Worker (A rating),Skilled Worker,,,https://www.bing.com/search?q=Elerian+Conversational+AI+Limited+official+website,,,,https://www.bing.com/search?q=Elerian+Conversational+AI+Limited+careers
Eligarf Technologies (UK) Limited,Harrow,Middlesex,Worker (A rating),Skilled Worker,,,https://www.bing.com/search?q=Eligarf+Technologies+%28UK%29+Limited+official+website,,,,https://www.bing.com/search?q=Eligarf+Technologies+%28UK%29+Limited+careers
Eligarf Technologies (UK) Limited,Harrow,Middlesex,Worker (A rating),Global Business Mobility: Senior or Specialist Worker,,,https://www.bing.com/search?q=Eligarf+Technologies+%28UK%29+Limited+official+website,,,,https://www.bing.com/search?q=Eligarf+Technologies+%28UK%29+Limited+careers
Elite Sport Performance Technologies Ltd,Loughborough,Leicestershire,Worker (A rating),Skilled Worker,,,https://www.bing.com/search?q=Elite+Sport+Performance+Technologies+Ltd+official+website,,,,https://www.bing.com/search?q=Elite+Sport+Performance+Technologies+Ltd+careers
Ellipse Data Ltd,London,,Worker (A rating),Skilled Worker,,,https://www.bing.com/search?q=Ellipse+Data+Ltd+official+website,,,,https://www.bing.com/search?q=Ellipse+Data+Ltd+careers
"Ellison Institute of Technology, Oxford Limited",Littlemore,Oxford,Worker (A rating),Skilled Worker,,,https://www.bing.com/search?q=Ellison+Institute+of+Technology%2C+Oxford+Limited+official+website,,,,https://www.bing.com/search?q=Ellison+Institute+of+Technology%2C+Oxford+Limited+careers
"Ellison Institute of Technology, Oxford Limited",Littlemore,Oxford,Worker (A rating),Global Business Mobility: Senior or Specialist Worker,,,https://www.bing.com/search?q=Ellison+Institute+of+Technology%2C+Oxford+Limited+official+website,,,,https://www.bing.com/search?q=Ellison+Institute+of+Technology%2C+Oxford+Limited+careers
Elmac Technologies Limited,Greenfield,Flintshire,Worker (A rating),Skilled Worker,,,https://www.bing.com/search?q=Elmac+Technologies+Limited+official+website,,,,https://www.bing.com/search?q=Elmac+Technologies+Limited+careers
Elo AI Ltd,London,England,Worker (A rating),Skilled Worker,,,https://www.bing.com/search?q=Elo+AI+Ltd+official+website,,,,https://www.bing.com/search?q=Elo+AI+Ltd+careers
Elwood Technologies Services Limited,London,,Worker (A rating),Global Business Mobility: Senior or Specialist Worker,,,https://www.bing.com/search?q=Elwood+Technologies+Services+Limited+official+website,,,,https://www.bing.com/search?q=Elwood+Technologies+Services+Limited+careers
Elwood Technologies Services Limited,London,,Worker (A rating),Skilled Worker,,,https://www.bing.com/search?q=Elwood+Technologies+Services+Limited+official+website,,,,https://www.bing.com/search?q=Elwood+Technologies+Services+Limited+careers
Emerald Technology Recruitment Limited,Birmingham,,Worker (A rating),Skilled Worker,,,https://www.bing.com/search?q=Emerald+Technology+Recruitment+Limited+official+website,,,,https://www.bing.com/search?q=Emerald+Technology+Recruitment+Limited+careers
Emerald Telecom Limited,London,Middlesex,Worker (A rating),Skilled Worker,,,https://www.bing.com/search?q=Emerald+Telecom+Limited+official+website,,,,https://www.bing.com/search?q=Emerald+Telecom+Limited+careers
Emergency Nutrition Network,Kidlington,,Worker (A rating),Skilled Worker,,,https://www.bing.com/search?q=Emergency+Nutrition+Network+official+website,,,,https://www.bing.com/search?q=Emergency+Nutrition+Network+careers
Emerson Climate Technologies Limited,Reading,Berkshire,Worker (A rating),Skilled Worker,,,https://www.bing.com/search?q=Emerson+Climate+Technologies+Limited+official+website,,,,https://www.bing.com/search?q=Emerson+Climate+Technologies+Limited+careers
Emerson Climate Technologies Limited,Reading,Berkshire,Worker (A rating),Global Business Mobility: Senior or Specialist Worker,,,https://www.bing.com/search?q=Emerson+Climate+Technologies+Limited+official+website,,,,https://www.bing.com/search?q=Emerson+Climate+Technologies+Limited+careers
Emma Technologies LTD,London,,Worker (A rating),Skilled Worker,,,https://www.bing.com/search?q=Emma+Technologies+LTD+official+website,,,,https://www.bing.com/search?q=Emma+Technologies+LTD+careers
Emtalent Digital Limited,Reading,Berkshire,Worker (A rating),Skilled Worker,,,https://www.bing.com/search?q=Emtalent+Digital+Limited+official+website,,,,https://www.bing.com/search?q=Emtalent+Digital+Limited+careers
ENA Digital Services Ltd,Slough,,Worker (A rating),Skilled Worker,,,https://www.bing.com/search?q=ENA+Digital+Services+Ltd+official+website,,,,https://www.bing.com/search?q=ENA+Digital+Services+Ltd+careers
Enable Network Services Limited,Barbican,London,Worker (A rating),Skilled Worker,,,https://www.bing.com/search?q=Enable+Network+Services+Limited+official+website,,,,https://www.bing.com/search?q=Enable+Network+Services+Limited+careers
ENATIONS TECHNOLOGY LTD,London,,Worker (A rating),Skilled Worker,,,https://www.bing.com/search?q=ENATIONS+TECHNOLOGY+LTD+official+website,,,,https://www.bing.com/search?q=ENATIONS+TECHNOLOGY+LTD+careers
Encompass Digital Media Services Limited,London,,Worker (A rating),Skilled Worker,,,https://www.bing.com/search?q=Encompass+Digital+Media+Services+Limited+official+website,,,,https://www.bing.com/search?q=Encompass+Digital+Media+Services+Limited+careers
Encompass Digital Media Services Limited,London,,Worker (A rating),Global Business Mobility: Senior or Specialist Worker,,,https://www.bing.com/search?q=Encompass+Digital+Media+Services+Limited+official+website,,,,https://www.bing.com/search?q=Encompass+Digital+Media+Services+Limited+careers
Encora Software (UK) Private Limited,London,,Worker (A rating),Global Business Mobility: Senior or Specialist Worker,,,https://www.bing.com/search?q=Encora+Software+%28UK%29+Private+Limited+official+website,,,,https://www.bing.com/search?q=Encora+Software+%28UK%29+Private+Limited+careers
Encora Software (UK) Private Limited,London,,Worker (A rating),Skilled Worker,,,https://www.bing.com/search?q=Encora+Software+%28UK%29+Private+Limited+official+website,,,,https://www.bing.com/search?q=Encora+Software+%28UK%29+Private+Limited+careers
Encore Software Limited,Horsham,West Sussex,Worker (A rating),Skilled Worker,,,https://www.bing.com/search?q=Encore+Software+Limited+official+website,,,,https://www.bing.com/search?q=Encore+Software+Limited+careers
Energeia Technologies,Antrim,Antrim,Worker (A rating),Skilled Worker,,,https://www.bing.com/search?q=Energeia+Technologies+official+website,,,,https://www.bing.com/search?q=Energeia+Technologies+careers
ENERGY & COMPLIANCE TECHNOLOGY LTD,Wakefield,West Yorkshire,Worker (A rating),Skilled Worker,,,https://www.bing.com/search?q=ENERGY+%26+COMPLIANCE+TECHNOLOGY+LTD+official+website,,,,https://www.bing.com/search?q=ENERGY+%26+COMPLIANCE+TECHNOLOGY+LTD+careers
Energy Network Services Ltd,Wimborne,Dorset,Worker (A rating),Skilled Worker,,,https://www.bing.com/search?q=Energy+Network+Services+Ltd+official+website,,,,https://www.bing.com/search?q=Energy+Network+Services+Ltd+careers
Energy Networks Association,London,Greater London,Worker (A rating),Skilled Worker,,,https://www.bing.com/search?q=Energy+Networks+Association+official+website,,,,https://www.bing.com/search?q=Energy+Networks+Association+careers
ENGAGE DIGITAL PARTNERS,LONDON,,Worker (A rating),Skilled Worker,,,https://www.bing.com/search?q=ENGAGE+DIGITAL+PARTNERS+official+website,,,,https://www.bing.com/search?q=ENGAGE+DIGITAL+PARTNERS+careers
Engage Digital Partners Limited,London,,Worker (A rating),Skilled Worker,,,https://www.bing.com/search?q=Engage+Digital+Partners+Limited+official+website,,,,https://www.bing.com/search?q=Engage+Digital+Partners+Limited+careers
Engage Technology Partners Limited,Ipswich,,Worker (A rating),Skilled Worker,,,https://www.bing.com/search?q=Engage+Technology+Partners+Limited+official+website,,,,https://www.bing.com/search?q=Engage+Technology+Partners+Limited+careers
Engine AI Limited,London,,Worker (A rating),Skilled Worker,,,https://www.bing.com/search?q=Engine+AI+Limited+official+website,,,,https://www.bing.com/search?q=Engine+AI+Limited+careers
Engineer.ai Global Ltd,London,,Worker (A rating),Global Business Mobility: Senior or Specialist Worker,https://engineer.ai,derived_from_company_name_domain,https://www.bing.com/search?q=Engineer.ai+Global+Ltd+official+website,,https://engineer.ai,https://engineer.ai/careers,https://www.bing.com/search?q=Engineer.ai+Global+Ltd+careers
Engineer.ai Global Ltd,London,,Worker (A rating),Skilled Worker,https://engineer.ai,derived_from_company_name_domain,https://www.bing.com/search?q=Engineer.ai+Global+Ltd+official+website,,https://engineer.ai,https://engineer.ai/careers,https://www.bing.com/search?q=Engineer.ai+Global+Ltd+careers
Engineering Technology Group,Wellesbourne,Warwickshire,Worker (A rating),Skilled Worker,,,https://www.bing.com/search?q=Engineering+Technology+Group+official+website,,,,https://www.bing.com/search?q=Engineering+Technology+Group+careers
Enigma Software Solutions Limited,London,,Worker (A rating),Skilled Worker,,,https://www.bing.com/search?q=Enigma+Software+Solutions+Limited+official+website,,,,https://www.bing.com/search?q=Enigma+Software+Solutions+Limited+careers
Enigma Software Solutions Limited,London,,Worker (A rating),Global Business Mobility: Senior or Specialist Worker,,,https://www.bing.com/search?q=Enigma+Software+Solutions+Limited+official+website,,,,https://www.bing.com/search?q=Enigma+Software+Solutions+Limited+careers
Enji Technologies,London,London,Worker (A rating),Skilled Worker,,,https://www.bing.com/search?q=Enji+Technologies+official+website,,,,https://www.bing.com/search?q=Enji+Technologies+careers
Enjoy Digital Communications Ltd,Leeds,West Yorkshire,Worker (A rating),Skilled Worker,,,https://www.bing.com/search?q=Enjoy+Digital+Communications+Ltd+official+website,,,,https://www.bing.com/search?q=Enjoy+Digital+Communications+Ltd+careers
Enlighten Software Limited,London,,Worker (A rating),Skilled Worker,,,https://www.bing.com/search?q=Enlighten+Software+Limited+official+website,,,,https://www.bing.com/search?q=Enlighten+Software+Limited+careers
Enlighten Software Limited,London,,Worker (A rating),Global Business Mobility: Senior or Specialist Worker,,,https://www.bing.com/search?q=Enlighten+Software+Limited+official+website,,,,https://www.bing.com/search?q=Enlighten+Software+Limited+careers
Enmarq Technologies Limited,Reading,,Worker (A rating),Global Business Mobility: Senior or Specialist Worker,,,https://www.bing.com/search?q=Enmarq+Technologies+Limited+official+website,,,,https://www.bing.com/search?q=Enmarq+Technologies+Limited+careers
Enmarq Technologies Limited,Reading,,Worker (A rating),Skilled Worker,,,https://www.bing.com/search?q=Enmarq+Technologies+Limited+official+website,,,,https://www.bing.com/search?q=Enmarq+Technologies+Limited+careers
Ennovision Technology Solutions Limited,Rickmansworth,,Worker (A rating),Skilled Worker,,,https://www.bing.com/search?q=Ennovision+Technology+Solutions+Limited+official+website,,,,https://www.bing.com/search?q=Ennovision+Technology+Solutions+Limited+careers
ENSEMBLE SOFTWARE (UK) LIMITED,London,,Worker (A rating),Skilled Worker,,,https://www.bing.com/search?q=ENSEMBLE+SOFTWARE+%28UK%29+LIMITED+official+website,,,,https://www.bing.com/search?q=ENSEMBLE+SOFTWARE+%28UK%29+LIMITED+careers
Enterprise AI Technology Ltd,London,,Worker (A rating),Skilled Worker,,,https://www.bing.com/search?q=Enterprise+AI+Technology+Ltd+official+website,,,,https://www.bing.com/search?q=Enterprise+AI+Technology+Ltd+careers
Entralon Technology Limited,London,,Worker (A rating),Skilled Worker,,,https://www.bing.com/search?q=Entralon+Technology+Limited+official+website,,,,https://www.bing.com/search?q=Entralon+Technology+Limited+careers
ENTREPRENEUR BREED NETWORKS LIMITED,MANCHESTER,,Worker (A rating),Skilled Worker,,,https://www.bing.com/search?q=ENTREPRENEUR+BREED+NETWORKS+LIMITED+official+website,,,,https://www.bing.com/search?q=ENTREPRENEUR+BREED+NETWORKS+LIMITED+careers
Envisage Digital,Bournemouth,Dorset,Worker (A rating),Skilled Worker,,,https://www.bing.com/search?q=Envisage+Digital+official+website,,,,https://www.bing.com/search?q=Envisage+Digital+careers
Enwa Water Technology UK,Desford,Leicestershire,Worker (A rating),Skilled Worker,,,https://www.bing.com/search?q=Enwa+Water+Technology+UK+official+website,,,,https://www.bing.com/search?q=Enwa+Water+Technology+UK+careers
Epicor Software (UK) Limited,Bracknell,Berkshire,Worker (A rating),Global Business Mobility: Senior or Specialist Worker,,,https://www.bing.com/search?q=Epicor+Software+%28UK%29+Limited+official+website,,,,https://www.bing.com/search?q=Epicor+Software+%28UK%29+Limited+careers
Epicor Software (UK) Limited,Bracknell,Berkshire,Worker (A rating),Skilled Worker,,,https://www.bing.com/search?q=Epicor+Software+%28UK%29+Limited+official+website,,,,https://www.bing.com/search?q=Epicor+Software+%28UK%29+Limited+careers
Epion Technologies Ltd,Stirling,,Worker (A rating),Global Business Mobility: UK Expansion Worker,,,https://www.bing.com/search?q=Epion+Technologies+Ltd+official+website,,,,https://www.bing.com/search?q=Epion+Technologies+Ltd+careers
EPROD SOFTWARE UK LTD,Dronfield,Derbyshire,Worker (A rating),Skilled Worker,,,https://www.bing.com/search?q=EPROD+SOFTWARE+UK+LTD+official+website,,,,https://www.bing.com/search?q=EPROD+SOFTWARE+UK+LTD+careers
Equip Outdoor Technologies UK Limited,Alfreton,,Worker (A rating),Global Business Mobility: Senior or Specialist Worker,,,https://www.bing.com/search?q=Equip+Outdoor+Technologies+UK+Limited+official+website,,,,https://www.bing.com/search?q=Equip+Outdoor+Technologies+UK+Limited+careers
Equip Outdoor Technologies UK Limited,Alfreton,,Worker (A rating),Skilled Worker,,,https://www.bing.com/search?q=Equip+Outdoor+Technologies+UK+Limited+official+website,,,,https://www.bing.com/search?q=Equip+Outdoor+Technologies+UK+Limited+careers
EQUUS SOFTWARE UK LIMITED,London,London,Worker (A rating),Skilled Worker,,,https://www.bing.com/search?q=EQUUS+SOFTWARE+UK+LIMITED+official+website,,,,https://www.bing.com/search?q=EQUUS+SOFTWARE+UK+LIMITED+careers
EQUUS SOFTWARE UK LIMITED,London,London,Worker (A rating),Global Business Mobility: Senior or Specialist Worker,,,https://www.bing.com/search?q=EQUUS+SOFTWARE+UK+LIMITED+official+website,,,,https://www.bing.com/search?q=EQUUS+SOFTWARE+UK+LIMITED+careers
eResearch Technology Limited,Nottingham,,Worker (A rating),Skilled Worker,,,https://www.bing.com/search?q=eResearch+Technology+Limited+official+website,,,,https://www.bing.com/search?q=eResearch+Technology+Limited+careers
ERI BANKING SOFTWARE LIMITED,London,,Worker (A rating),Skilled Worker,,,https://www.bing.com/search?q=ERI+BANKING+SOFTWARE+LIMITED+official+website,,,,https://www.bing.com/search?q=ERI+BANKING+SOFTWARE+LIMITED+careers
ERIKA TECHNOLOGY LTD,"London, Greater London",,Worker (A rating),Skilled Worker,,,https://www.bing.com/search?q=ERIKA+TECHNOLOGY+LTD+official+website,,,,https://www.bing.com/search?q=ERIKA+TECHNOLOGY+LTD+careers
ERP Data Services Ltd,Milton Keynes,,Worker (A rating),Skilled Worker,,,https://www.bing.com/search?q=ERP+Data+Services+Ltd+official+website,,,,https://www.bing.com/search?q=ERP+Data+Services+Ltd+careers
ERPTREE TECHNOLOGIES LIMITED,London,England,Worker (A rating),Skilled Worker,,,https://www.bing.com/search?q=ERPTREE+TECHNOLOGIES+LIMITED+official+website,,,,https://www.bing.com/search?q=ERPTREE+TECHNOLOGIES+LIMITED+careers
Erudite Technologies Limited,Bletchley,,Worker (A rating),Skilled Worker,,,https://www.bing.com/search?q=Erudite+Technologies+Limited+official+website,,,,https://www.bing.com/search?q=Erudite+Technologies+Limited+careers
Eschmann Technologies Ltd,Lancing,West Sussex,Worker (A rating),Skilled Worker,,,https://www.bing.com/search?q=Eschmann+Technologies+Ltd+official+website,,,,https://www.bing.com/search?q=Eschmann+Technologies+Ltd+careers
ESI Technology Ltd,Wrexham,Wrexham,Worker (A rating),Skilled Worker,,,https://www.bing.com/search?q=ESI+Technology+Ltd+official+website,,,,https://www.bing.com/search?q=ESI+Technology+Ltd+careers
ESR Technology Ltd,Warrington,Cheshire,Worker (A rating),Skilled Worker,,,https://www.bing.com/search?q=ESR+Technology+Ltd+official+website,,,,https://www.bing.com/search?q=ESR+Technology+Ltd+careers
ESSURE TECHNOLOGIES LTD,Coventry,,Worker (A rating),Skilled Worker,,,https://www.bing.com/search?q=ESSURE+TECHNOLOGIES+LTD+official+website,,,,https://www.bing.com/search?q=ESSURE+TECHNOLOGIES+LTD+careers
Ethnic Technologies (London) Limited,London,,Worker (A rating),Skilled Worker,,,https://www.bing.com/search?q=Ethnic+Technologies+%28London%29+Limited+official+website,,,,https://www.bing.com/search?q=Ethnic+Technologies+%28London%29+Limited+careers
EURO DIGITAL PRINT LTD,LONDON,,Worker (A rating),Skilled Worker,,,https://www.bing.com/search?q=EURO+DIGITAL+PRINT+LTD+official+website,,,,https://www.bing.com/search?q=EURO+DIGITAL+PRINT+LTD+careers
Eurofins Digital Product Testing UK Limited,Bristol,,Worker (A rating),Skilled Worker,,,https://www.bing.com/search?q=Eurofins+Digital+Product+Testing+UK+Limited+official+website,,,,https://www.bing.com/search?q=Eurofins+Digital+Product+Testing+UK+Limited+careers
Eurograph Computer Supplies Ltd,Newport,Gwent,Worker (A rating),Skilled Worker,,,https://www.bing.com/search?q=Eurograph+Computer+Supplies+Ltd+official+website,,,,https://www.bing.com/search?q=Eurograph+Computer+Supplies+Ltd+careers
Eurolaser Technologies Limited,Datchet,,Worker (A rating),Skilled Worker,,,https://www.bing.com/search?q=Eurolaser+Technologies+Limited+official+website,,,,https://www.bing.com/search?q=Eurolaser+Technologies+Limited+careers
Eurolink Technology Ltd,Leatherhead,Surrey,Worker (A rating),Skilled Worker,,,https://www.bing.com/search?q=Eurolink+Technology+Ltd+official+website,,,,https://www.bing.com/search?q=Eurolink+Technology+Ltd+careers
European Data Analytics Limited,Edinburgh,Lothian Region,Worker (A rating),Skilled Worker,,,https://www.bing.com/search?q=European+Data+Analytics+Limited+official+website,,,,https://www.bing.com/search?q=European+Data+Analytics+Limited+careers
European Leadership Network,London,,Worker (A rating),Skilled Worker,,,https://www.bing.com/search?q=European+Leadership+Network+official+website,,,,https://www.bing.com/search?q=European+Leadership+Network+careers
European Software Solutions (UK) Limited,Borehamwood,,Worker (A rating),Skilled Worker,,,https://www.bing.com/search?q=European+Software+Solutions+%28UK%29+Limited+official+website,,,,https://www.bing.com/search?q=European+Software+Solutions+%28UK%29+Limited+careers
European Technology Development Limited,Leatherhead,Surrey,Worker (A rating),Skilled Worker,,,https://www.bing.com/search?q=European+Technology+Development+Limited+official+website,,,,https://www.bing.com/search?q=European+Technology+Development+Limited+careers
European Technology Group Ltd.,London,,Worker (A rating),Skilled Worker,,,https://www.bing.com/search?q=European+Technology+Group+Ltd.+official+website,,,,https://www.bing.com/search?q=European+Technology+Group+Ltd.+careers
Evariste Technologies Limited,Reading,,Worker (A rating),Skilled Worker,,,https://www.bing.com/search?q=Evariste+Technologies+Limited+official+website,,,,https://www.bing.com/search?q=Evariste+Technologies+Limited+careers
EVBULB TECHNOLOGY LTD,London,,Worker (A rating),Skilled Worker,,,https://www.bing.com/search?q=EVBULB+TECHNOLOGY+LTD+official+website,,,,https://www.bing.com/search?q=EVBULB+TECHNOLOGY+LTD+careers
Everest Software Systems Limited,London,,Worker (A rating),Skilled Worker,,,https://www.bing.com/search?q=Everest+Software+Systems+Limited+official+website,,,,https://www.bing.com/search?q=Everest+Software+Systems+Limited+careers
EVERYDAY COMPUTER SOLUTIONS LTD,London,,Worker (A rating),Skilled Worker,,,https://www.bing.com/search?q=EVERYDAY+COMPUTER+SOLUTIONS+LTD+official+website,,,,https://www.bing.com/search?q=EVERYDAY+COMPUTER+SOLUTIONS+LTD+careers
EVERYMATRIX TECHNOLOGY (UK) LIMITED,London,,Worker (A rating),Skilled Worker,,,https://www.bing.com/search?q=EVERYMATRIX+TECHNOLOGY+%28UK%29+LIMITED+official+website,,,,https://www.bing.com/search?q=EVERYMATRIX+TECHNOLOGY+%28UK%29+LIMITED+careers
EVERYMATRIX TECHNOLOGY (UK) LIMITED,London,,Worker (A rating),Global Business Mobility: Senior or Specialist Worker,,,https://www.bing.com/search?q=EVERYMATRIX+TECHNOLOGY+%28UK%29+LIMITED+official+website,,,,https://www.bing.com/search?q=EVERYMATRIX+TECHNOLOGY+%28UK%29+LIMITED+careers
Eviee Technologies Limited,Northampton,,Worker (A rating),Skilled Worker,,,https://www.bing.com/search?q=Eviee+Technologies+Limited+official+website,,,,https://www.bing.com/search?q=Eviee+Technologies+Limited+careers
Evoqua Water Technologies Ltd,Caldicot,Monmouthshire,Worker (A rating),Skilled Worker,,,https://www.bing.com/search?q=Evoqua+Water+Technologies+Ltd+official+website,,,,https://www.bing.com/search?q=Evoqua+Water+Technologies+Ltd+careers
Evoqua Water Technologies Ltd,Caldicot,Monmouthshire,Worker (A rating),Global Business Mobility: Senior or Specialist Worker,,,https://www.bing.com/search?q=Evoqua+Water+Technologies+Ltd+official+website,,,,https://www.bing.com/search?q=Evoqua+Water+Technologies+Ltd+careers
Exate Technology,London,,Worker (A rating),Skilled Worker,,,https://www.bing.com/search?q=Exate+Technology+official+website,,,,https://www.bing.com/search?q=Exate+Technology+careers
EXCHANGE DATA INTERNATIONAL LTD,LONDON,LONDON,Worker (A rating),Skilled Worker,,,https://www.bing.com/search?q=EXCHANGE+DATA+INTERNATIONAL+LTD+official+website,,,,https://www.bing.com/search?q=EXCHANGE+DATA+INTERNATIONAL+LTD+careers
Exclusive Networks Limited,Hampshire,,Worker (A rating),Skilled Worker,,,https://www.bing.com/search?q=Exclusive+Networks+Limited+official+website,,,,https://www.bing.com/search?q=Exclusive+Networks+Limited+careers
Exclusive Networks Limited,Hampshire,,Worker (A rating),Global Business Mobility: Senior or Specialist Worker,,,https://www.bing.com/search?q=Exclusive+Networks+Limited+official+website,,,,https://www.bing.com/search?q=Exclusive+Networks+Limited+careers
Experion Technologies UK Ltd,"Staines-Upon-Thames,",,Worker (A rating),Global Business Mobility: Senior or Specialist Worker,,,https://www.bing.com/search?q=Experion+Technologies+UK+Ltd+official+website,,,,https://www.bing.com/search?q=Experion+Technologies+UK+Ltd+careers
Experion Technologies UK Ltd,"Staines-Upon-Thames,",,Worker (A rating),Skilled Worker,,,https://www.bing.com/search?q=Experion+Technologies+UK+Ltd+official+website,,,,https://www.bing.com/search?q=Experion+Technologies+UK+Ltd+careers
Expo Technology Ltd,Sunbury On Thames,Surrey,Worker (A rating),Skilled Worker,,,https://www.bing.com/search?q=Expo+Technology+Ltd+official+website,,,,https://www.bing.com/search?q=Expo+Technology+Ltd+careers
Exponentia.ai Limited,London,,Worker (A rating),Skilled Worker,https://exponentia.ai,derived_from_company_name_domain,https://www.bing.com/search?q=Exponentia.ai+Limited+official+website,,https://exponentia.ai,https://exponentia.ai/careers,https://www.bing.com/search?q=Exponentia.ai+Limited+careers
Exponentia.ai Limited,London,,Worker (A rating),Global Business Mobility: Senior or Specialist Worker,https://exponentia.ai,derived_from_company_name_domain,https://www.bing.com/search?q=Exponentia.ai+Limited+official+website,,https://exponentia.ai,https://exponentia.ai/careers,https://www.bing.com/search?q=Exponentia.ai+Limited+careers
Exponential Climate Technologies Ltd,London,,Worker (A rating),Skilled Worker,,,https://www.bing.com/search?q=Exponential+Climate+Technologies+Ltd+official+website,,,,https://www.bing.com/search?q=Exponential+Climate+Technologies+Ltd+careers
Express Delivery Network Ltd,Preston,,Worker (A rating),Skilled Worker,,,https://www.bing.com/search?q=Express+Delivery+Network+Ltd+official+website,,,,https://www.bing.com/search?q=Express+Delivery+Network+Ltd+careers
Exroid Technology Ltd,Sandwich,Kent,Worker (A rating),Skilled Worker,,,https://www.bing.com/search?q=Exroid+Technology+Ltd+official+website,,,,https://www.bing.com/search?q=Exroid+Technology+Ltd+careers
Exscientia AI Limited,Abingdon,Oxfordshire,Worker (A rating),Global Business Mobility: Senior or Specialist Worker,,,https://www.bing.com/search?q=Exscientia+AI+Limited+official+website,,,,https://www.bing.com/search?q=Exscientia+AI+Limited+careers
Exscientia AI Limited,Abingdon,Oxfordshire,Worker (A rating),Skilled Worker,,,https://www.bing.com/search?q=Exscientia+AI+Limited+official+website,,,,https://www.bing.com/search?q=Exscientia+AI+Limited+careers
Extreme Networks UK Technology Limited,Reading,Berkshire,Worker (A rating),Skilled Worker,,,https://www.bing.com/search?q=Extreme+Networks+UK+Technology+Limited+official+website,,,,https://www.bing.com/search?q=Extreme+Networks+UK+Technology+Limited+careers
Extreme Networks UK Technology Limited,Reading,Berkshire,Worker (A rating),Global Business Mobility: Senior or Specialist Worker,,,https://www.bing.com/search?q=Extreme+Networks+UK+Technology+Limited+official+website,,,,https://www.bing.com/search?q=Extreme+Networks+UK+Technology+Limited+careers
EXUS SOFTWARE LTD,LONDON,,Worker (A rating),Global Business Mobility: Senior or Specialist Worker,,,https://www.bing.com/search?q=EXUS+SOFTWARE+LTD+official+website,,,,https://www.bing.com/search?q=EXUS+SOFTWARE+LTD+careers
EXUS SOFTWARE LTD,LONDON,,Worker (A rating),Skilled Worker,,,https://www.bing.com/search?q=EXUS+SOFTWARE+LTD+official+website,,,,https://www.bing.com/search?q=EXUS+SOFTWARE+LTD+careers
Eyeballs to Data Points Limited,Manchester,,Worker (A rating),Skilled Worker,,,https://www.bing.com/search?q=Eyeballs+to+Data+Points+Limited+official+website,,,,https://www.bing.com/search?q=Eyeballs+to+Data+Points+Limited+careers
EZI TECHNOLOGY LIMITED,EAST TILBURY,ESSEX,Worker (A rating),Skilled Worker,,,https://www.bing.com/search?q=EZI+TECHNOLOGY+LIMITED+official+website,,,,https://www.bing.com/search?q=EZI+TECHNOLOGY+LIMITED+careers
F & W Networks Ltd,London,,Worker (A rating),Skilled Worker,,,https://www.bing.com/search?q=F+%26+W+Networks+Ltd+official+website,,,,https://www.bing.com/search?q=F+%26+W+Networks+Ltd+careers
F Network Holdings UK Limited,London,,Worker (A rating),Skilled Worker,,,https://www.bing.com/search?q=F+Network+Holdings+UK+Limited+official+website,,,,https://www.bing.com/search?q=F+Network+Holdings+UK+Limited+careers
F Network Holdings UK Limited,London,,Worker (A rating),Global Business Mobility: Senior or Specialist Worker,,,https://www.bing.com/search?q=F+Network+Holdings+UK+Limited+official+website,,,,https://www.bing.com/search?q=F+Network+Holdings+UK+Limited+careers
F5 Networks Limited,Addlestone,Surrey,Worker (A rating),Global Business Mobility: Senior or Specialist Worker,,,https://www.bing.com/search?q=F5+Networks+Limited+official+website,,,,https://www.bing.com/search?q=F5+Networks+Limited+careers
F5 Networks Limited,Addlestone,Surrey,Worker (A rating),Skilled Worker,,,https://www.bing.com/search?q=F5+Networks+Limited+official+website,,,,https://www.bing.com/search?q=F5+Networks+Limited+careers
F8 Networks Limited,Bedford,,Worker (A rating),Skilled Worker,,,https://www.bing.com/search?q=F8+Networks+Limited+official+website,,,,https://www.bing.com/search?q=F8+Networks+Limited+careers
Fable Data Ltd,London,,Worker (A rating),Skilled Worker,,,https://www.bing.com/search?q=Fable+Data+Ltd+official+website,,,,https://www.bing.com/search?q=Fable+Data+Ltd+careers
Facit Data Systems,Milton Keynes,,Worker (A rating),Skilled Worker,,,https://www.bing.com/search?q=Facit+Data+Systems+official+website,,,,https://www.bing.com/search?q=Facit+Data+Systems+careers
Facultatieve Technologies Limited,Leeds,West Yorkshire,Worker (A rating),Skilled Worker,,,https://www.bing.com/search?q=Facultatieve+Technologies+Limited+official+website,,,,https://www.bing.com/search?q=Facultatieve+Technologies+Limited+careers
Fairport Engineering Limited t/a Fairport Tunnelling Technologies,Chorley,Lancashire,Worker (A rating),Skilled Worker,,,https://www.bing.com/search?q=Fairport+Engineering+Limited+t%2Fa+Fairport+Tunnelling+Technologies+official+website,,,,https://www.bing.com/search?q=Fairport+Engineering+Limited+t%2Fa+Fairport+Tunnelling+Technologies+careers
FAIRSHOT AI LTD,London,,Worker (A rating),Skilled Worker,,,https://www.bing.com/search?q=FAIRSHOT+AI+LTD+official+website,,,,https://www.bing.com/search?q=FAIRSHOT+AI+LTD+careers
Farad.ai,Oxford,United Kingdom,Worker (A rating),Skilled Worker,https://farad.ai,derived_from_company_name_domain,https://www.bing.com/search?q=Farad.ai+official+website,,https://farad.ai,https://farad.ai/careers,https://www.bing.com/search?q=Farad.ai+careers
Fareye Technologies Pvt Ltd,Milton Keynes,,Worker (A rating),Skilled Worker,,,https://www.bing.com/search?q=Fareye+Technologies+Pvt+Ltd+official+website,,,,https://www.bing.com/search?q=Fareye+Technologies+Pvt+Ltd+careers
Farrer Digital Ltd,London,,Worker (A rating),Skilled Worker,,,https://www.bing.com/search?q=Farrer+Digital+Ltd+official+website,,,,https://www.bing.com/search?q=Farrer+Digital+Ltd+careers
Fast Technologies Limited,Chadwell Heath,Essex,Worker (A rating),Skilled Worker,,,https://www.bing.com/search?q=Fast+Technologies+Limited+official+website,,,,https://www.bing.com/search?q=Fast+Technologies+Limited+careers
Fat Fish Digital Ltd,Dunstable,Bedfordshire,Worker (A rating),Skilled Worker,,,https://www.bing.com/search?q=Fat+Fish+Digital+Ltd+official+website,,,,https://www.bing.com/search?q=Fat+Fish+Digital+Ltd+careers
FAULTFIXERS TECHNOLOGIES LIMITED,WINCHESTER,HAMPSHIRE,Worker (A rating),Skilled Worker,,,https://www.bing.com/search?q=FAULTFIXERS+TECHNOLOGIES+LIMITED+official+website,,,,https://www.bing.com/search?q=FAULTFIXERS+TECHNOLOGIES+LIMITED+careers
FD Technologies Plc,Newry,Co.Down,Worker (A rating),Global Business Mobility: Senior or Specialist Worker,,,https://www.bing.com/search?q=FD+Technologies+Plc+official+website,,,,https://www.bing.com/search?q=FD+Technologies+Plc+careers
FD Technologies Plc,Newry,Co.Down,Worker (A rating),Skilled Worker,,,https://www.bing.com/search?q=FD+Technologies+Plc+official+website,,,,https://www.bing.com/search?q=FD+Technologies+Plc+careers
Federated Financial Technology Limited,London,England,Worker (A rating),Skilled Worker,,,https://www.bing.com/search?q=Federated+Financial+Technology+Limited+official+website,,,,https://www.bing.com/search?q=Federated+Financial+Technology+Limited+careers
Fentics Technology Limited,London,,Worker (A rating),Skilled Worker,,,https://www.bing.com/search?q=Fentics+Technology+Limited+official+website,,,,https://www.bing.com/search?q=Fentics+Technology+Limited+careers
Fermentation Technologies Ltd,Oxford,,Worker (A rating),Skilled Worker,,,https://www.bing.com/search?q=Fermentation+Technologies+Ltd+official+website,,,,https://www.bing.com/search?q=Fermentation+Technologies+Ltd+careers
Fern Computer Services Limited,Belfast,Antrim,Worker (A rating),Skilled Worker,,,https://www.bing.com/search?q=Fern+Computer+Services+Limited+official+website,,,,https://www.bing.com/search?q=Fern+Computer+Services+Limited+careers
FiberLean Technologies Limited,Par,Cornwall,Worker (A rating),Skilled Worker,,,https://www.bing.com/search?q=FiberLean+Technologies+Limited+official+website,,,,https://www.bing.com/search?q=FiberLean+Technologies+Limited+careers
Fibre Technology Limited,"Pinxton, Nottingham.",Nottingham,Temporary Worker (A rating),Global Business Mobility: Graduate Trainee,,,https://www.bing.com/search?q=Fibre+Technology+Limited+official+website,,,,https://www.bing.com/search?q=Fibre+Technology+Limited+careers
Fibretrace Technologies Limited,London,,Worker (A rating),Skilled Worker,,,https://www.bing.com/search?q=Fibretrace+Technologies+Limited+official+website,,,,https://www.bing.com/search?q=Fibretrace+Technologies+Limited+careers
Fibretrace Technologies Limited,London,,Worker (A rating),Global Business Mobility: Senior or Specialist Worker,,,https://www.bing.com/search?q=Fibretrace+Technologies+Limited+official+website,,,,https://www.bing.com/search?q=Fibretrace+Technologies+Limited+careers
Fibrus Networks Ltd.,Belfast,Antrim,Worker (A rating),Skilled Worker,,,https://www.bing.com/search?q=Fibrus+Networks+Ltd.+official+website,,,,https://www.bing.com/search?q=Fibrus+Networks+Ltd.+careers
Ficom Networks Ltd,Ringwood,Hampshire,Worker (A rating),Skilled Worker,,,https://www.bing.com/search?q=Ficom+Networks+Ltd+official+website,,,,https://www.bing.com/search?q=Ficom+Networks+Ltd+careers
Fifth Dimension AI Ltd,London,,Worker (A rating),Skilled Worker,,,https://www.bing.com/search?q=Fifth+Dimension+AI+Ltd+official+website,,,,https://www.bing.com/search?q=Fifth+Dimension+AI+Ltd+careers
FIFTH ROW TECHNOLOGIES LIMITED,London,,Worker (A rating),Skilled Worker,,,https://www.bing.com/search?q=FIFTH+ROW+TECHNOLOGIES+LIMITED+official+website,,,,https://www.bing.com/search?q=FIFTH+ROW+TECHNOLOGIES+LIMITED+careers
Fifty Technology Limited,London,,Worker (A rating),Skilled Worker,,,https://www.bing.com/search?q=Fifty+Technology+Limited+official+website,,,,https://www.bing.com/search?q=Fifty+Technology+Limited+careers
Figured Software UK Limited,London,,Worker (A rating),Global Business Mobility: Senior or Specialist Worker,,,https://www.bing.com/search?q=Figured+Software+UK+Limited+official+website,,,,https://www.bing.com/search?q=Figured+Software+UK+Limited+careers
Figured Software UK Limited,London,,Worker (A rating),Skilled Worker,,,https://www.bing.com/search?q=Figured+Software+UK+Limited+official+website,,,,https://www.bing.com/search?q=Figured+Software+UK+Limited+careers
Fike Safety Technology Ltd.,Gwent,,Worker (A rating),Skilled Worker,,,https://www.bing.com/search?q=Fike+Safety+Technology+Ltd.+official+website,,,,https://www.bing.com/search?q=Fike+Safety+Technology+Ltd.+careers
Financial Data Management Limited,London,,Worker (A rating),Skilled Worker,,,https://www.bing.com/search?q=Financial+Data+Management+Limited+official+website,,,,https://www.bing.com/search?q=Financial+Data+Management+Limited+careers
Financial Network Analytics Ltd,London,,Worker (A rating),Skilled Worker,,,https://www.bing.com/search?q=Financial+Network+Analytics+Ltd+official+website,,,,https://www.bing.com/search?q=Financial+Network+Analytics+Ltd+careers
Financial Recovery Technologies UK Limited,London,,Worker (A rating),Skilled Worker,,,https://www.bing.com/search?q=Financial+Recovery+Technologies+UK+Limited+official+website,,,,https://www.bing.com/search?q=Financial+Recovery+Technologies+UK+Limited+careers
Financial Recovery Technologies UK Limited,London,,Worker (A rating),Global Business Mobility: Senior or Specialist Worker,,,https://www.bing.com/search?q=Financial+Recovery+Technologies+UK+Limited+official+website,,,,https://www.bing.com/search?q=Financial+Recovery+Technologies+UK+Limited+careers
Finbourne Technology Limited,London,,Worker (A rating),Skilled Worker,,,https://www.bing.com/search?q=Finbourne+Technology+Limited+official+website,,,,https://www.bing.com/search?q=Finbourne+Technology+Limited+careers
Fincra Technologies Ltd.,Nuneaton,Warwickshire,Worker (A rating),Global Business Mobility: Senior or Specialist Worker,,,https://www.bing.com/search?q=Fincra+Technologies+Ltd.+official+website,,,,https://www.bing.com/search?q=Fincra+Technologies+Ltd.+careers
Fincra Technologies Ltd.,Nuneaton,Warwickshire,Worker (A rating),Skilled Worker,,,https://www.bing.com/search?q=Fincra+Technologies+Ltd.+official+website,,,,https://www.bing.com/search?q=Fincra+Technologies+Ltd.+careers
Finmile AI Limited,London,,Worker (A rating),Skilled Worker,,,https://www.bing.com/search?q=Finmile+AI+Limited+official+website,,,,https://www.bing.com/search?q=Finmile+AI+Limited+careers
Finsen Technologies Limited,London,,Worker (A rating),Skilled Worker,,,https://www.bing.com/search?q=Finsen+Technologies+Limited+official+website,,,,https://www.bing.com/search?q=Finsen+Technologies+Limited+careers
"Finster AI, UK",London,,Worker (A rating),Skilled Worker,,,https://www.bing.com/search?q=Finster+AI%2C+UK+official+website,,,,https://www.bing.com/search?q=Finster+AI%2C+UK+careers
"Finster AI, UK",London,,Worker (A rating),Global Business Mobility: Senior or Specialist Worker,,,https://www.bing.com/search?q=Finster+AI%2C+UK+official+website,,,,https://www.bing.com/search?q=Finster+AI%2C+UK+careers
Fintech Digital Solutions Ltd,London,,Worker (A rating),Skilled Worker,,,https://www.bing.com/search?q=Fintech+Digital+Solutions+Ltd+official+website,,,,https://www.bing.com/search?q=Fintech+Digital+Solutions+Ltd+careers
FINTECHOS TECHNOLOGY UK LTD,London,,Worker (A rating),Skilled Worker,,,https://www.bing.com/search?q=FINTECHOS+TECHNOLOGY+UK+LTD+official+website,,,,https://www.bing.com/search?q=FINTECHOS+TECHNOLOGY+UK+LTD+careers
Fiorano Software Ltd.,London,,Worker (A rating),Global Business Mobility: Senior or Specialist Worker,,,https://www.bing.com/search?q=Fiorano+Software+Ltd.+official+website,,,,https://www.bing.com/search?q=Fiorano+Software+Ltd.+careers
Fire Suppression Technology Ltd,WOKING,Surrey,Worker (A rating),Skilled Worker,,,https://www.bing.com/search?q=Fire+Suppression+Technology+Ltd+official+website,,,,https://www.bing.com/search?q=Fire+Suppression+Technology+Ltd+careers
FireAngel Safety Technology Limited,Coventry,West Midlands,Worker (A rating),Skilled Worker,,,https://www.bing.com/search?q=FireAngel+Safety+Technology+Limited+official+website,,,,https://www.bing.com/search?q=FireAngel+Safety+Technology+Limited+careers
Fireant Networks Limited,Harlow,Essex,Worker (A rating),Skilled Worker,,,https://www.bing.com/search?q=Fireant+Networks+Limited+official+website,,,,https://www.bing.com/search?q=Fireant+Networks+Limited+careers
Firefinch Software Ltd,Edinburgh,Scotland,Worker (A rating),Skilled Worker,,,https://www.bing.com/search?q=Firefinch+Software+Ltd+official+website,,,,https://www.bing.com/search?q=Firefinch+Software+Ltd+careers
Firefish Software,Glasgow,,Worker (A rating),Skilled Worker,,,https://www.bing.com/search?q=Firefish+Software+official+website,,,,https://www.bing.com/search?q=Firefish+Software+careers
First Network Limited,Northolt,Middlesex,Worker (A rating),Skilled Worker,,,https://www.bing.com/search?q=First+Network+Limited+official+website,,,,https://www.bing.com/search?q=First+Network+Limited+careers
First Technology Holdings Ltd,Reading,berkshire,Worker (A rating),Skilled Worker,,,https://www.bing.com/search?q=First+Technology+Holdings+Ltd+official+website,,,,https://www.bing.com/search?q=First+Technology+Holdings+Ltd+careers
FIVE AI Limited,Cambridge,,Worker (A rating),Skilled Worker,,,https://www.bing.com/search?q=FIVE+AI+Limited+official+website,,,,https://www.bing.com/search?q=FIVE+AI+Limited+careers
Flag Telecom UK Limited,London,,Worker (A rating),Skilled Worker,,,https://www.bing.com/search?q=Flag+Telecom+UK+Limited+official+website,,,,https://www.bing.com/search?q=Flag+Telecom+UK+Limited+careers
Flagship Technologies ltd,Heathrow,,Worker (A rating),Skilled Worker,,,https://www.bing.com/search?q=Flagship+Technologies+ltd+official+website,,,,https://www.bing.com/search?q=Flagship+Technologies+ltd+careers
FlexEnable Technology Ltd,Cambridge,,Worker (A rating),Skilled Worker,,,https://www.bing.com/search?q=FlexEnable+Technology+Ltd+official+website,,,,https://www.bing.com/search?q=FlexEnable+Technology+Ltd+careers
Flexera Software Limited,Risley,Warrington,Worker (A rating),Global Business Mobility: Senior or Specialist Worker,,,https://www.bing.com/search?q=Flexera+Software+Limited+official+website,,,,https://www.bing.com/search?q=Flexera+Software+Limited+careers
Flexera Software Limited,Risley,Warrington,Worker (A rating),Skilled Worker,,,https://www.bing.com/search?q=Flexera+Software+Limited+official+website,,,,https://www.bing.com/search?q=Flexera+Software+Limited+careers
Flexible Technology Solutions UK Ltd,Beaconsfield,Buckinghamshire,Worker (A rating),Skilled Worker,,,https://www.bing.com/search?q=Flexible+Technology+Solutions+UK+Ltd+official+website,,,,https://www.bing.com/search?q=Flexible+Technology+Solutions+UK+Ltd+careers
Flight Data Systems Limited,West Drayton,,Worker (A rating),Skilled Worker,,,https://www.bing.com/search?q=Flight+Data+Systems+Limited+official+website,,,,https://www.bing.com/search?q=Flight+Data+Systems+Limited+careers
Flint UK Technology Services Ltd,Watford,Hertfordshire,Worker (A rating),Skilled Worker,,,https://www.bing.com/search?q=Flint+UK+Technology+Services+Ltd+official+website,,,,https://www.bing.com/search?q=Flint+UK+Technology+Services+Ltd+careers
FLIPPER TECHNOLOGIES LTD,London,England,Worker (A rating),Skilled Worker,,,https://www.bing.com/search?q=FLIPPER+TECHNOLOGIES+LTD+official+website,,,,https://www.bing.com/search?q=FLIPPER+TECHNOLOGIES+LTD+careers
floe technology limited,newcastle upon tyne,,Worker (A rating),Skilled Worker,,,https://www.bing.com/search?q=floe+technology+limited+official+website,,,,https://www.bing.com/search?q=floe+technology+limited+careers
Floreon Technology Ltd,Hessle,,Worker (A rating),Skilled Worker,,,https://www.bing.com/search?q=Floreon+Technology+Ltd+official+website,,,,https://www.bing.com/search?q=Floreon+Technology+Ltd+careers
Flutter Labs AI Ltd,London,England,Worker (A rating),Skilled Worker,,,https://www.bing.com/search?q=Flutter+Labs+AI+Ltd+official+website,,,,https://www.bing.com/search?q=Flutter+Labs+AI+Ltd+careers
FMC Technologies Ltd,Dunfermline,,Worker (A rating),Global Business Mobility: Senior or Specialist Worker,,,https://www.bing.com/search?q=FMC+Technologies+Ltd+official+website,,,,https://www.bing.com/search?q=FMC+Technologies+Ltd+careers
FMC Technologies Ltd,Dunfermline,,Temporary Worker (A rating),Global Business Mobility: Graduate Trainee,,,https://www.bing.com/search?q=FMC+Technologies+Ltd+official+website,,,,https://www.bing.com/search?q=FMC+Technologies+Ltd+careers
FMC Technologies Ltd,Dunfermline,,Worker (A rating),Skilled Worker,,,https://www.bing.com/search?q=FMC+Technologies+Ltd+official+website,,,,https://www.bing.com/search?q=FMC+Technologies+Ltd+careers
FOCUS CLOUD LIMITED,East Sussex,England,Worker (A rating),Skilled Worker,,,https://www.bing.com/search?q=FOCUS+CLOUD+LIMITED+official+website,,,,https://www.bing.com/search?q=FOCUS+CLOUD+LIMITED+careers
Folio Technologies Ltd,London,,Worker (A rating),Skilled Worker,,,https://www.bing.com/search?q=Folio+Technologies+Ltd+official+website,,,,https://www.bing.com/search?q=Folio+Technologies+Ltd+careers
Folio3 Software UK,Woking,Surrey,Worker (A rating),Global Business Mobility: Senior or Specialist Worker,,,https://www.bing.com/search?q=Folio3+Software+UK+official+website,,,,https://www.bing.com/search?q=Folio3+Software+UK+careers
Folio3 Software UK,Woking,Surrey,Worker (A rating),Skilled Worker,,,https://www.bing.com/search?q=Folio3+Software+UK+official+website,,,,https://www.bing.com/search?q=Folio3+Software+UK+careers
Folio3 Software UK,Woking,Surrey,Temporary Worker (A rating),Global Business Mobility: Graduate Trainee,,,https://www.bing.com/search?q=Folio3+Software+UK+official+website,,,,https://www.bing.com/search?q=Folio3+Software+UK+careers
Fonoa Technologies UK Ltd,London,,Worker (A rating),Global Business Mobility: Senior or Specialist Worker,,,https://www.bing.com/search?q=Fonoa+Technologies+UK+Ltd+official+website,,,,https://www.bing.com/search?q=Fonoa+Technologies+UK+Ltd+careers
Fonoa Technologies UK Ltd,London,,Worker (A rating),Skilled Worker,,,https://www.bing.com/search?q=Fonoa+Technologies+UK+Ltd+official+website,,,,https://www.bing.com/search?q=Fonoa+Technologies+UK+Ltd+careers
Food Cloud Limited T/A Tikka Nation,Dorking,Surrey,Worker (A rating),Skilled Worker,,,https://www.bing.com/search?q=Food+Cloud+Limited+T%2FA+Tikka+Nation+official+website,,,,https://www.bing.com/search?q=Food+Cloud+Limited+T%2FA+Tikka+Nation+careers
Football 1x2 Ltd. (T/A 1X2 Network Ltd.),"Shenfield, Brentwood",Essex,Worker (A rating),Skilled Worker,,,https://www.bing.com/search?q=Football+1x2+Ltd.+%28T%2FA+1X2+Network+Ltd.%29+official+website,,,,https://www.bing.com/search?q=Football+1x2+Ltd.+%28T%2FA+1X2+Network+Ltd.%29+careers
Foragers AI Limited,London,,Worker (A rating),Skilled Worker,,,https://www.bing.com/search?q=Foragers+AI+Limited+official+website,,,,https://www.bing.com/search?q=Foragers+AI+Limited+careers
Forecast Technologies limited,London,,Worker (A rating),Skilled Worker,,,https://www.bing.com/search?q=Forecast+Technologies+limited+official+website,,,,https://www.bing.com/search?q=Forecast+Technologies+limited+careers
Foreks Financial Technologies Ltd,London,,Worker (A rating),Skilled Worker,,,https://www.bing.com/search?q=Foreks+Financial+Technologies+Ltd+official+website,,,,https://www.bing.com/search?q=Foreks+Financial+Technologies+Ltd+careers
FORESCOUT TECHNOLOGIES UK LTD,London,,Worker (A rating),Global Business Mobility: Senior or Specialist Worker,,,https://www.bing.com/search?q=FORESCOUT+TECHNOLOGIES+UK+LTD+official+website,,,,https://www.bing.com/search?q=FORESCOUT+TECHNOLOGIES+UK+LTD+careers
FORESCOUT TECHNOLOGIES UK LTD,London,,Worker (A rating),Skilled Worker,,,https://www.bing.com/search?q=FORESCOUT+TECHNOLOGIES+UK+LTD+official+website,,,,https://www.bing.com/search?q=FORESCOUT+TECHNOLOGIES+UK+LTD+careers
Foresight Data Machines Ltd,London,,Worker (A rating),Skilled Worker,,,https://www.bing.com/search?q=Foresight+Data+Machines+Ltd+official+website,,,,https://www.bing.com/search?q=Foresight+Data+Machines+Ltd+careers
Foretell Digital Limited,Chelmsford,Essex,Worker (A rating),Skilled Worker,,,https://www.bing.com/search?q=Foretell+Digital+Limited+official+website,,,,https://www.bing.com/search?q=Foretell+Digital+Limited+careers
Forge Software Inc Limited,London,,Worker (A rating),Skilled Worker,,,https://www.bing.com/search?q=Forge+Software+Inc+Limited+official+website,,,,https://www.bing.com/search?q=Forge+Software+Inc+Limited+careers
Form3 Technology Limited,London,,Worker (A rating),Skilled Worker,,,https://www.bing.com/search?q=Form3+Technology+Limited+official+website,,,,https://www.bing.com/search?q=Form3+Technology+Limited+careers
FORMAL TECHNOLOGY LIMITED,Bradwell,,Worker (A rating),Skilled Worker,,,https://www.bing.com/search?q=FORMAL+TECHNOLOGY+LIMITED+official+website,,,,https://www.bing.com/search?q=FORMAL+TECHNOLOGY+LIMITED+careers
Forrit Technology Limited,Edinburgh,,Worker (A rating),Skilled Worker,,,https://www.bing.com/search?q=Forrit+Technology+Limited+official+website,,,,https://www.bing.com/search?q=Forrit+Technology+Limited+careers
Fortress Technology (Europe) Limited,Banbury,Oxfordshire,Worker (A rating),Skilled Worker,,,https://www.bing.com/search?q=Fortress+Technology+%28Europe%29+Limited+official+website,,,,https://www.bing.com/search?q=Fortress+Technology+%28Europe%29+Limited+careers
Fortune Technology Ltd,Glasgow,,Worker (A rating),Skilled Worker,,,https://www.bing.com/search?q=Fortune+Technology+Ltd+official+website,,,,https://www.bing.com/search?q=Fortune+Technology+Ltd+careers
Forum Energy Technologies (UK) Limited,Westhill,Aberdeenshire,Worker (A rating),Skilled Worker,,,https://www.bing.com/search?q=Forum+Energy+Technologies+%28UK%29+Limited+official+website,,,,https://www.bing.com/search?q=Forum+Energy+Technologies+%28UK%29+Limited+careers
Fostro Technologies Ltd,Feltham,,Worker (A rating),Skilled Worker,,,https://www.bing.com/search?q=Fostro+Technologies+Ltd+official+website,,,,https://www.bing.com/search?q=Fostro+Technologies+Ltd+careers
Fountainhead software ltd,Bristol,,Worker (A rating),Skilled Worker,,,https://www.bing.com/search?q=Fountainhead+software+ltd+official+website,,,,https://www.bing.com/search?q=Fountainhead+software+ltd+careers
FPT Software United Kingdom Ltd.,London,,Worker (A rating),Global Business Mobility: Senior or Specialist Worker,,,https://www.bing.com/search?q=FPT+Software+United+Kingdom+Ltd.+official+website,,,,https://www.bing.com/search?q=FPT+Software+United+Kingdom+Ltd.+careers
FPT Software United Kingdom Ltd.,London,,Worker (A rating),Skilled Worker,,,https://www.bing.com/search?q=FPT+Software+United+Kingdom+Ltd.+official+website,,,,https://www.bing.com/search?q=FPT+Software+United+Kingdom+Ltd.+careers
FRESH GRAVITY SOFTWARE SERVICES UK LTD,London,,Worker (A rating),Global Business Mobility: Senior or Specialist Worker,,,https://www.bing.com/search?q=FRESH+GRAVITY+SOFTWARE+SERVICES+UK+LTD+official+website,,,,https://www.bing.com/search?q=FRESH+GRAVITY+SOFTWARE+SERVICES+UK+LTD+careers
FRESH GRAVITY SOFTWARE SERVICES UK LTD,London,,Worker (A rating),Skilled Worker,,,https://www.bing.com/search?q=FRESH+GRAVITY+SOFTWARE+SERVICES+UK+LTD+official+website,,,,https://www.bing.com/search?q=FRESH+GRAVITY+SOFTWARE+SERVICES+UK+LTD+careers
FRESHWORKS TECHNOLOGIES UK LIMITED,London,,Worker (A rating),Global Business Mobility: Senior or Specialist Worker,,,https://www.bing.com/search?q=FRESHWORKS+TECHNOLOGIES+UK+LIMITED+official+website,,,,https://www.bing.com/search?q=FRESHWORKS+TECHNOLOGIES+UK+LIMITED+careers
FRESHWORKS TECHNOLOGIES UK LIMITED,London,,Worker (A rating),Skilled Worker,,,https://www.bing.com/search?q=FRESHWORKS+TECHNOLOGIES+UK+LIMITED+official+website,,,,https://www.bing.com/search?q=FRESHWORKS+TECHNOLOGIES+UK+LIMITED+careers
Freudenberg Filtration Technologies UK Ltd,Crewe,Cheshire,Worker (A rating),Global Business Mobility: Senior or Specialist Worker,,,https://www.bing.com/search?q=Freudenberg+Filtration+Technologies+UK+Ltd+official+website,,,,https://www.bing.com/search?q=Freudenberg+Filtration+Technologies+UK+Ltd+careers
Freudenberg Filtration Technologies UK Ltd,Crewe,Cheshire,Worker (A rating),Skilled Worker,,,https://www.bing.com/search?q=Freudenberg+Filtration+Technologies+UK+Ltd+official+website,,,,https://www.bing.com/search?q=Freudenberg+Filtration+Technologies+UK+Ltd+careers
Freudenberg Flow Technologies Limited,Port Talbot,,Worker (A rating),Skilled Worker,,,https://www.bing.com/search?q=Freudenberg+Flow+Technologies+Limited+official+website,,,,https://www.bing.com/search?q=Freudenberg+Flow+Technologies+Limited+careers
Freudenberg Sealing Technologies Ltd,North Shields,Tyne & Wear,Worker (A rating),Global Business Mobility: Senior or Specialist Worker,,,https://www.bing.com/search?q=Freudenberg+Sealing+Technologies+Ltd+official+website,,,,https://www.bing.com/search?q=Freudenberg+Sealing+Technologies+Ltd+careers
Freudenberg Sealing Technologies Ltd,North Shields,Tyne & Wear,Worker (A rating),Skilled Worker,,,https://www.bing.com/search?q=Freudenberg+Sealing+Technologies+Ltd+official+website,,,,https://www.bing.com/search?q=Freudenberg+Sealing+Technologies+Ltd+careers
FRICTIONLESS TECHNOLOGIES LTD,London,,Worker (A rating),Skilled Worker,,,https://www.bing.com/search?q=FRICTIONLESS+TECHNOLOGIES+LTD+official+website,,,,https://www.bing.com/search?q=FRICTIONLESS+TECHNOLOGIES+LTD+careers
Frischmann Process Technology Limited,London,,Worker (A rating),Skilled Worker,,,https://www.bing.com/search?q=Frischmann+Process+Technology+Limited+official+website,,,,https://www.bing.com/search?q=Frischmann+Process+Technology+Limited+careers
Frontier AI Ltd,London,,Worker (A rating),Skilled Worker,,,https://www.bing.com/search?q=Frontier+AI+Ltd+official+website,,,,https://www.bing.com/search?q=Frontier+AI+Ltd+careers
Frontier Computer Corp Limited,Maidstone,Kent,Worker (A rating),Skilled Worker,,,https://www.bing.com/search?q=Frontier+Computer+Corp+Limited+official+website,,,,https://www.bing.com/search?q=Frontier+Computer+Corp+Limited+careers
FRONTIER SPACE TECHNOLOGIES LTD,Nottingham,,Worker (A rating),Skilled Worker,,,https://www.bing.com/search?q=FRONTIER+SPACE+TECHNOLOGIES+LTD+official+website,,,,https://www.bing.com/search?q=FRONTIER+SPACE+TECHNOLOGIES+LTD+careers
FRONTLINE TECHNOLOGY SERVICES UK LIMITED,Belfast,,Worker (A rating),Skilled Worker,,,https://www.bing.com/search?q=FRONTLINE+TECHNOLOGY+SERVICES+UK+LIMITED+official+website,,,,https://www.bing.com/search?q=FRONTLINE+TECHNOLOGY+SERVICES+UK+LIMITED+careers
FRUITFUL SOFTWARE LIMITED,London,,Worker (A rating),Skilled Worker,,,https://www.bing.com/search?q=FRUITFUL+SOFTWARE+LIMITED+official+website,,,,https://www.bing.com/search?q=FRUITFUL+SOFTWARE+LIMITED+careers
FT Technologies (UK) Ltd,Sunbury-on-Thames,,Worker (A rating),Skilled Worker,,,https://www.bing.com/search?q=FT+Technologies+%28UK%29+Ltd+official+website,,,,https://www.bing.com/search?q=FT+Technologies+%28UK%29+Ltd+careers
Fuel Additive Science Technologies Ltd,Shrewsbury,Shropshire,Worker (A rating),Skilled Worker,,,https://www.bing.com/search?q=Fuel+Additive+Science+Technologies+Ltd+official+website,,,,https://www.bing.com/search?q=Fuel+Additive+Science+Technologies+Ltd+careers
FULCRUM DIGITAL (UK) LIMITED,London,,Worker (A rating),Global Business Mobility: Senior or Specialist Worker,,,https://www.bing.com/search?q=FULCRUM+DIGITAL+%28UK%29+LIMITED+official+website,,,,https://www.bing.com/search?q=FULCRUM+DIGITAL+%28UK%29+LIMITED+careers
FULCRUM DIGITAL (UK) LIMITED,London,,Worker (A rating),Skilled Worker,,,https://www.bing.com/search?q=FULCRUM+DIGITAL+%28UK%29+LIMITED+official+website,,,,https://www.bing.com/search?q=FULCRUM+DIGITAL+%28UK%29+LIMITED+careers
Fulcrum Global Technologies UK Limited,London,,Worker (A rating),Global Business Mobility: Senior or Specialist Worker,,,https://www.bing.com/search?q=Fulcrum+Global+Technologies+UK+Limited+official+website,,,,https://www.bing.com/search?q=Fulcrum+Global+Technologies+UK+Limited+careers
Fulcrum Global Technologies UK Limited,London,,Worker (A rating),Skilled Worker,,,https://www.bing.com/search?q=Fulcrum+Global+Technologies+UK+Limited+official+website,,,,https://www.bing.com/search?q=Fulcrum+Global+Technologies+UK+Limited+careers
Funfair Technologies Limited,London,,Worker (A rating),Skilled Worker,,,https://www.bing.com/search?q=Funfair+Technologies+Limited+official+website,,,,https://www.bing.com/search?q=Funfair+Technologies+Limited+careers
Fusion Health Technology Solutions UK Ltd,London,,Worker (A rating),Global Business Mobility: Senior or Specialist Worker,,,https://www.bing.com/search?q=Fusion+Health+Technology+Solutions+UK+Ltd+official+website,,,,https://www.bing.com/search?q=Fusion+Health+Technology+Solutions+UK+Ltd+careers
Fusion Health Technology Solutions UK Ltd,London,,Worker (A rating),Skilled Worker,,,https://www.bing.com/search?q=Fusion+Health+Technology+Solutions+UK+Ltd+official+website,,,,https://www.bing.com/search?q=Fusion+Health+Technology+Solutions+UK+Ltd+careers
FusionAIx Technologies Limited,London,Greater London,Worker (A rating),Skilled Worker,,,https://www.bing.com/search?q=FusionAIx+Technologies+Limited+official+website,,,,https://www.bing.com/search?q=FusionAIx+Technologies+Limited+careers
FusionAIx Technologies Limited,London,Greater London,Worker (A rating),Global Business Mobility: Senior or Specialist Worker,,,https://www.bing.com/search?q=FusionAIx+Technologies+Limited+official+website,,,,https://www.bing.com/search?q=FusionAIx+Technologies+Limited+careers
Fusionride Technology (UK) Limited,London,,Worker (A rating),Skilled Worker,,,https://www.bing.com/search?q=Fusionride+Technology+%28UK%29+Limited+official+website,,,,https://www.bing.com/search?q=Fusionride+Technology+%28UK%29+Limited+careers
Future Intelligence Technology Solutions Limited,Reading,Berkshire,Worker (A rating),Skilled Worker,,,https://www.bing.com/search?q=Future+Intelligence+Technology+Solutions+Limited+official+website,,,,https://www.bing.com/search?q=Future+Intelligence+Technology+Solutions+Limited+careers
Future Technology Group Ltd,Chatteris,Cambridgeshire,Worker (A rating),Skilled Worker,,,https://www.bing.com/search?q=Future+Technology+Group+Ltd+official+website,,,,https://www.bing.com/search?q=Future+Technology+Group+Ltd+careers
Futuristic Technologies Ltd,Hounslow,Middlesex,Worker (A rating),Scale-up,,,https://www.bing.com/search?q=Futuristic+Technologies+Ltd+official+website,,,,https://www.bing.com/search?q=Futuristic+Technologies+Ltd+careers
Futuristic Technologies Ltd,Hounslow,Middlesex,Worker (A rating),Skilled Worker,,,https://www.bing.com/search?q=Futuristic+Technologies+Ltd+official+website,,,,https://www.bing.com/search?q=Futuristic+Technologies+Ltd+careers
Futuristic Technology Limited,London,,Worker (A rating),Skilled Worker,,,https://www.bing.com/search?q=Futuristic+Technology+Limited+official+website,,,,https://www.bing.com/search?q=Futuristic+Technology+Limited+careers
FX Digital Ltd,London,,Worker (A rating),Skilled Worker,,,https://www.bing.com/search?q=FX+Digital+Ltd+official+website,,,,https://www.bing.com/search?q=FX+Digital+Ltd+careers
Fyber Digital UK Ltd,London,,Worker (A rating),Global Business Mobility: Senior or Specialist Worker,,,https://www.bing.com/search?q=Fyber+Digital+UK+Ltd+official+website,,,,https://www.bing.com/search?q=Fyber+Digital+UK+Ltd+careers
Fyber Digital UK Ltd,London,,Worker (A rating),Skilled Worker,,,https://www.bing.com/search?q=Fyber+Digital+UK+Ltd+official+website,,,,https://www.bing.com/search?q=Fyber+Digital+UK+Ltd+careers
FYRE DIGITAL LTD T/A YUZE,Darlington,Durham,Worker (A rating),Skilled Worker,,,https://www.bing.com/search?q=FYRE+DIGITAL+LTD+T%2FA+YUZE+official+website,,,,https://www.bing.com/search?q=FYRE+DIGITAL+LTD+T%2FA+YUZE+careers
Fyxer AI Limited,London,England,Worker (A rating),Skilled Worker,,,https://www.bing.com/search?q=Fyxer+AI+Limited+official+website,,,,https://www.bing.com/search?q=Fyxer+AI+Limited+careers
FZ SOFTWARE SOLUTIONS LIMITED,Ilford,Essex,Worker (A rating),Skilled Worker,,,https://www.bing.com/search?q=FZ+SOFTWARE+SOLUTIONS+LIMITED+official+website,,,,https://www.bing.com/search?q=FZ+SOFTWARE+SOLUTIONS+LIMITED+careers
G K TELECOM LTD,SLOUGH,BERKSHIRE,Worker (A rating),Skilled Worker,,,https://www.bing.com/search?q=G+K+TELECOM+LTD+official+website,,,,https://www.bing.com/search?q=G+K+TELECOM+LTD+careers
G2 Digital Video Limited,Alton,Hampshire,Worker (A rating),Skilled Worker,,,https://www.bing.com/search?q=G2+Digital+Video+Limited+official+website,,,,https://www.bing.com/search?q=G2+Digital+Video+Limited+careers
G2O Water Technologies Ltd,Manchester,,Worker (A rating),Skilled Worker,,,https://www.bing.com/search?q=G2O+Water+Technologies+Ltd+official+website,,,,https://www.bing.com/search?q=G2O+Water+Technologies+Ltd+careers
Gaea AI Limited,London,,Worker (A rating),Skilled Worker,,,https://www.bing.com/search?q=Gaea+AI+Limited+official+website,,,,https://www.bing.com/search?q=Gaea+AI+Limited+careers
Galaxy Digital UK Limited,London,,Worker (A rating),Global Business Mobility: Senior or Specialist Worker,,,https://www.bing.com/search?q=Galaxy+Digital+UK+Limited+official+website,,,,https://www.bing.com/search?q=Galaxy+Digital+UK+Limited+careers
Galaxy Digital UK Limited,London,,Worker (A rating),Skilled Worker,,,https://www.bing.com/search?q=Galaxy+Digital+UK+Limited+official+website,,,,https://www.bing.com/search?q=Galaxy+Digital+UK+Limited+careers
Gameplan Technology Limited,London,,Worker (A rating),Skilled Worker,,,https://www.bing.com/search?q=Gameplan+Technology+Limited+official+website,,,,https://www.bing.com/search?q=Gameplan+Technology+Limited+careers
Gaming Technology Solutions Ltd (Trading as GTS Ltd),London,,Worker (A rating),Global Business Mobility: Senior or Specialist Worker,,,https://www.bing.com/search?q=Gaming+Technology+Solutions+Ltd+%28Trading+as+GTS+Ltd%29+official+website,,,,https://www.bing.com/search?q=Gaming+Technology+Solutions+Ltd+%28Trading+as+GTS+Ltd%29+careers
Gaming Technology Solutions Ltd (Trading as GTS Ltd),London,,Worker (A rating),Skilled Worker,,,https://www.bing.com/search?q=Gaming+Technology+Solutions+Ltd+%28Trading+as+GTS+Ltd%29+official+website,,,,https://www.bing.com/search?q=Gaming+Technology+Solutions+Ltd+%28Trading+as+GTS+Ltd%29+careers
Gamma Telecom Holdings Limited,London,,Worker (A rating),Skilled Worker,,,https://www.bing.com/search?q=Gamma+Telecom+Holdings+Limited+official+website,,,,https://www.bing.com/search?q=Gamma+Telecom+Holdings+Limited+careers
Gardenia Technologies Ltd,London,London,Worker (A rating),Skilled Worker,,,https://www.bing.com/search?q=Gardenia+Technologies+Ltd+official+website,,,,https://www.bing.com/search?q=Gardenia+Technologies+Ltd+careers
Garrison Technology Ltd,London,,Worker (A rating),Scale-up,,,https://www.bing.com/search?q=Garrison+Technology+Ltd+official+website,,,,https://www.bing.com/search?q=Garrison+Technology+Ltd+careers
Garrison Technology Ltd,London,,Worker (A rating),Skilled Worker,,,https://www.bing.com/search?q=Garrison+Technology+Ltd+official+website,,,,https://www.bing.com/search?q=Garrison+Technology+Ltd+careers
Gate Technology Systems Ltd,Hove,,Worker (A rating),Skilled Worker,,,https://www.bing.com/search?q=Gate+Technology+Systems+Ltd+official+website,,,,https://www.bing.com/search?q=Gate+Technology+Systems+Ltd+careers
Gateview Technologies Limiited,Leeds,,Worker (A rating),Skilled Worker,,,https://www.bing.com/search?q=Gateview+Technologies+Limiited+official+website,,,,https://www.bing.com/search?q=Gateview+Technologies+Limiited+careers
Gateway Digital UK Limited,Hook,United Kingdom,Worker (A rating),Skilled Worker,,,https://www.bing.com/search?q=Gateway+Digital+UK+Limited+official+website,,,,https://www.bing.com/search?q=Gateway+Digital+UK+Limited+careers
Gateway Digital UK Limited,Hook,United Kingdom,Worker (A rating),Global Business Mobility: Senior or Specialist Worker,,,https://www.bing.com/search?q=Gateway+Digital+UK+Limited+official+website,,,,https://www.bing.com/search?q=Gateway+Digital+UK+Limited+careers
GB Infotech Retail Ventures Limited,"Nottingham,",,Worker (A rating),Skilled Worker,,,https://www.bing.com/search?q=GB+Infotech+Retail+Ventures+Limited+official+website,,,,https://www.bing.com/search?q=GB+Infotech+Retail+Ventures+Limited+careers
GBA Technologies Ltd,Grimsby,North East Lincolnshire,Worker (A rating),Skilled Worker,,,https://www.bing.com/search?q=GBA+Technologies+Ltd+official+website,,,,https://www.bing.com/search?q=GBA+Technologies+Ltd+careers
GBBC Digital Finance Limited,London,,Worker (A rating),Skilled Worker,,,https://www.bing.com/search?q=GBBC+Digital+Finance+Limited+official+website,,,,https://www.bing.com/search?q=GBBC+Digital+Finance+Limited+careers
GBR Technology Limited,"Silchester, Reading",Berkshire,Worker (A rating),Skilled Worker,,,https://www.bing.com/search?q=GBR+Technology+Limited+official+website,,,,https://www.bing.com/search?q=GBR+Technology+Limited+careers
GBTEC Software UK Ltd,London,,Worker (A rating),Skilled Worker,,,https://www.bing.com/search?q=GBTEC+Software+UK+Ltd+official+website,,,,https://www.bing.com/search?q=GBTEC+Software+UK+Ltd+careers
GCI Network Solutions Limited,Wakefield,,Worker (A rating),Skilled Worker,,,https://www.bing.com/search?q=GCI+Network+Solutions+Limited+official+website,,,,https://www.bing.com/search?q=GCI+Network+Solutions+Limited+careers
GCL Building Technologies Ltd,Tunbridge Wells,Kent,Worker (A rating),Skilled Worker,,,https://www.bing.com/search?q=GCL+Building+Technologies+Ltd+official+website,,,,https://www.bing.com/search?q=GCL+Building+Technologies+Ltd+careers
GCP Applied Technologies (UK) Limited,Slough,Berkshire,Worker (A rating),Global Business Mobility: Senior or Specialist Worker,,,https://www.bing.com/search?q=GCP+Applied+Technologies+%28UK%29+Limited+official+website,,,,https://www.bing.com/search?q=GCP+Applied+Technologies+%28UK%29+Limited+careers
GCP Applied Technologies (UK) Limited,Slough,Berkshire,Worker (A rating),Skilled Worker,,,https://www.bing.com/search?q=GCP+Applied+Technologies+%28UK%29+Limited+official+website,,,,https://www.bing.com/search?q=GCP+Applied+Technologies+%28UK%29+Limited+careers
GDG TECHNOLOGIES LTD,London,,Worker (A rating),Skilled Worker,,,https://www.bing.com/search?q=GDG+TECHNOLOGIES+LTD+official+website,,,,https://www.bing.com/search?q=GDG+TECHNOLOGIES+LTD+careers
GDK Software Ltd,Orpington,,Worker (A rating),Skilled Worker,,,https://www.bing.com/search?q=GDK+Software+Ltd+official+website,,,,https://www.bing.com/search?q=GDK+Software+Ltd+careers
GEM Data Group UK Limited,London,,Worker (A rating),Skilled Worker,,,https://www.bing.com/search?q=GEM+Data+Group+UK+Limited+official+website,,,,https://www.bing.com/search?q=GEM+Data+Group+UK+Limited+careers
Gemraj Technologies Ltd.,Rayleigh,Essex,Worker (A rating),Skilled Worker,,,https://www.bing.com/search?q=Gemraj+Technologies+Ltd.+official+website,,,,https://www.bing.com/search?q=Gemraj+Technologies+Ltd.+careers
Gen AI ML Ltd,London,,Worker (A rating),Skilled Worker,,,https://www.bing.com/search?q=Gen+AI+ML+Ltd+official+website,,,,https://www.bing.com/search?q=Gen+AI+ML+Ltd+careers
GENASYS TECHNOLOGIES UK LTD,London,,Worker (A rating),Skilled Worker,,,https://www.bing.com/search?q=GENASYS+TECHNOLOGIES+UK+LTD+official+website,,,,https://www.bing.com/search?q=GENASYS+TECHNOLOGIES+UK+LTD+careers
Generative Finance Technologies Limited,London,London,Worker (A rating),Skilled Worker,,,https://www.bing.com/search?q=Generative+Finance+Technologies+Limited+official+website,,,,https://www.bing.com/search?q=Generative+Finance+Technologies+Limited+careers
Generis Enterprise Technology Limited,London,,Worker (A rating),Skilled Worker,,,https://www.bing.com/search?q=Generis+Enterprise+Technology+Limited+official+website,,,,https://www.bing.com/search?q=Generis+Enterprise+Technology+Limited+careers
Genesis Cloud Technologies Limited,Southall,,Worker (A rating),Skilled Worker,,,https://www.bing.com/search?q=Genesis+Cloud+Technologies+Limited+official+website,,,,https://www.bing.com/search?q=Genesis+Cloud+Technologies+Limited+careers
Genesis Global Technology Limited.,London,,Worker (A rating),Skilled Worker,,,https://www.bing.com/search?q=Genesis+Global+Technology+Limited.+official+website,,,,https://www.bing.com/search?q=Genesis+Global+Technology+Limited.+careers
Genesis Technology Services Limited,Peterborough,Cambridgeshire,Worker (A rating),Skilled Worker,,,https://www.bing.com/search?q=Genesis+Technology+Services+Limited+official+website,,,,https://www.bing.com/search?q=Genesis+Technology+Services+Limited+careers
Genie AI Limited,London,,Worker (A rating),Skilled Worker,,,https://www.bing.com/search?q=Genie+AI+Limited+official+website,,,,https://www.bing.com/search?q=Genie+AI+Limited+careers
Genie Technology Limited,London,London,Worker (A rating),Skilled Worker,,,https://www.bing.com/search?q=Genie+Technology+Limited+official+website,,,,https://www.bing.com/search?q=Genie+Technology+Limited+careers
Genisys Software Ltd,London,,Worker (A rating),Skilled Worker,,,https://www.bing.com/search?q=Genisys+Software+Ltd+official+website,,,,https://www.bing.com/search?q=Genisys+Software+Ltd+careers
Genisys Software Ltd,London,,Worker (A rating),Global Business Mobility: Senior or Specialist Worker,,,https://www.bing.com/search?q=Genisys+Software+Ltd+official+website,,,,https://www.bing.com/search?q=Genisys+Software+Ltd+careers
Genius Software Solutions Limited,Glasgow,,Worker (A rating),Skilled Worker,,,https://www.bing.com/search?q=Genius+Software+Solutions+Limited+official+website,,,,https://www.bing.com/search?q=Genius+Software+Solutions+Limited+careers
Genuine Technologies Ltd t/a TruthEngine,Esher,,Worker (A rating),Skilled Worker,,,https://www.bing.com/search?q=Genuine+Technologies+Ltd+t%2Fa+TruthEngine+official+website,,,,https://www.bing.com/search?q=Genuine+Technologies+Ltd+t%2Fa+TruthEngine+careers
GEOFF HALL DIGITAL PRINT LTD T/A Ghdigitalprint.com,glasgow,lanarkshire,Worker (A rating),Skilled Worker,https://ghdigitalprint.com,derived_from_company_name_domain,https://www.bing.com/search?q=GEOFF+HALL+DIGITAL+PRINT+LTD+T%2FA+Ghdigitalprint.com+official+website,,https://ghdigitalprint.com,https://ghdigitalprint.com/careers,https://www.bing.com/search?q=GEOFF+HALL+DIGITAL+PRINT+LTD+T%2FA+Ghdigitalprint.com+careers
Geordie AI Ltd,London,London,Worker (A rating),Skilled Worker,,,https://www.bing.com/search?q=Geordie+AI+Ltd+official+website,,,,https://www.bing.com/search?q=Geordie+AI+Ltd+careers
Gerent Technologies Limited,Hatfield,,Worker (A rating),Skilled Worker,,,https://www.bing.com/search?q=Gerent+Technologies+Limited+official+website,,,,https://www.bing.com/search?q=Gerent+Technologies+Limited+careers
Germains Seed Technology (a division of ABF Grain Products Limited),London,,Worker (A rating),Global Business Mobility: Senior or Specialist Worker,,,https://www.bing.com/search?q=Germains+Seed+Technology+%28a+division+of+ABF+Grain+Products+Limited%29+official+website,,,,https://www.bing.com/search?q=Germains+Seed+Technology+%28a+division+of+ABF+Grain+Products+Limited%29+careers
Germains Seed Technology (a division of ABF Grain Products Limited),London,,Worker (A rating),Skilled Worker,,,https://www.bing.com/search?q=Germains+Seed+Technology+%28a+division+of+ABF+Grain+Products+Limited%29+official+website,,,,https://www.bing.com/search?q=Germains+Seed+Technology+%28a+division+of+ABF+Grain+Products+Limited%29+careers
GfK Retail and Technology UK Limited,London,,Worker (A rating),Global Business Mobility: Senior or Specialist Worker,,,https://www.bing.com/search?q=GfK+Retail+and+Technology+UK+Limited+official+website,,,,https://www.bing.com/search?q=GfK+Retail+and+Technology+UK+Limited+careers
GfK Retail and Technology UK Limited,London,,Worker (A rating),Skilled Worker,,,https://www.bing.com/search?q=GfK+Retail+and+Technology+UK+Limited+official+website,,,,https://www.bing.com/search?q=GfK+Retail+and+Technology+UK+Limited+careers
Giacom (Cloud) Limited,Hull,,Worker (A rating),Skilled Worker,,,https://www.bing.com/search?q=Giacom+%28Cloud%29+Limited+official+website,,,,https://www.bing.com/search?q=Giacom+%28Cloud%29+Limited+careers
Giesecke+Devrient Currency Technology GB Ltd,Milton Keynes,,Worker (A rating),Global Business Mobility: Senior or Specialist Worker,,,https://www.bing.com/search?q=Giesecke%2BDevrient+Currency+Technology+GB+Ltd+official+website,,,,https://www.bing.com/search?q=Giesecke%2BDevrient+Currency+Technology+GB+Ltd+careers
Giesecke+Devrient Currency Technology GB Ltd,Milton Keynes,,Worker (A rating),Skilled Worker,,,https://www.bing.com/search?q=Giesecke%2BDevrient+Currency+Technology+GB+Ltd+official+website,,,,https://www.bing.com/search?q=Giesecke%2BDevrient+Currency+Technology+GB+Ltd+careers
GIFT SUPPORT NETWORK,"LONDON,",Lambeth,Temporary Worker (A rating),Charity Worker,,,https://www.bing.com/search?q=GIFT+SUPPORT+NETWORK+official+website,,,,https://www.bing.com/search?q=GIFT+SUPPORT+NETWORK+careers
GILBRALTAR Technologies limited,Reading,,Worker (A rating),Skilled Worker,,,https://www.bing.com/search?q=GILBRALTAR+Technologies+limited+official+website,,,,https://www.bing.com/search?q=GILBRALTAR+Technologies+limited+careers
Ginger Digital Ltd,Hungerford,,Worker (A rating),Skilled Worker,,,https://www.bing.com/search?q=Ginger+Digital+Ltd+official+website,,,,https://www.bing.com/search?q=Ginger+Digital+Ltd+careers
Ginza Technologies Ltd,Solihull,West Midlands,Worker (A rating),Skilled Worker,,,https://www.bing.com/search?q=Ginza+Technologies+Ltd+official+website,,,,https://www.bing.com/search?q=Ginza+Technologies+Ltd+careers
GIOS Technology Limited,Harrow,,Worker (A rating),Skilled Worker,,,https://www.bing.com/search?q=GIOS+Technology+Limited+official+website,,,,https://www.bing.com/search?q=GIOS+Technology+Limited+careers
Girling & Company Software Limited,Bury St Edmunds,Suffolk,Worker (A rating),Skilled Worker,,,https://www.bing.com/search?q=Girling+%26+Company+Software+Limited+official+website,,,,https://www.bing.com/search?q=Girling+%26+Company+Software+Limited+careers
GITHUB SOFTWARE UK LTD,Motherwell,North Lanarkshire,Worker (A rating),Global Business Mobility: Senior or Specialist Worker,,,https://www.bing.com/search?q=GITHUB+SOFTWARE+UK+LTD+official+website,,,,https://www.bing.com/search?q=GITHUB+SOFTWARE+UK+LTD+careers
GITHUB SOFTWARE UK LTD,Motherwell,North Lanarkshire,Worker (A rating),Skilled Worker,,,https://www.bing.com/search?q=GITHUB+SOFTWARE+UK+LTD+official+website,,,,https://www.bing.com/search?q=GITHUB+SOFTWARE+UK+LTD+careers
GivEnergy Software Ltd,Newcastle-under-Lyme,Staffordshire,Worker (A rating),Skilled Worker,,,https://www.bing.com/search?q=GivEnergy+Software+Ltd+official+website,,,,https://www.bing.com/search?q=GivEnergy+Software+Ltd+careers
GKIM Digital Ltd,Impington,,Worker (A rating),Skilled Worker,,,https://www.bing.com/search?q=GKIM+Digital+Ltd+official+website,,,,https://www.bing.com/search?q=GKIM+Digital+Ltd+careers
GKN Aerospace Services - Engineering and Technology,Bristol,,Worker (A rating),Global Business Mobility: Senior or Specialist Worker,,,https://www.bing.com/search?q=GKN+Aerospace+Services+-+Engineering+and+Technology+official+website,,,,https://www.bing.com/search?q=GKN+Aerospace+Services+-+Engineering+and+Technology+careers
GKN Aerospace Services - Engineering and Technology,Bristol,,Worker (A rating),Skilled Worker,,,https://www.bing.com/search?q=GKN+Aerospace+Services+-+Engineering+and+Technology+official+website,,,,https://www.bing.com/search?q=GKN+Aerospace+Services+-+Engineering+and+Technology+careers
Glamorous AI Limited,Altrincham,Cheshire,Worker (A rating),Skilled Worker,,,https://www.bing.com/search?q=Glamorous+AI+Limited+official+website,,,,https://www.bing.com/search?q=Glamorous+AI+Limited+careers
Glassbox Digital UK Ltd,NORWICH,,Worker (A rating),Global Business Mobility: Senior or Specialist Worker,,,https://www.bing.com/search?q=Glassbox+Digital+UK+Ltd+official+website,,,,https://www.bing.com/search?q=Glassbox+Digital+UK+Ltd+careers
Glassbox Digital UK Ltd,NORWICH,,Worker (A rating),Skilled Worker,,,https://www.bing.com/search?q=Glassbox+Digital+UK+Ltd+official+website,,,,https://www.bing.com/search?q=Glassbox+Digital+UK+Ltd+careers
Glo-Networks Limited,Bridgend,,Worker (A rating),Skilled Worker,,,https://www.bing.com/search?q=Glo-Networks+Limited+official+website,,,,https://www.bing.com/search?q=Glo-Networks+Limited+careers
Globacap Technology Limited,London,Great London,Worker (A rating),Skilled Worker,,,https://www.bing.com/search?q=Globacap+Technology+Limited+official+website,,,,https://www.bing.com/search?q=Globacap+Technology+Limited+careers
Global Change Data Lab,Oxford,,Worker (A rating),Skilled Worker,,,https://www.bing.com/search?q=Global+Change+Data+Lab+official+website,,,,https://www.bing.com/search?q=Global+Change+Data+Lab+careers
Global Compact Network UK,London,,Worker (A rating),Skilled Worker,,,https://www.bing.com/search?q=Global+Compact+Network+UK+official+website,,,,https://www.bing.com/search?q=Global+Compact+Network+UK+careers
GLOBAL COMPUTER SPECIALISTS LTD,Woodford Green,Essex,Worker (A rating),Skilled Worker,,,https://www.bing.com/search?q=GLOBAL+COMPUTER+SPECIALISTS+LTD+official+website,,,,https://www.bing.com/search?q=GLOBAL+COMPUTER+SPECIALISTS+LTD+careers
Global Digital Express Limited,LONDON,,Worker (A rating),Skilled Worker,,,https://www.bing.com/search?q=Global+Digital+Express+Limited+official+website,,,,https://www.bing.com/search?q=Global+Digital+Express+Limited+careers
Global Digital Systems Limited,Hook,Hampshire,Worker (A rating),Skilled Worker,,,https://www.bing.com/search?q=Global+Digital+Systems+Limited+official+website,,,,https://www.bing.com/search?q=Global+Digital+Systems+Limited+careers
Global Family Care Network (SCIO),Falkirk,,Temporary Worker (A rating),Charity Worker,,,https://www.bing.com/search?q=Global+Family+Care+Network+%28SCIO%29+official+website,,,,https://www.bing.com/search?q=Global+Family+Care+Network+%28SCIO%29+careers
Global Family Care Network (SCIO),Falkirk,,Worker (A rating),Skilled Worker,,,https://www.bing.com/search?q=Global+Family+Care+Network+%28SCIO%29+official+website,,,,https://www.bing.com/search?q=Global+Family+Care+Network+%28SCIO%29+careers
Global Legal Action Network,London,,Worker (A rating),Skilled Worker,,,https://www.bing.com/search?q=Global+Legal+Action+Network+official+website,,,,https://www.bing.com/search?q=Global+Legal+Action+Network+careers
GLOBAL NANO NETWORK LIMITED,Coventry,West Midlands,Worker (A rating),Skilled Worker,,,https://www.bing.com/search?q=GLOBAL+NANO+NETWORK+LIMITED+official+website,,,,https://www.bing.com/search?q=GLOBAL+NANO+NETWORK+LIMITED+careers
Global Network of Sex Work Projects Limited (NSWP),Edinburgh,,Worker (A rating),Skilled Worker,,,https://www.bing.com/search?q=Global+Network+of+Sex+Work+Projects+Limited+%28NSWP%29+official+website,,,,https://www.bing.com/search?q=Global+Network+of+Sex+Work+Projects+Limited+%28NSWP%29+careers
Global Partners Digital,London,,Worker (A rating),Skilled Worker,,,https://www.bing.com/search?q=Global+Partners+Digital+official+website,,,,https://www.bing.com/search?q=Global+Partners+Digital+careers
Global Reach Technology EMEA Ltd,London,,Worker (A rating),Skilled Worker,,,https://www.bing.com/search?q=Global+Reach+Technology+EMEA+Ltd+official+website,,,,https://www.bing.com/search?q=Global+Reach+Technology+EMEA+Ltd+careers
Global Technologies International Limited,Glasgow,,Worker (A rating),Global Business Mobility: Senior or Specialist Worker,,,https://www.bing.com/search?q=Global+Technologies+International+Limited+official+website,,,,https://www.bing.com/search?q=Global+Technologies+International+Limited+careers
Global Technologies International Limited,Glasgow,,Worker (A rating),Skilled Worker,,,https://www.bing.com/search?q=Global+Technologies+International+Limited+official+website,,,,https://www.bing.com/search?q=Global+Technologies+International+Limited+careers
Global Technology Ltd,Warrington,Cheshire,Worker (A rating),Skilled Worker,,,https://www.bing.com/search?q=Global+Technology+Ltd+official+website,,,,https://www.bing.com/search?q=Global+Technology+Ltd+careers
Global Telecom Networks Ltd,Milton Keynes,,Worker (A rating),Skilled Worker,,,https://www.bing.com/search?q=Global+Telecom+Networks+Ltd+official+website,,,,https://www.bing.com/search?q=Global+Telecom+Networks+Ltd+careers
Globe Technologies Uk Ltd,Coleshill,Birmingham,Worker (A rating),Skilled Worker,,,https://www.bing.com/search?q=Globe+Technologies+Uk+Ltd+official+website,,,,https://www.bing.com/search?q=Globe+Technologies+Uk+Ltd+careers
Glory Technology Development UK Ltd,London,,Worker (A rating),Global Business Mobility: Senior or Specialist Worker,,,https://www.bing.com/search?q=Glory+Technology+Development+UK+Ltd+official+website,,,,https://www.bing.com/search?q=Glory+Technology+Development+UK+Ltd+careers
Glory Technology Development UK Ltd,London,,Worker (A rating),Skilled Worker,,,https://www.bing.com/search?q=Glory+Technology+Development+UK+Ltd+official+website,,,,https://www.bing.com/search?q=Glory+Technology+Development+UK+Ltd+careers
Glyphic AI Limited,Sevenoaks,Kent,Worker (A rating),Skilled Worker,,,https://www.bing.com/search?q=Glyphic+AI+Limited+official+website,,,,https://www.bing.com/search?q=Glyphic+AI+Limited+careers
GMK Software Solutions Limited,Aylesbury,,Worker (A rating),Skilled Worker,,,https://www.bing.com/search?q=GMK+Software+Solutions+Limited+official+website,,,,https://www.bing.com/search?q=GMK+Software+Solutions+Limited+careers
GO FIT LIFE SCIENCE AND TECHNOLOGY UK LIMITED,LONDON,,Worker (A rating),Skilled Worker,,,https://www.bing.com/search?q=GO+FIT+LIFE+SCIENCE+AND+TECHNOLOGY+UK+LIMITED+official+website,,,,https://www.bing.com/search?q=GO+FIT+LIFE+SCIENCE+AND+TECHNOLOGY+UK+LIMITED+careers
Godel Technologies Europe Ltd,Manchester,Greater Manchester,Worker (A rating),Skilled Worker,,,https://www.bing.com/search?q=Godel+Technologies+Europe+Ltd+official+website,,,,https://www.bing.com/search?q=Godel+Technologies+Europe+Ltd+careers
Godel Technologies Europe Ltd,Manchester,Greater Manchester,Worker (A rating),Global Business Mobility: Senior or Specialist Worker,,,https://www.bing.com/search?q=Godel+Technologies+Europe+Ltd+official+website,,,,https://www.bing.com/search?q=Godel+Technologies+Europe+Ltd+careers
Golden Data Limited,Ardwick,Manchester,Worker (A rating),Skilled Worker,,,https://www.bing.com/search?q=Golden+Data+Limited+official+website,,,,https://www.bing.com/search?q=Golden+Data+Limited+careers
Goldtakas Technologies Limited,London,,Worker (A rating),Skilled Worker,,,https://www.bing.com/search?q=Goldtakas+Technologies+Limited+official+website,,,,https://www.bing.com/search?q=Goldtakas+Technologies+Limited+careers
GOMMYR POWER NETWORKS LTD,Helston,Cornwall,Worker (A rating),Skilled Worker,,,https://www.bing.com/search?q=GOMMYR+POWER+NETWORKS+LTD+official+website,,,,https://www.bing.com/search?q=GOMMYR+POWER+NETWORKS+LTD+careers
GOOD LAW SOFTWARE LTD,London,,Worker (A rating),Skilled Worker,,,https://www.bing.com/search?q=GOOD+LAW+SOFTWARE+LTD+official+website,,,,https://www.bing.com/search?q=GOOD+LAW+SOFTWARE+LTD+careers
Goodboy Digital Limited,London,,Worker (A rating),Skilled Worker,,,https://www.bing.com/search?q=Goodboy+Digital+Limited+official+website,,,,https://www.bing.com/search?q=Goodboy+Digital+Limited+careers
Goodfire AI UK Limited,London,,Worker (A rating),Skilled Worker,,,https://www.bing.com/search?q=Goodfire+AI+UK+Limited+official+website,,,,https://www.bing.com/search?q=Goodfire+AI+UK+Limited+careers
Gooding & Co Ltd t/a Data Privacy Advisory Service,Exeter,,Worker (A rating),Skilled Worker,,,https://www.bing.com/search?q=Gooding+%26+Co+Ltd+t%2Fa+Data+Privacy+Advisory+Service+official+website,,,,https://www.bing.com/search?q=Gooding+%26+Co+Ltd+t%2Fa+Data+Privacy+Advisory+Service+careers
GOODMAYSYS SOFTWARE TECHNOLOGIES LIMITED,Ilford,,Worker (A rating),Global Business Mobility: Senior or Specialist Worker,,,https://www.bing.com/search?q=GOODMAYSYS+SOFTWARE+TECHNOLOGIES+LIMITED+official+website,,,,https://www.bing.com/search?q=GOODMAYSYS+SOFTWARE+TECHNOLOGIES+LIMITED+careers
GOODMAYSYS SOFTWARE TECHNOLOGIES LIMITED,Ilford,,Worker (A rating),Skilled Worker,,,https://www.bing.com/search?q=GOODMAYSYS+SOFTWARE+TECHNOLOGIES+LIMITED+official+website,,,,https://www.bing.com/search?q=GOODMAYSYS+SOFTWARE+TECHNOLOGIES+LIMITED+careers
GOODS & SERVICES TECHNOLOGY LIMITED,LONDON,,Worker (A rating),Skilled Worker,,,https://www.bing.com/search?q=GOODS+%26+SERVICES+TECHNOLOGY+LIMITED+official+website,,,,https://www.bing.com/search?q=GOODS+%26+SERVICES+TECHNOLOGY+LIMITED+careers
Gordon Murray Technologies Limited,Shalford,,Worker (A rating),Skilled Worker,,,https://www.bing.com/search?q=Gordon+Murray+Technologies+Limited+official+website,,,,https://www.bing.com/search?q=Gordon+Murray+Technologies+Limited+careers
GOT Technologies (UK) Ltd,London,,Worker (A rating),Skilled Worker,,,https://www.bing.com/search?q=GOT+Technologies+%28UK%29+Ltd+official+website,,,,https://www.bing.com/search?q=GOT+Technologies+%28UK%29+Ltd+careers
GoTo Technologies UK Limited,London,,Worker (A rating),Skilled Worker,,,https://www.bing.com/search?q=GoTo+Technologies+UK+Limited+official+website,,,,https://www.bing.com/search?q=GoTo+Technologies+UK+Limited+careers
GoTo Technologies UK Limited,London,,Worker (A rating),Global Business Mobility: Senior or Specialist Worker,,,https://www.bing.com/search?q=GoTo+Technologies+UK+Limited+official+website,,,,https://www.bing.com/search?q=GoTo+Technologies+UK+Limited+careers
GPC Computer Software Ltd,Manchester,,Worker (A rating),Skilled Worker,,,https://www.bing.com/search?q=GPC+Computer+Software+Ltd+official+website,,,,https://www.bing.com/search?q=GPC+Computer+Software+Ltd+careers
GR Digital Ltd T/A Zygo Media,Swansea,,Worker (A rating),Skilled Worker,,,https://www.bing.com/search?q=GR+Digital+Ltd+T%2FA+Zygo+Media+official+website,,,,https://www.bing.com/search?q=GR+Digital+Ltd+T%2FA+Zygo+Media+careers
Graphite Digital Ltd,Brighton,East Sussex,Worker (A rating),Skilled Worker,,,https://www.bing.com/search?q=Graphite+Digital+Ltd+official+website,,,,https://www.bing.com/search?q=Graphite+Digital+Ltd+careers
GRAPHY TECHNOLOGIES LTD,London,,Worker (A rating),Skilled Worker,,,https://www.bing.com/search?q=GRAPHY+TECHNOLOGIES+LTD+official+website,,,,https://www.bing.com/search?q=GRAPHY+TECHNOLOGIES+LTD+careers
Grasp Technologies Limited,London,,Worker (A rating),Skilled Worker,,,https://www.bing.com/search?q=Grasp+Technologies+Limited+official+website,,,,https://www.bing.com/search?q=Grasp+Technologies+Limited+careers
Gravity Data Ltd,London,,Worker (A rating),Skilled Worker,,,https://www.bing.com/search?q=Gravity+Data+Ltd+official+website,,,,https://www.bing.com/search?q=Gravity+Data+Ltd+careers
GRDJ Technology Ltd,Ashurstwood,West Sussex,Worker (A rating),Skilled Worker,,,https://www.bing.com/search?q=GRDJ+Technology+Ltd+official+website,,,,https://www.bing.com/search?q=GRDJ+Technology+Ltd+careers
Great IT Co Ltd / TA Cirrus Technology Solutions,Chester,Cheshire,Worker (A rating),Skilled Worker,,,https://www.bing.com/search?q=Great+IT+Co+Ltd+%2F+TA+Cirrus+Technology+Solutions+official+website,,,,https://www.bing.com/search?q=Great+IT+Co+Ltd+%2F+TA+Cirrus+Technology+Solutions+careers
Greater Peterborough Network,Peterborough,Cambridgeshire,Worker (A rating),Skilled Worker,,,https://www.bing.com/search?q=Greater+Peterborough+Network+official+website,,,,https://www.bing.com/search?q=Greater+Peterborough+Network+careers
GREEN CODE TECHNOLOGIES LIMITED,ENGLAND,UNITED KINGDOM,Worker (UK Expansion Worker: Provisional ),Global Business Mobility: UK Expansion Worker,,,https://www.bing.com/search?q=GREEN+CODE+TECHNOLOGIES+LIMITED+official+website,,,,https://www.bing.com/search?q=GREEN+CODE+TECHNOLOGIES+LIMITED+careers
Green Soft Technologies LTD,London,,Worker (A rating),Skilled Worker,,,https://www.bing.com/search?q=Green+Soft+Technologies+LTD+official+website,,,,https://www.bing.com/search?q=Green+Soft+Technologies+LTD+careers
Green Technologies Limited t/a AA Labels,Peterborough,,Worker (A rating),Skilled Worker,,,https://www.bing.com/search?q=Green+Technologies+Limited+t%2Fa+AA+Labels+official+website,,,,https://www.bing.com/search?q=Green+Technologies+Limited+t%2Fa+AA+Labels+careers
Greenback Recycling Technologies,London,,Worker (A rating),Skilled Worker,,,https://www.bing.com/search?q=Greenback+Recycling+Technologies+official+website,,,,https://www.bing.com/search?q=Greenback+Recycling+Technologies+careers
Greenowl AI Ltd,Rochdale,Manchester,Worker (A rating),Skilled Worker,,,https://www.bing.com/search?q=Greenowl+AI+Ltd+official+website,,,,https://www.bing.com/search?q=Greenowl+AI+Ltd+careers
GreenScale Data Centres Limited,London,,Worker (A rating),Skilled Worker,,,https://www.bing.com/search?q=GreenScale+Data+Centres+Limited+official+website,,,,https://www.bing.com/search?q=GreenScale+Data+Centres+Limited+careers
GreenScale Data Centres Limited,London,,Worker (A rating),Global Business Mobility: Senior or Specialist Worker,,,https://www.bing.com/search?q=GreenScale+Data+Centres+Limited+official+website,,,,https://www.bing.com/search?q=GreenScale+Data+Centres+Limited+careers
Greenstar Technology Limited,Harrow,,Worker (A rating),Skilled Worker,,,https://www.bing.com/search?q=Greenstar+Technology+Limited+official+website,,,,https://www.bing.com/search?q=Greenstar+Technology+Limited+careers
Greenware Technologies UK Ltd,Brentford,England,Worker (A rating),Skilled Worker,,,https://www.bing.com/search?q=Greenware+Technologies+UK+Ltd+official+website,,,,https://www.bing.com/search?q=Greenware+Technologies+UK+Ltd+careers
Gresham Technologies (Solutions) Limited,London,,Worker (A rating),Skilled Worker,,,https://www.bing.com/search?q=Gresham+Technologies+%28Solutions%29+Limited+official+website,,,,https://www.bing.com/search?q=Gresham+Technologies+%28Solutions%29+Limited+careers
Gresham Technologies plc,Southampton,Hampshire,Worker (A rating),Skilled Worker,,,https://www.bing.com/search?q=Gresham+Technologies+plc+official+website,,,,https://www.bing.com/search?q=Gresham+Technologies+plc+careers
Grey Technology Limited (Gtech),Worcester,,Worker (A rating),Skilled Worker,,,https://www.bing.com/search?q=Grey+Technology+Limited+%28Gtech%29+official+website,,,,https://www.bing.com/search?q=Grey+Technology+Limited+%28Gtech%29+careers
GreyMatters Technologies LTD,Bristol,,Worker (A rating),Skilled Worker,,,https://www.bing.com/search?q=GreyMatters+Technologies+LTD+official+website,,,,https://www.bing.com/search?q=GreyMatters+Technologies+LTD+careers
GRIP Technologies Limited,Surrey,,Worker (A rating),Skilled Worker,,,https://www.bing.com/search?q=GRIP+Technologies+Limited+official+website,,,,https://www.bing.com/search?q=GRIP+Technologies+Limited+careers
Grit Digital Ltd,Norwich,Norfolk,Worker (A rating),Skilled Worker,,,https://www.bing.com/search?q=Grit+Digital+Ltd+official+website,,,,https://www.bing.com/search?q=Grit+Digital+Ltd+careers
Ground Control Technologies UK Ltd,Churcham,Gloucestershire,Worker (A rating),Skilled Worker,,,https://www.bing.com/search?q=Ground+Control+Technologies+UK+Ltd+official+website,,,,https://www.bing.com/search?q=Ground+Control+Technologies+UK+Ltd+careers
Growatt New Energy Technology Limited,Ilford,,Worker (A rating),Skilled Worker,,,https://www.bing.com/search?q=Growatt+New+Energy+Technology+Limited+official+website,,,,https://www.bing.com/search?q=Growatt+New+Energy+Technology+Limited+careers
Growth Technologies Limited,"London,",,Worker (A rating),Skilled Worker,,,https://www.bing.com/search?q=Growth+Technologies+Limited+official+website,,,,https://www.bing.com/search?q=Growth+Technologies+Limited+careers
GrowthPoint Technology Partners UK Ltd,London,London,Worker (A rating),Global Business Mobility: Senior or Specialist Worker,,,https://www.bing.com/search?q=GrowthPoint+Technology+Partners+UK+Ltd+official+website,,,,https://www.bing.com/search?q=GrowthPoint+Technology+Partners+UK+Ltd+careers
Grunt Software Ltd,Norwich,,Worker (A rating),Skilled Worker,,,https://www.bing.com/search?q=Grunt+Software+Ltd+official+website,,,,https://www.bing.com/search?q=Grunt+Software+Ltd+careers
GS INNOVATIVE TECHNOLOGY LTD,Dagenham,,Worker (A rating),Skilled Worker,,,https://www.bing.com/search?q=GS+INNOVATIVE+TECHNOLOGY+LTD+official+website,,,,https://www.bing.com/search?q=GS+INNOVATIVE+TECHNOLOGY+LTD+careers
GSC Technologies Limited,Dartford,,Worker (A rating),Skilled Worker,,,https://www.bing.com/search?q=GSC+Technologies+Limited+official+website,,,,https://www.bing.com/search?q=GSC+Technologies+Limited+careers
GSR Technology Europe Ltd.,Bracknell,Berkshire,Worker (A rating),Skilled Worker,,,https://www.bing.com/search?q=GSR+Technology+Europe+Ltd.+official+website,,,,https://www.bing.com/search?q=GSR+Technology+Europe+Ltd.+careers
GT Wings t/a GT Green Technologies Limited,Liverpool,,Worker (A rating),Skilled Worker,,,https://www.bing.com/search?q=GT+Wings+t%2Fa+GT+Green+Technologies+Limited+official+website,,,,https://www.bing.com/search?q=GT+Wings+t%2Fa+GT+Green+Technologies+Limited+careers
GTN Market Data Services Ltd,London,,Worker (A rating),Skilled Worker,,,https://www.bing.com/search?q=GTN+Market+Data+Services+Ltd+official+website,,,,https://www.bing.com/search?q=GTN+Market+Data+Services+Ltd+careers
GUHA INFOTECH LTD,London,,Worker (A rating),Skilled Worker,,,https://www.bing.com/search?q=GUHA+INFOTECH+LTD+official+website,,,,https://www.bing.com/search?q=GUHA+INFOTECH+LTD+careers
Guidance Technologies Limited,London,,Worker (A rating),Skilled Worker,,,https://www.bing.com/search?q=Guidance+Technologies+Limited+official+website,,,,https://www.bing.com/search?q=Guidance+Technologies+Limited+careers
Guided Technology Ltd t/a Go2Guide,Harrogate,,Worker (A rating),Skilled Worker,,,https://www.bing.com/search?q=Guided+Technology+Ltd+t%2Fa+Go2Guide+official+website,,,,https://www.bing.com/search?q=Guided+Technology+Ltd+t%2Fa+Go2Guide+careers
Guidewire Software (UK) Limited,London,,Worker (A rating),Global Business Mobility: Senior or Specialist Worker,,,https://www.bing.com/search?q=Guidewire+Software+%28UK%29+Limited+official+website,,,,https://www.bing.com/search?q=Guidewire+Software+%28UK%29+Limited+careers
Guidewire Software (UK) Limited,London,,Worker (A rating),Skilled Worker,,,https://www.bing.com/search?q=Guidewire+Software+%28UK%29+Limited+official+website,,,,https://www.bing.com/search?q=Guidewire+Software+%28UK%29+Limited+careers
GVS Filter Technology UK Ltd,Lancaster,Lancashire,Worker (A rating),Skilled Worker,,,https://www.bing.com/search?q=GVS+Filter+Technology+UK+Ltd+official+website,,,,https://www.bing.com/search?q=GVS+Filter+Technology+UK+Ltd+careers
GWP Software Solutions Limited t/a FormusPro,Hereford,Herefordshire,Worker (A rating),Skilled Worker,,,https://www.bing.com/search?q=GWP+Software+Solutions+Limited+t%2Fa+FormusPro+official+website,,,,https://www.bing.com/search?q=GWP+Software+Solutions+Limited+t%2Fa+FormusPro+careers
GX2 Technology Group Ltd,BURNTWOOD,Staffordshire,Worker (A rating),Skilled Worker,,,https://www.bing.com/search?q=GX2+Technology+Group+Ltd+official+website,,,,https://www.bing.com/search?q=GX2+Technology+Group+Ltd+careers
Gyro Technologies Ltd,Tewkesbury,Gloucestershire,Worker (A rating),Skilled Worker,,,https://www.bing.com/search?q=Gyro+Technologies+Ltd+official+website,,,,https://www.bing.com/search?q=Gyro+Technologies+Ltd+careers
H. AI Technology Limited,London,,Worker (A rating),Skilled Worker,,,https://www.bing.com/search?q=H.+AI+Technology+Limited+official+website,,,,https://www.bing.com/search?q=H.+AI+Technology+Limited+careers
Haefele Software Limited,London,,Worker (A rating),Skilled Worker,,,https://www.bing.com/search?q=Haefele+Software+Limited+official+website,,,,https://www.bing.com/search?q=Haefele+Software+Limited+careers
Haefele Software Ltd,London,,Worker (A rating),Skilled Worker,,,https://www.bing.com/search?q=Haefele+Software+Ltd+official+website,,,,https://www.bing.com/search?q=Haefele+Software+Ltd+careers
Haes Technologies Ltd,West Drayton,Middlesex,Worker (A rating),Skilled Worker,,,https://www.bing.com/search?q=Haes+Technologies+Ltd+official+website,,,,https://www.bing.com/search?q=Haes+Technologies+Ltd+careers
HALLEYIN SOFTWARE CONSULTANCY LTD,"Holborn, London",,Worker (A rating),Skilled Worker,,,https://www.bing.com/search?q=HALLEYIN+SOFTWARE+CONSULTANCY+LTD+official+website,,,,https://www.bing.com/search?q=HALLEYIN+SOFTWARE+CONSULTANCY+LTD+careers
Hambrand Technology Limited,"Bedford,",,Worker (A rating),Skilled Worker,,,https://www.bing.com/search?q=Hambrand+Technology+Limited+official+website,,,,https://www.bing.com/search?q=Hambrand+Technology+Limited+careers
Hamillroad Software Limited,Cambridge,,Worker (A rating),Skilled Worker,,,https://www.bing.com/search?q=Hamillroad+Software+Limited+official+website,,,,https://www.bing.com/search?q=Hamillroad+Software+Limited+careers
Hammertech Software UK Ltd,London,,Worker (A rating),Global Business Mobility: UK Expansion Worker,,,https://www.bing.com/search?q=Hammertech+Software+UK+Ltd+official+website,,,,https://www.bing.com/search?q=Hammertech+Software+UK+Ltd+careers
HAMPTON DATA SERVICES LTD,CHESSINGTON,SURREY,Worker (A rating),Skilled Worker,,,https://www.bing.com/search?q=HAMPTON+DATA+SERVICES+LTD+official+website,,,,https://www.bing.com/search?q=HAMPTON+DATA+SERVICES+LTD+careers
Handle Technologies Ltd,London,London,Worker (A rating),Skilled Worker,,,https://www.bing.com/search?q=Handle+Technologies+Ltd+official+website,,,,https://www.bing.com/search?q=Handle+Technologies+Ltd+careers
HANOTO TECHNOLOGY LTD,Barcombe,,Worker (A rating),Skilled Worker,,,https://www.bing.com/search?q=HANOTO+TECHNOLOGY+LTD+official+website,,,,https://www.bing.com/search?q=HANOTO+TECHNOLOGY+LTD+careers
Hansen Technologies CDE Limited,London,,Worker (A rating),Global Business Mobility: Senior or Specialist Worker,,,https://www.bing.com/search?q=Hansen+Technologies+CDE+Limited+official+website,,,,https://www.bing.com/search?q=Hansen+Technologies+CDE+Limited+careers
Hansen Technologies CDE Limited,London,,Worker (A rating),Skilled Worker,,,https://www.bing.com/search?q=Hansen+Technologies+CDE+Limited+official+website,,,,https://www.bing.com/search?q=Hansen+Technologies+CDE+Limited+careers
Happening Technology Ltd,London,,Worker (A rating),Skilled Worker,,,https://www.bing.com/search?q=Happening+Technology+Ltd+official+website,,,,https://www.bing.com/search?q=Happening+Technology+Ltd+careers
Happiest Minds Technologies Pvt Ltd,Reading,Berkshire,Worker (A rating),Skilled Worker,,,https://www.bing.com/search?q=Happiest+Minds+Technologies+Pvt+Ltd+official+website,,,,https://www.bing.com/search?q=Happiest+Minds+Technologies+Pvt+Ltd+careers
Happiest Minds Technologies Pvt Ltd,Reading,Berkshire,Worker (A rating),Global Business Mobility: Senior or Specialist Worker,,,https://www.bing.com/search?q=Happiest+Minds+Technologies+Pvt+Ltd+official+website,,,,https://www.bing.com/search?q=Happiest+Minds+Technologies+Pvt+Ltd+careers
Harasoft Technologies Limited,Milton Keynes,Buckinghamshire,Worker (A rating),Skilled Worker,,,https://www.bing.com/search?q=Harasoft+Technologies+Limited+official+website,,,,https://www.bing.com/search?q=Harasoft+Technologies+Limited+careers
Hard Drive Technology Limited,Atherstone,,Worker (A rating),Skilled Worker,,,https://www.bing.com/search?q=Hard+Drive+Technology+Limited+official+website,,,,https://www.bing.com/search?q=Hard+Drive+Technology+Limited+careers
Harlequin Software Ltd,Marlborough,Wiltshire,Worker (A rating),Skilled Worker,,,https://www.bing.com/search?q=Harlequin+Software+Ltd+official+website,,,,https://www.bing.com/search?q=Harlequin+Software+Ltd+careers
Harri Technologies (UK) Limited,Barnet,Hertfordshire,Worker (A rating),Skilled Worker,,,https://www.bing.com/search?q=Harri+Technologies+%28UK%29+Limited+official+website,,,,https://www.bing.com/search?q=Harri+Technologies+%28UK%29+Limited+careers
Harsh Software Solutions Limited,Hounslow,,Worker (A rating),Skilled Worker,,,https://www.bing.com/search?q=Harsh+Software+Solutions+Limited+official+website,,,,https://www.bing.com/search?q=Harsh+Software+Solutions+Limited+careers
Harvest Digital Ltd,London,,Worker (A rating),Skilled Worker,,,https://www.bing.com/search?q=Harvest+Digital+Ltd+official+website,,,,https://www.bing.com/search?q=Harvest+Digital+Ltd+careers
Harvey AI UK Ltd,Cheltenham,,Worker (A rating),Global Business Mobility: Senior or Specialist Worker,,,https://www.bing.com/search?q=Harvey+AI+UK+Ltd+official+website,,,,https://www.bing.com/search?q=Harvey+AI+UK+Ltd+careers
Harvey AI UK Ltd,Cheltenham,,Worker (A rating),Skilled Worker,,,https://www.bing.com/search?q=Harvey+AI+UK+Ltd+official+website,,,,https://www.bing.com/search?q=Harvey+AI+UK+Ltd+careers
Haulmont Technology Limited,London,,Worker (A rating),Skilled Worker,,,https://www.bing.com/search?q=Haulmont+Technology+Limited+official+website,,,,https://www.bing.com/search?q=Haulmont+Technology+Limited+careers
Hay Technology Limited,London,,Worker (A rating),Global Business Mobility: Senior or Specialist Worker,,,https://www.bing.com/search?q=Hay+Technology+Limited+official+website,,,,https://www.bing.com/search?q=Hay+Technology+Limited+careers
Hay Technology Limited,London,,Temporary Worker (A rating),Global Business Mobility: Graduate Trainee,,,https://www.bing.com/search?q=Hay+Technology+Limited+official+website,,,,https://www.bing.com/search?q=Hay+Technology+Limited+careers
Hay Technology Limited,London,,Worker (A rating),Skilled Worker,,,https://www.bing.com/search?q=Hay+Technology+Limited+official+website,,,,https://www.bing.com/search?q=Hay+Technology+Limited+careers
HCL Technologies UK Limited,London,,Worker (A rating),Global Business Mobility: Senior or Specialist Worker,,,https://www.bing.com/search?q=HCL+Technologies+UK+Limited+official+website,,,,https://www.bing.com/search?q=HCL+Technologies+UK+Limited+careers
HCL Technologies UK Limited,London,,Worker (A rating),Skilled Worker,,,https://www.bing.com/search?q=HCL+Technologies+UK+Limited+official+website,,,,https://www.bing.com/search?q=HCL+Technologies+UK+Limited+careers
HCV Network,Oxford,Oxfordshire,Worker (A rating),Skilled Worker,,,https://www.bing.com/search?q=HCV+Network+official+website,,,,https://www.bing.com/search?q=HCV+Network+careers
Head of Grace Christian Network,North Shields,,Temporary Worker (A rating),Charity Worker,,,https://www.bing.com/search?q=Head+of+Grace+Christian+Network+official+website,,,,https://www.bing.com/search?q=Head+of+Grace+Christian+Network+careers
Health Data Insight CIC,Cambridge,,Worker (A rating),Skilled Worker,,,https://www.bing.com/search?q=Health+Data+Insight+CIC+official+website,,,,https://www.bing.com/search?q=Health+Data+Insight+CIC+careers
Hearst Networks UK,London,,Worker (A rating),Skilled Worker,,,https://www.bing.com/search?q=Hearst+Networks+UK+official+website,,,,https://www.bing.com/search?q=Hearst+Networks+UK+careers
Heating & Oven Technology Limited,Isleworth,Middlesex,Worker (A rating),Skilled Worker,,,https://www.bing.com/search?q=Heating+%26+Oven+Technology+Limited+official+website,,,,https://www.bing.com/search?q=Heating+%26+Oven+Technology+Limited+careers
Helios Technology,Farnborough,Hampshire,Worker (A rating),Skilled Worker,,,https://www.bing.com/search?q=Helios+Technology+official+website,,,,https://www.bing.com/search?q=Helios+Technology+careers
Helix Technologies Limited,Abingdon,,Worker (A rating),Skilled Worker,,,https://www.bing.com/search?q=Helix+Technologies+Limited+official+website,,,,https://www.bing.com/search?q=Helix+Technologies+Limited+careers
Hello AI Limited,London,,Worker (A rating),Global Business Mobility: UK Expansion Worker,,,https://www.bing.com/search?q=Hello+AI+Limited+official+website,,,,https://www.bing.com/search?q=Hello+AI+Limited+careers
Helpful Technology Limited,London,,Worker (A rating),Skilled Worker,,,https://www.bing.com/search?q=Helpful+Technology+Limited+official+website,,,,https://www.bing.com/search?q=Helpful+Technology+Limited+careers
Heritage Trust Network,Birmingham,,Worker (A rating),Skilled Worker,,,https://www.bing.com/search?q=Heritage+Trust+Network+official+website,,,,https://www.bing.com/search?q=Heritage+Trust+Network+careers
Hermes Logistics Technologies Ltd,Bracknell,Berkshire,Worker (A rating),Skilled Worker,,,https://www.bing.com/search?q=Hermes+Logistics+Technologies+Ltd+official+website,,,,https://www.bing.com/search?q=Hermes+Logistics+Technologies+Ltd+careers
Heroes Technology Ltd,London,,Worker (A rating),Skilled Worker,,,https://www.bing.com/search?q=Heroes+Technology+Ltd+official+website,,,,https://www.bing.com/search?q=Heroes+Technology+Ltd+careers
Hertswel digital ltd,Hertford,Hertfordshire,Worker (A rating),Skilled Worker,,,https://www.bing.com/search?q=Hertswel+digital+ltd+official+website,,,,https://www.bing.com/search?q=Hertswel+digital+ltd+careers
Het Technologies Ltd.,Harrow,,Worker (A rating),Skilled Worker,,,https://www.bing.com/search?q=Het+Technologies+Ltd.+official+website,,,,https://www.bing.com/search?q=Het+Technologies+Ltd.+careers
HEURISTIX DIGITAL TECHNOLOGIES (UK) LIMITED,Ilford,Essex,Worker (A rating),Global Business Mobility: Senior or Specialist Worker,,,https://www.bing.com/search?q=HEURISTIX+DIGITAL+TECHNOLOGIES+%28UK%29+LIMITED+official+website,,,,https://www.bing.com/search?q=HEURISTIX+DIGITAL+TECHNOLOGIES+%28UK%29+LIMITED+careers
HEURISTIX DIGITAL TECHNOLOGIES (UK) LIMITED,Ilford,Essex,Worker (A rating),Skilled Worker,,,https://www.bing.com/search?q=HEURISTIX+DIGITAL+TECHNOLOGIES+%28UK%29+LIMITED+official+website,,,,https://www.bing.com/search?q=HEURISTIX+DIGITAL+TECHNOLOGIES+%28UK%29+LIMITED+careers
HEXAWARE TECHNOLOGIES UK LTD,LONDON,,Worker (A rating),Skilled Worker,,,https://www.bing.com/search?q=HEXAWARE+TECHNOLOGIES+UK+LTD+official+website,,,,https://www.bing.com/search?q=HEXAWARE+TECHNOLOGIES+UK+LTD+careers
HEXAWARE TECHNOLOGIES UK LTD,LONDON,,Worker (A rating),Global Business Mobility: Senior or Specialist Worker,,,https://www.bing.com/search?q=HEXAWARE+TECHNOLOGIES+UK+LTD+official+website,,,,https://www.bing.com/search?q=HEXAWARE+TECHNOLOGIES+UK+LTD+careers
HI-TECH TECHNOLOGIES LTD,Worcester,,Worker (A rating),Skilled Worker,,,https://www.bing.com/search?q=HI-TECH+TECHNOLOGIES+LTD+official+website,,,,https://www.bing.com/search?q=HI-TECH+TECHNOLOGIES+LTD+careers
Hicom Technology Limited,"Brookwood, woking",,Worker (A rating),Skilled Worker,,,https://www.bing.com/search?q=Hicom+Technology+Limited+official+website,,,,https://www.bing.com/search?q=Hicom+Technology+Limited+careers
HiETA Technologies Limited,Bristol,,Worker (A rating),Skilled Worker,,,https://www.bing.com/search?q=HiETA+Technologies+Limited+official+website,,,,https://www.bing.com/search?q=HiETA+Technologies+Limited+careers
High Digital Limited,London,,Worker (A rating),Skilled Worker,,,https://www.bing.com/search?q=High+Digital+Limited+official+website,,,,https://www.bing.com/search?q=High+Digital+Limited+careers
Higher Concept Software Limited,Reading,,Worker (A rating),Global Business Mobility: Senior or Specialist Worker,,,https://www.bing.com/search?q=Higher+Concept+Software+Limited+official+website,,,,https://www.bing.com/search?q=Higher+Concept+Software+Limited+careers
Higher Concept Software Limited,Reading,,Worker (A rating),Skilled Worker,,,https://www.bing.com/search?q=Higher+Concept+Software+Limited+official+website,,,,https://www.bing.com/search?q=Higher+Concept+Software+Limited+careers
Highlander Computing Solutions Ltd,Sheffield,,Worker (A rating),Skilled Worker,,,https://www.bing.com/search?q=Highlander+Computing+Solutions+Ltd+official+website,,,,https://www.bing.com/search?q=Highlander+Computing+Solutions+Ltd+careers
Hightest Technology Limited,Hampton,,Worker (A rating),Skilled Worker,,,https://www.bing.com/search?q=Hightest+Technology+Limited+official+website,,,,https://www.bing.com/search?q=Hightest+Technology+Limited+careers
HII-TECH-TECHNOLOGIES LTD,Worcester,,Worker (A rating),Skilled Worker,,,https://www.bing.com/search?q=HII-TECH-TECHNOLOGIES+LTD+official+website,,,,https://www.bing.com/search?q=HII-TECH-TECHNOLOGIES+LTD+careers
Hillside (Technology) Limited,Stoke-On-Trent,,Worker (A rating),Skilled Worker,,,https://www.bing.com/search?q=Hillside+%28Technology%29+Limited+official+website,,,,https://www.bing.com/search?q=Hillside+%28Technology%29+Limited+careers
Himanyu Technologies Limited,Hemel Hempstead,Hemel Hempstead,Worker (A rating),Skilled Worker,,,https://www.bing.com/search?q=Himanyu+Technologies+Limited+official+website,,,,https://www.bing.com/search?q=Himanyu+Technologies+Limited+careers
Hippo Digital Limited,Leeds,,Worker (A rating),Skilled Worker,,,https://www.bing.com/search?q=Hippo+Digital+Limited+official+website,,,,https://www.bing.com/search?q=Hippo+Digital+Limited+careers
Hirehop Software Limited,London,,Worker (A rating),Skilled Worker,,,https://www.bing.com/search?q=Hirehop+Software+Limited+official+website,,,,https://www.bing.com/search?q=Hirehop+Software+Limited+careers
Hitachi Digital Services UK Limited,London,,Worker (A rating),Global Business Mobility: Senior or Specialist Worker,,,https://www.bing.com/search?q=Hitachi+Digital+Services+UK+Limited+official+website,,,,https://www.bing.com/search?q=Hitachi+Digital+Services+UK+Limited+careers
Hitachi Digital Services UK Limited,London,,Worker (A rating),Skilled Worker,,,https://www.bing.com/search?q=Hitachi+Digital+Services+UK+Limited+official+website,,,,https://www.bing.com/search?q=Hitachi+Digital+Services+UK+Limited+careers
Hivebyte Technology Ltd,Manchester,,Worker (A rating),Skilled Worker,,,https://www.bing.com/search?q=Hivebyte+Technology+Ltd+official+website,,,,https://www.bing.com/search?q=Hivebyte+Technology+Ltd+careers
HJS Emission Technology Limited,Swindon,,Worker (A rating),Skilled Worker,,,https://www.bing.com/search?q=HJS+Emission+Technology+Limited+official+website,,,,https://www.bing.com/search?q=HJS+Emission+Technology+Limited+careers
HJS Emission Technology Limited,Swindon,,Worker (A rating),Global Business Mobility: Senior or Specialist Worker,,,https://www.bing.com/search?q=HJS+Emission+Technology+Limited+official+website,,,,https://www.bing.com/search?q=HJS+Emission+Technology+Limited+careers
HNS Infotech Limited,Harrow,,Worker (A rating),Skilled Worker,,,https://www.bing.com/search?q=HNS+Infotech+Limited+official+website,,,,https://www.bing.com/search?q=HNS+Infotech+Limited+careers
Holistic AI,London,,Worker (A rating),Skilled Worker,,,https://www.bing.com/search?q=Holistic+AI+official+website,,,,https://www.bing.com/search?q=Holistic+AI+careers
Homelink Technologies,Bristol,Stoke Gifford,Worker (A rating),Skilled Worker,,,https://www.bing.com/search?q=Homelink+Technologies+official+website,,,,https://www.bing.com/search?q=Homelink+Technologies+careers
Hometrack Data Systems Limited,London,London,Worker (A rating),Skilled Worker,,,https://www.bing.com/search?q=Hometrack+Data+Systems+Limited+official+website,,,,https://www.bing.com/search?q=Hometrack+Data+Systems+Limited+careers
Homey Technology Ltd,London,,Worker (A rating),Skilled Worker,,,https://www.bing.com/search?q=Homey+Technology+Ltd+official+website,,,,https://www.bing.com/search?q=Homey+Technology+Ltd+careers
"HONOR TECHNOLOGIES (UK) CO., LTD",London,,Worker (A rating),Global Business Mobility: Senior or Specialist Worker,,,https://www.bing.com/search?q=HONOR+TECHNOLOGIES+%28UK%29+CO.%2C+LTD+official+website,,,,https://www.bing.com/search?q=HONOR+TECHNOLOGIES+%28UK%29+CO.%2C+LTD+careers
"HONOR TECHNOLOGIES (UK) CO., LTD",London,,Worker (A rating),Skilled Worker,,,https://www.bing.com/search?q=HONOR+TECHNOLOGIES+%28UK%29+CO.%2C+LTD+official+website,,,,https://www.bing.com/search?q=HONOR+TECHNOLOGIES+%28UK%29+CO.%2C+LTD+careers
HOOFPRINTS TECHNOLOGIES LTD T/A CHETTINAD MESS,Stirling,,Worker (A rating),Skilled Worker,,,https://www.bing.com/search?q=HOOFPRINTS+TECHNOLOGIES+LTD+T%2FA+CHETTINAD+MESS+official+website,,,,https://www.bing.com/search?q=HOOFPRINTS+TECHNOLOGIES+LTD+T%2FA+CHETTINAD+MESS+careers
HOOK TECHNOLOGY LTD,LONDON,,Worker (A rating),Skilled Worker,,,https://www.bing.com/search?q=HOOK+TECHNOLOGY+LTD+official+website,,,,https://www.bing.com/search?q=HOOK+TECHNOLOGY+LTD+careers
Hoopla Digital Ltd,London,London,Worker (A rating),Skilled Worker,,,https://www.bing.com/search?q=Hoopla+Digital+Ltd+official+website,,,,https://www.bing.com/search?q=Hoopla+Digital+Ltd+careers
Hope Church Network,Petersfield,Hampshire,Worker (A rating),Tier 2 Ministers of Religion,,,https://www.bing.com/search?q=Hope+Church+Network+official+website,,,,https://www.bing.com/search?q=Hope+Church+Network+careers
Hopscotch Network UK,London,,Worker (A rating),Global Business Mobility: Senior or Specialist Worker,,,https://www.bing.com/search?q=Hopscotch+Network+UK+official+website,,,,https://www.bing.com/search?q=Hopscotch+Network+UK+careers
Hopscotch Network UK,London,,Worker (A rating),Skilled Worker,,,https://www.bing.com/search?q=Hopscotch+Network+UK+official+website,,,,https://www.bing.com/search?q=Hopscotch+Network+UK+careers
Hosana Technologies Limited,Rugby,,Worker (A rating),Skilled Worker,,,https://www.bing.com/search?q=Hosana+Technologies+Limited+official+website,,,,https://www.bing.com/search?q=Hosana+Technologies+Limited+careers
Hospitality Software Solutions Limited,Bedford,,Worker (A rating),Skilled Worker,,,https://www.bing.com/search?q=Hospitality+Software+Solutions+Limited+official+website,,,,https://www.bing.com/search?q=Hospitality+Software+Solutions+Limited+careers
Hot Pot Digital Limited,London,,Worker (A rating),Skilled Worker,,,https://www.bing.com/search?q=Hot+Pot+Digital+Limited+official+website,,,,https://www.bing.com/search?q=Hot+Pot+Digital+Limited+careers
Hotel Technology Management (htm) ltd,Milton Keynes,,Worker (A rating),Global Business Mobility: Senior or Specialist Worker,,,https://www.bing.com/search?q=Hotel+Technology+Management+%28htm%29+ltd+official+website,,,,https://www.bing.com/search?q=Hotel+Technology+Management+%28htm%29+ltd+careers
Hotel Technology Management (htm) ltd,Milton Keynes,Bucks,Worker (A rating),Skilled Worker,,,https://www.bing.com/search?q=Hotel+Technology+Management+%28htm%29+ltd+official+website,,,,https://www.bing.com/search?q=Hotel+Technology+Management+%28htm%29+ltd+careers
Hotel Technology Management (htm) ltd,Milton Keynes,,Worker (A rating),Skilled Worker,,,https://www.bing.com/search?q=Hotel+Technology+Management+%28htm%29+ltd+official+website,,,,https://www.bing.com/search?q=Hotel+Technology+Management+%28htm%29+ltd+careers
House-on-the-Hill Software Ltd,Stockport,Greater Manchester,Worker (A rating),Skilled Worker,,,https://www.bing.com/search?q=House-on-the-Hill+Software+Ltd+official+website,,,,https://www.bing.com/search?q=House-on-the-Hill+Software+Ltd+careers
HR DIGITAL CONSULTANCY LTD,London,,Worker (A rating),Skilled Worker,,,https://www.bing.com/search?q=HR+DIGITAL+CONSULTANCY+LTD+official+website,,,,https://www.bing.com/search?q=HR+DIGITAL+CONSULTANCY+LTD+careers
HS Printing & Computing Ltd T/A Broadway Printers & Computers,Wallington,Surrey,Worker (A rating),Skilled Worker,,,https://www.bing.com/search?q=HS+Printing+%26+Computing+Ltd+T%2FA+Broadway+Printers+%26+Computers+official+website,,,,https://www.bing.com/search?q=HS+Printing+%26+Computing+Ltd+T%2FA+Broadway+Printers+%26+Computers+careers
HT Digital Ltd,London,,Worker (A rating),Skilled Worker,,,https://www.bing.com/search?q=HT+Digital+Ltd+official+website,,,,https://www.bing.com/search?q=HT+Digital+Ltd+careers
HT Digital Services Ltd,London,,Worker (A rating),Skilled Worker,,,https://www.bing.com/search?q=HT+Digital+Services+Ltd+official+website,,,,https://www.bing.com/search?q=HT+Digital+Services+Ltd+careers
HT SOFTWARE UK LTD,Chadwell Heath,,Worker (A rating),Skilled Worker,,,https://www.bing.com/search?q=HT+SOFTWARE+UK+LTD+official+website,,,,https://www.bing.com/search?q=HT+SOFTWARE+UK+LTD+careers
"Huawei Technologies (UK) Co., Ltd",Reading,Berkshire,Worker (A rating),Global Business Mobility: Senior or Specialist Worker,,,https://www.bing.com/search?q=Huawei+Technologies+%28UK%29+Co.%2C+Ltd+official+website,,,,https://www.bing.com/search?q=Huawei+Technologies+%28UK%29+Co.%2C+Ltd+careers
"Huawei Technologies (UK) Co., Ltd",Reading,Berkshire,Worker (A rating),Skilled Worker,,,https://www.bing.com/search?q=Huawei+Technologies+%28UK%29+Co.%2C+Ltd+official+website,,,,https://www.bing.com/search?q=Huawei+Technologies+%28UK%29+Co.%2C+Ltd+careers
Huawei Technologies Research & Development (UK) Limited,Cambridge,,Worker (A rating),Skilled Worker,,,https://www.bing.com/search?q=Huawei+Technologies+Research+%26+Development+%28UK%29+Limited+official+website,,,,https://www.bing.com/search?q=Huawei+Technologies+Research+%26+Development+%28UK%29+Limited+careers
Huawei Technologies Research & Development (UK) Limited,Cambridge,,Worker (A rating),Global Business Mobility: Senior or Specialist Worker,,,https://www.bing.com/search?q=Huawei+Technologies+Research+%26+Development+%28UK%29+Limited+official+website,,,,https://www.bing.com/search?q=Huawei+Technologies+Research+%26+Development+%28UK%29+Limited+careers
Hub Platform Technology Partners Ltd,London,,Worker (A rating),Skilled Worker,,,https://www.bing.com/search?q=Hub+Platform+Technology+Partners+Ltd+official+website,,,,https://www.bing.com/search?q=Hub+Platform+Technology+Partners+Ltd+careers
Huble Digital Limited,London,,Worker (A rating),Skilled Worker,,,https://www.bing.com/search?q=Huble+Digital+Limited+official+website,,,,https://www.bing.com/search?q=Huble+Digital+Limited+careers
Hugo Technologies Limited,Bromley,Kent,Worker (A rating),Skilled Worker,,,https://www.bing.com/search?q=Hugo+Technologies+Limited+official+website,,,,https://www.bing.com/search?q=Hugo+Technologies+Limited+careers
Humaans Software UK Limited,London,,Worker (A rating),Skilled Worker,,,https://www.bing.com/search?q=Humaans+Software+UK+Limited+official+website,,,,https://www.bing.com/search?q=Humaans+Software+UK+Limited+careers
Human Digital Twin Limited,London,,Worker (A rating),Skilled Worker,,,https://www.bing.com/search?q=Human+Digital+Twin+Limited+official+website,,,,https://www.bing.com/search?q=Human+Digital+Twin+Limited+careers
Humble AI Limited,London,,Worker (A rating),Skilled Worker,,,https://www.bing.com/search?q=Humble+AI+Limited+official+website,,,,https://www.bing.com/search?q=Humble+AI+Limited+careers
Hummingle Technology And Media Private Limited,Stoke-on-trent,Staffordshire,Worker (A rating),Skilled Worker,,,https://www.bing.com/search?q=Hummingle+Technology+And+Media+Private+Limited+official+website,,,,https://www.bing.com/search?q=Hummingle+Technology+And+Media+Private+Limited+careers
HUP TECHNOLOGY LIMITED,London,,Worker (A rating),Skilled Worker,,,https://www.bing.com/search?q=HUP+TECHNOLOGY+LIMITED+official+website,,,,https://www.bing.com/search?q=HUP+TECHNOLOGY+LIMITED+careers
Hutchison Technologies Limited,Dundee,,Worker (A rating),Skilled Worker,,,https://www.bing.com/search?q=Hutchison+Technologies+Limited+official+website,,,,https://www.bing.com/search?q=Hutchison+Technologies+Limited+careers
Hyble Technology Ltd,Edinburgh,,Worker (A rating),Skilled Worker,,,https://www.bing.com/search?q=Hyble+Technology+Ltd+official+website,,,,https://www.bing.com/search?q=Hyble+Technology+Ltd+careers
HYDAC TECHNOLOGY LIMITED,Witney,Oxfordshire,Worker (A rating),Skilled Worker,,,https://www.bing.com/search?q=HYDAC+TECHNOLOGY+LIMITED+official+website,,,,https://www.bing.com/search?q=HYDAC+TECHNOLOGY+LIMITED+careers
Hydropath Technology Ltd,Nottingham,,Worker (A rating),Skilled Worker,,,https://www.bing.com/search?q=Hydropath+Technology+Ltd+official+website,,,,https://www.bing.com/search?q=Hydropath+Technology+Ltd+careers
Hylink (UK) Digital Solution Limited,London,,Worker (A rating),Global Business Mobility: Senior or Specialist Worker,,,https://www.bing.com/search?q=Hylink+%28UK%29+Digital+Solution+Limited+official+website,,,,https://www.bing.com/search?q=Hylink+%28UK%29+Digital+Solution+Limited+careers
Hylink (UK) Digital Solution Limited,London,,Worker (A rating),Skilled Worker,,,https://www.bing.com/search?q=Hylink+%28UK%29+Digital+Solution+Limited+official+website,,,,https://www.bing.com/search?q=Hylink+%28UK%29+Digital+Solution+Limited+careers
Hyran Technologies Ltd,Cambridge,,Worker (A rating),Skilled Worker,,,https://www.bing.com/search?q=Hyran+Technologies+Ltd+official+website,,,,https://www.bing.com/search?q=Hyran+Technologies+Ltd+careers
I -Exceed Technology Solutions Limited,Halesowen,,Worker (A rating),Skilled Worker,,,https://www.bing.com/search?q=I+-Exceed+Technology+Solutions+Limited+official+website,,,,https://www.bing.com/search?q=I+-Exceed+Technology+Solutions+Limited+careers
I -Exceed Technology Solutions Limited,Halesowen,,Worker (A rating),Global Business Mobility: Senior or Specialist Worker,,,https://www.bing.com/search?q=I+-Exceed+Technology+Solutions+Limited+official+website,,,,https://www.bing.com/search?q=I+-Exceed+Technology+Solutions+Limited+careers
I Solution Technology Ltd,London,,Worker (A rating),Skilled Worker,,,https://www.bing.com/search?q=I+Solution+Technology+Ltd+official+website,,,,https://www.bing.com/search?q=I+Solution+Technology+Ltd+careers
I-Net Software Solutions,Hounslow,,Worker (A rating),Scale-up,,,https://www.bing.com/search?q=I-Net+Software+Solutions+official+website,,,,https://www.bing.com/search?q=I-Net+Software+Solutions+careers
I-Net Software Solutions,Hounslow,,Worker (A rating),Skilled Worker,,,https://www.bing.com/search?q=I-Net+Software+Solutions+official+website,,,,https://www.bing.com/search?q=I-Net+Software+Solutions+careers
IAM Technology Group Limited,Huddersfield,,Worker (A rating),Skilled Worker,,,https://www.bing.com/search?q=IAM+Technology+Group+Limited+official+website,,,,https://www.bing.com/search?q=IAM+Technology+Group+Limited+careers
IBASE SOFTWARE SOLUTIONS PVT LIMITED,Cheshire,,Worker (A rating),Skilled Worker,,,https://www.bing.com/search?q=IBASE+SOFTWARE+SOLUTIONS+PVT+LIMITED+official+website,,,,https://www.bing.com/search?q=IBASE+SOFTWARE+SOLUTIONS+PVT+LIMITED+careers
IBRAHIM & RAYAN TECHNOLOGIES LTD,Didcot,Oxfordshire,Worker (A rating),Skilled Worker,,,https://www.bing.com/search?q=IBRAHIM+%26+RAYAN+TECHNOLOGIES+LTD+official+website,,,,https://www.bing.com/search?q=IBRAHIM+%26+RAYAN+TECHNOLOGIES+LTD+careers
IBS Software Europe Ltd,Bracknell,Berkshire,Worker (A rating),Global Business Mobility: Senior or Specialist Worker,,,https://www.bing.com/search?q=IBS+Software+Europe+Ltd+official+website,,,,https://www.bing.com/search?q=IBS+Software+Europe+Ltd+careers
IBS Software Europe Ltd,Bracknell,Berkshire,Worker (A rating),Skilled Worker,,,https://www.bing.com/search?q=IBS+Software+Europe+Ltd+official+website,,,,https://www.bing.com/search?q=IBS+Software+Europe+Ltd+careers
ICE Data Services Europe Limited,London,,Worker (A rating),Global Business Mobility: Senior or Specialist Worker,,,https://www.bing.com/search?q=ICE+Data+Services+Europe+Limited+official+website,,,,https://www.bing.com/search?q=ICE+Data+Services+Europe+Limited+careers
ICE Data Services Europe Limited,London,,Worker (A rating),Skilled Worker,,,https://www.bing.com/search?q=ICE+Data+Services+Europe+Limited+official+website,,,,https://www.bing.com/search?q=ICE+Data+Services+Europe+Limited+careers
IceMOS Technology,Belfast,,Worker (A rating),Skilled Worker,,,https://www.bing.com/search?q=IceMOS+Technology+official+website,,,,https://www.bing.com/search?q=IceMOS+Technology+careers
Iceotope Technologies Limited,Catcliffe,Sheffield,Worker (A rating),Skilled Worker,,,https://www.bing.com/search?q=Iceotope+Technologies+Limited+official+website,,,,https://www.bing.com/search?q=Iceotope+Technologies+Limited+careers
iConnect Digital Solutions Ltd,Northfleet,,Worker (A rating),Skilled Worker,,,https://www.bing.com/search?q=iConnect+Digital+Solutions+Ltd+official+website,,,,https://www.bing.com/search?q=iConnect+Digital+Solutions+Ltd+careers
Icore Digital Ltd,Silsoe,Bedford,Worker (A rating),Skilled Worker,,,https://www.bing.com/search?q=Icore+Digital+Ltd+official+website,,,,https://www.bing.com/search?q=Icore+Digital+Ltd+careers
ICS.AI Limited,Basingstoke,,Worker (A rating),Skilled Worker,https://ics.ai,derived_from_company_name_domain,https://www.bing.com/search?q=ICS.AI+Limited+official+website,,https://ics.ai,https://ics.ai/careers,https://www.bing.com/search?q=ICS.AI+Limited+careers
ID Cyber Solutions Ltd,Glasgow,Glasgow,Worker (A rating),Skilled Worker,,,https://www.bing.com/search?q=ID+Cyber+Solutions+Ltd+official+website,,,,https://www.bing.com/search?q=ID+Cyber+Solutions+Ltd+careers
IDC Technologies (UK) Limited,Middlesex,,Worker (A rating),Skilled Worker,,,https://www.bing.com/search?q=IDC+Technologies+%28UK%29+Limited+official+website,,,,https://www.bing.com/search?q=IDC+Technologies+%28UK%29+Limited+careers
IDEABEAN SOFTWARE TECHNOLOGY LTD,keighley,,Worker (A rating),Skilled Worker,,,https://www.bing.com/search?q=IDEABEAN+SOFTWARE+TECHNOLOGY+LTD+official+website,,,,https://www.bing.com/search?q=IDEABEAN+SOFTWARE+TECHNOLOGY+LTD+careers
IDEAL COMPUTING.CO.UK LIMITED,EDINBURGH,,Worker (A rating),Skilled Worker,,,https://www.bing.com/search?q=IDEAL+COMPUTING.CO.UK+LIMITED+official+website,,,,https://www.bing.com/search?q=IDEAL+COMPUTING.CO.UK+LIMITED+careers
Ideal Networks,Brighton,,Worker (A rating),Skilled Worker,,,https://www.bing.com/search?q=Ideal+Networks+official+website,,,,https://www.bing.com/search?q=Ideal+Networks+careers
IDEAL SOLUTIONS MEDIA AND TECHNOLOGY LTD,Leicester,,Worker (A rating),Skilled Worker,,,https://www.bing.com/search?q=IDEAL+SOLUTIONS+MEDIA+AND+TECHNOLOGY+LTD+official+website,,,,https://www.bing.com/search?q=IDEAL+SOLUTIONS+MEDIA+AND+TECHNOLOGY+LTD+careers
IDIADA Automotive Technology UK Ltd,Nuneaton,Warwickshire,Worker (A rating),Global Business Mobility: Senior or Specialist Worker,,,https://www.bing.com/search?q=IDIADA+Automotive+Technology+UK+Ltd+official+website,,,,https://www.bing.com/search?q=IDIADA+Automotive+Technology+UK+Ltd+careers
IDIADA Automotive Technology UK Ltd,Nuneaton,Warwickshire,Worker (A rating),Skilled Worker,,,https://www.bing.com/search?q=IDIADA+Automotive+Technology+UK+Ltd+official+website,,,,https://www.bing.com/search?q=IDIADA+Automotive+Technology+UK+Ltd+careers
Idox Software Ltd.,Woking,Surrey,Worker (A rating),Skilled Worker,,,https://www.bing.com/search?q=Idox+Software+Ltd.+official+website,,,,https://www.bing.com/search?q=Idox+Software+Ltd.+careers
IDRAK AI LTD,London,,Worker (A rating),Skilled Worker,,,https://www.bing.com/search?q=IDRAK+AI+LTD+official+website,,,,https://www.bing.com/search?q=IDRAK+AI+LTD+careers
IDS TECHNOLOGY LIMITED,London,,Worker (A rating),Skilled Worker,,,https://www.bing.com/search?q=IDS+TECHNOLOGY+LIMITED+official+website,,,,https://www.bing.com/search?q=IDS+TECHNOLOGY+LIMITED+careers
IDX Technology Europe Ltd,Slough,Berkshire,Worker (A rating),Skilled Worker,,,https://www.bing.com/search?q=IDX+Technology+Europe+Ltd+official+website,,,,https://www.bing.com/search?q=IDX+Technology+Europe+Ltd+careers
Ieso Digital Health Limited,Cambridge,,Worker (A rating),Global Business Mobility: Senior or Specialist Worker,,,https://www.bing.com/search?q=Ieso+Digital+Health+Limited+official+website,,,,https://www.bing.com/search?q=Ieso+Digital+Health+Limited+careers
Ieso Digital Health Limited,Cambridge,,Worker (A rating),Skilled Worker,,,https://www.bing.com/search?q=Ieso+Digital+Health+Limited+official+website,,,,https://www.bing.com/search?q=Ieso+Digital+Health+Limited+careers
IFIX COMPUTING LTD,Letchworth Garden City,Hertfordshire,Worker (A rating),Skilled Worker,,,https://www.bing.com/search?q=IFIX+COMPUTING+LTD+official+website,,,,https://www.bing.com/search?q=IFIX+COMPUTING+LTD+careers
Iglu Network Ltd,London,,Worker (A rating),Skilled Worker,,,https://www.bing.com/search?q=Iglu+Network+Ltd+official+website,,,,https://www.bing.com/search?q=Iglu+Network+Ltd+careers
Iglu Network Ltd.,London,,Worker (A rating),Global Business Mobility: Senior or Specialist Worker,,,https://www.bing.com/search?q=Iglu+Network+Ltd.+official+website,,,,https://www.bing.com/search?q=Iglu+Network+Ltd.+careers
Iglu Network Ltd.,London,,Worker (A rating),Skilled Worker,,,https://www.bing.com/search?q=Iglu+Network+Ltd.+official+website,,,,https://www.bing.com/search?q=Iglu+Network+Ltd.+careers
IGNITE TECHNOLOGIES INTERNATIONAL LIMITED,London,,Worker (A rating),Skilled Worker,,,https://www.bing.com/search?q=IGNITE+TECHNOLOGIES+INTERNATIONAL+LIMITED+official+website,,,,https://www.bing.com/search?q=IGNITE+TECHNOLOGIES+INTERNATIONAL+LIMITED+careers
Ignitho Technologies UK Ltd,Falmer,,Worker (A rating),Skilled Worker,,,https://www.bing.com/search?q=Ignitho+Technologies+UK+Ltd+official+website,,,,https://www.bing.com/search?q=Ignitho+Technologies+UK+Ltd+careers
iGrid Technology Consulting Ltd,Glasgow,,Worker (A rating),Skilled Worker,,,https://www.bing.com/search?q=iGrid+Technology+Consulting+Ltd+official+website,,,,https://www.bing.com/search?q=iGrid+Technology+Consulting+Ltd+careers
IIT Software Limited,London,,Worker (A rating),Skilled Worker,,,https://www.bing.com/search?q=IIT+Software+Limited+official+website,,,,https://www.bing.com/search?q=IIT+Software+Limited+careers
Ikigai Data Ltd,London,Select One,Worker (A rating),Skilled Worker,,,https://www.bing.com/search?q=Ikigai+Data+Ltd+official+website,,,,https://www.bing.com/search?q=Ikigai+Data+Ltd+careers
IKIGAI DIGITAL LIMITED,Malmesbury,,Worker (A rating),Skilled Worker,,,https://www.bing.com/search?q=IKIGAI+DIGITAL+LIMITED+official+website,,,,https://www.bing.com/search?q=IKIGAI+DIGITAL+LIMITED+careers
IKNOW TECHNOLOGY UK LTD,London,,Worker (A rating),Skilled Worker,,,https://www.bing.com/search?q=IKNOW+TECHNOLOGY+UK+LTD+official+website,,,,https://www.bing.com/search?q=IKNOW+TECHNOLOGY+UK+LTD+careers
Ikonic Technology Ltd,Heywood,Lancashire,Worker (A rating),Skilled Worker,,,https://www.bing.com/search?q=Ikonic+Technology+Ltd+official+website,,,,https://www.bing.com/search?q=Ikonic+Technology+Ltd+careers
Ilika Technologies Ltd,Romsey,,Worker (A rating),Skilled Worker,,,https://www.bing.com/search?q=Ilika+Technologies+Ltd+official+website,,,,https://www.bing.com/search?q=Ilika+Technologies+Ltd+careers
Illuminate Digital Limited,London,,Worker (A rating),Skilled Worker,,,https://www.bing.com/search?q=Illuminate+Digital+Limited+official+website,,,,https://www.bing.com/search?q=Illuminate+Digital+Limited+careers
Illustrate Digital LTD,Cardiff,,Worker (A rating),Skilled Worker,,,https://www.bing.com/search?q=Illustrate+Digital+LTD+official+website,,,,https://www.bing.com/search?q=Illustrate+Digital+LTD+careers
Image Data Systems (UK) Ltd,London,,Worker (A rating),Skilled Worker,,,https://www.bing.com/search?q=Image+Data+Systems+%28UK%29+Ltd+official+website,,,,https://www.bing.com/search?q=Image+Data+Systems+%28UK%29+Ltd+careers
Imagination Technologies Limited,Kings Langley,Herts,Worker (A rating),Skilled Worker,,,https://www.bing.com/search?q=Imagination+Technologies+Limited+official+website,,,,https://www.bing.com/search?q=Imagination+Technologies+Limited+careers
Imagination Technologies Limited,Kings Langley,Herts,Worker (A rating),Global Business Mobility: Senior or Specialist Worker,,,https://www.bing.com/search?q=Imagination+Technologies+Limited+official+website,,,,https://www.bing.com/search?q=Imagination+Technologies+Limited+careers
"Imagine Software (UK), Ltd.",London,,Worker (A rating),Global Business Mobility: Senior or Specialist Worker,,,https://www.bing.com/search?q=Imagine+Software+%28UK%29%2C+Ltd.+official+website,,,,https://www.bing.com/search?q=Imagine+Software+%28UK%29%2C+Ltd.+careers
"Imagine Software (UK), Ltd.",London,,Worker (A rating),Skilled Worker,,,https://www.bing.com/search?q=Imagine+Software+%28UK%29%2C+Ltd.+official+website,,,,https://www.bing.com/search?q=Imagine+Software+%28UK%29%2C+Ltd.+careers
IMD Technologies Ltd,London,Choose County,Temporary Worker (A rating),Global Business Mobility: Graduate Trainee,,,https://www.bing.com/search?q=IMD+Technologies+Ltd+official+website,,,,https://www.bing.com/search?q=IMD+Technologies+Ltd+careers
IMD Technologies Ltd,London,Choose County,Worker (A rating),Global Business Mobility: Senior or Specialist Worker,,,https://www.bing.com/search?q=IMD+Technologies+Ltd+official+website,,,,https://www.bing.com/search?q=IMD+Technologies+Ltd+careers
IMD Technologies Ltd,London,Choose County,Worker (A rating),Skilled Worker,,,https://www.bing.com/search?q=IMD+Technologies+Ltd+official+website,,,,https://www.bing.com/search?q=IMD+Technologies+Ltd+careers
IMMERSIVE CLOUD SOLUTIONS GROUP LIMITED,Windsor,Berkshire,Worker (A rating),Skilled Worker,,,https://www.bing.com/search?q=IMMERSIVE+CLOUD+SOLUTIONS+GROUP+LIMITED+official+website,,,,https://www.bing.com/search?q=IMMERSIVE+CLOUD+SOLUTIONS+GROUP+LIMITED+careers
IMMO Investment Technologies UK Ltd,London,,Worker (A rating),Skilled Worker,,,https://www.bing.com/search?q=IMMO+Investment+Technologies+UK+Ltd+official+website,,,,https://www.bing.com/search?q=IMMO+Investment+Technologies+UK+Ltd+careers
Impact Cubed Data Analytics Limited,London,,Worker (A rating),Skilled Worker,,,https://www.bing.com/search?q=Impact+Cubed+Data+Analytics+Limited+official+website,,,,https://www.bing.com/search?q=Impact+Cubed+Data+Analytics+Limited+careers
Impact Data Metrics Ltd,Liverpool,,Worker (A rating),Skilled Worker,,,https://www.bing.com/search?q=Impact+Data+Metrics+Ltd+official+website,,,,https://www.bing.com/search?q=Impact+Data+Metrics+Ltd+careers
Impact Women Network CIC,Bradford,West Yorkshire,Worker (A rating),Skilled Worker,,,https://www.bing.com/search?q=Impact+Women+Network+CIC+official+website,,,,https://www.bing.com/search?q=Impact+Women+Network+CIC+careers
Impala Travel Technology Ltd,London,,Worker (A rating),Skilled Worker,,,https://www.bing.com/search?q=Impala+Travel+Technology+Ltd+official+website,,,,https://www.bing.com/search?q=Impala+Travel+Technology+Ltd+careers
IMPERIAL WORLD TECHNOLOGIES LTD T/A PHOTOPLACE,PINNER,,Worker (A rating),Skilled Worker,,,https://www.bing.com/search?q=IMPERIAL+WORLD+TECHNOLOGIES+LTD+T%2FA+PHOTOPLACE+official+website,,,,https://www.bing.com/search?q=IMPERIAL+WORLD+TECHNOLOGIES+LTD+T%2FA+PHOTOPLACE+careers
Imply Data UK Limited,London,,Worker (A rating),Skilled Worker,,,https://www.bing.com/search?q=Imply+Data+UK+Limited+official+website,,,,https://www.bing.com/search?q=Imply+Data+UK+Limited+careers
Imply Data UK Limited,London,,Worker (A rating),Global Business Mobility: Senior or Specialist Worker,,,https://www.bing.com/search?q=Imply+Data+UK+Limited+official+website,,,,https://www.bing.com/search?q=Imply+Data+UK+Limited+careers
IMPRESSION DIGITAL LIMITED,NOTTINGHAM,,Worker (A rating),Skilled Worker,,,https://www.bing.com/search?q=IMPRESSION+DIGITAL+LIMITED+official+website,,,,https://www.bing.com/search?q=IMPRESSION+DIGITAL+LIMITED+careers
Improvability AI,London,,Worker (A rating),Skilled Worker,,,https://www.bing.com/search?q=Improvability+AI+official+website,,,,https://www.bing.com/search?q=Improvability+AI+careers
In Digital Ltd,London,,Worker (A rating),Skilled Worker,,,https://www.bing.com/search?q=In+Digital+Ltd+official+website,,,,https://www.bing.com/search?q=In+Digital+Ltd+careers
In Digital Marketing Limited,London,,Worker (A rating),Skilled Worker,,,https://www.bing.com/search?q=In+Digital+Marketing+Limited+official+website,,,,https://www.bing.com/search?q=In+Digital+Marketing+Limited+careers
Incode Technology UK Limited,Nottingham,,Worker (A rating),Skilled Worker,,,https://www.bing.com/search?q=Incode+Technology+UK+Limited+official+website,,,,https://www.bing.com/search?q=Incode+Technology+UK+Limited+careers
Incredible Technologies Limited,London,,Worker (A rating),Skilled Worker,,,https://www.bing.com/search?q=Incredible+Technologies+Limited+official+website,,,,https://www.bing.com/search?q=Incredible+Technologies+Limited+careers
INCTURE TECHNOLOGY LIMITED,Harrow,,Worker (A rating),Global Business Mobility: Senior or Specialist Worker,,,https://www.bing.com/search?q=INCTURE+TECHNOLOGY+LIMITED+official+website,,,,https://www.bing.com/search?q=INCTURE+TECHNOLOGY+LIMITED+careers
INCTURE TECHNOLOGY LIMITED,Harrow,,Worker (A rating),Skilled Worker,,,https://www.bing.com/search?q=INCTURE+TECHNOLOGY+LIMITED+official+website,,,,https://www.bing.com/search?q=INCTURE+TECHNOLOGY+LIMITED+careers
Independent Digital News and Media Limited,London,,Worker (A rating),Skilled Worker,,,https://www.bing.com/search?q=Independent+Digital+News+and+Media+Limited+official+website,,,,https://www.bing.com/search?q=Independent+Digital+News+and+Media+Limited+careers
Independent Technology Systems Limited,Bristol,,Worker (A rating),Global Business Mobility: Senior or Specialist Worker,,,https://www.bing.com/search?q=Independent+Technology+Systems+Limited+official+website,,,,https://www.bing.com/search?q=Independent+Technology+Systems+Limited+careers
Independent Technology Systems Limited,Bristol,,Worker (A rating),Skilled Worker,,,https://www.bing.com/search?q=Independent+Technology+Systems+Limited+official+website,,,,https://www.bing.com/search?q=Independent+Technology+Systems+Limited+careers
Indigo Computer Consultancy Limited,London,,Worker (UK Expansion Worker: Provisional ),Global Business Mobility: UK Expansion Worker,,,https://www.bing.com/search?q=Indigo+Computer+Consultancy+Limited+official+website,,,,https://www.bing.com/search?q=Indigo+Computer+Consultancy+Limited+careers
Indigo Software Ltd,Durham City,County Durham,Worker (A rating),Skilled Worker,,,https://www.bing.com/search?q=Indigo+Software+Ltd+official+website,,,,https://www.bing.com/search?q=Indigo+Software+Ltd+careers
Indigo Telecom Group Limited,Magor,Monmouthshire,Worker (A rating),Skilled Worker,,,https://www.bing.com/search?q=Indigo+Telecom+Group+Limited+official+website,,,,https://www.bing.com/search?q=Indigo+Telecom+Group+Limited+careers
INDRA RENEWABLE TECHNOLOGIES LIMITED,Worcestershire,,Worker (A rating),Skilled Worker,,,https://www.bing.com/search?q=INDRA+RENEWABLE+TECHNOLOGIES+LIMITED+official+website,,,,https://www.bing.com/search?q=INDRA+RENEWABLE+TECHNOLOGIES+LIMITED+careers
Indus Health Network UK,London,,Worker (A rating),Skilled Worker,,,https://www.bing.com/search?q=Indus+Health+Network+UK+official+website,,,,https://www.bing.com/search?q=Indus+Health+Network+UK+careers
Industrial Technology Systems,Middlesbrough,Teesside,Worker (A rating),Skilled Worker,,,https://www.bing.com/search?q=Industrial+Technology+Systems+official+website,,,,https://www.bing.com/search?q=Industrial+Technology+Systems+careers
Inetum Digital Services UK Limited,London,,Worker (A rating),Skilled Worker,,,https://www.bing.com/search?q=Inetum+Digital+Services+UK+Limited+official+website,,,,https://www.bing.com/search?q=Inetum+Digital+Services+UK+Limited+careers
Infineon Technologies UK Limited,Bristol,,Worker (A rating),Global Business Mobility: Senior or Specialist Worker,,,https://www.bing.com/search?q=Infineon+Technologies+UK+Limited+official+website,,,,https://www.bing.com/search?q=Infineon+Technologies+UK+Limited+careers
Infineon Technologies UK Limited,Bristol,,Worker (A rating),Skilled Worker,,,https://www.bing.com/search?q=Infineon+Technologies+UK+Limited+official+website,,,,https://www.bing.com/search?q=Infineon+Technologies+UK+Limited+careers
INFINITE CARE NETWORK LTD,"Hersham,",Surrey,Worker (A rating),Skilled Worker,,,https://www.bing.com/search?q=INFINITE+CARE+NETWORK+LTD+official+website,,,,https://www.bing.com/search?q=INFINITE+CARE+NETWORK+LTD+careers
INFINITE COMPUTER SOLUTIONS LIMITED,London,,Worker (A rating),Skilled Worker,,,https://www.bing.com/search?q=INFINITE+COMPUTER+SOLUTIONS+LIMITED+official+website,,,,https://www.bing.com/search?q=INFINITE+COMPUTER+SOLUTIONS+LIMITED+careers
INFINITE SOFTWARE SOLUTIONS LTD,Preston,,Worker (A rating),Skilled Worker,,,https://www.bing.com/search?q=INFINITE+SOFTWARE+SOLUTIONS+LTD+official+website,,,,https://www.bing.com/search?q=INFINITE+SOFTWARE+SOLUTIONS+LTD+careers
Infinity Technology Solutions,Tunbridge Wells,,Worker (A rating),Skilled Worker,,,https://www.bing.com/search?q=Infinity+Technology+Solutions+official+website,,,,https://www.bing.com/search?q=Infinity+Technology+Solutions+careers
Influence Digital Limited,London,,Worker (A rating),Skilled Worker,,,https://www.bing.com/search?q=Influence+Digital+Limited+official+website,,,,https://www.bing.com/search?q=Influence+Digital+Limited+careers
Influential Software Services Ltd,Maidstone,Kent,Worker (A rating),Skilled Worker,,,https://www.bing.com/search?q=Influential+Software+Services+Ltd+official+website,,,,https://www.bing.com/search?q=Influential+Software+Services+Ltd+careers
Infoplus Technologies UK Limited,London,,Worker (A rating),Skilled Worker,,,https://www.bing.com/search?q=Infoplus+Technologies+UK+Limited+official+website,,,,https://www.bing.com/search?q=Infoplus+Technologies+UK+Limited+careers
Infoplus Technologies UK Limited,London,,Worker (A rating),Global Business Mobility: Senior or Specialist Worker,,,https://www.bing.com/search?q=Infoplus+Technologies+UK+Limited+official+website,,,,https://www.bing.com/search?q=Infoplus+Technologies+UK+Limited+careers
Infopro Digital Services Ltd,London,,Worker (A rating),Skilled Worker,,,https://www.bing.com/search?q=Infopro+Digital+Services+Ltd+official+website,,,,https://www.bing.com/search?q=Infopro+Digital+Services+Ltd+careers
Informatica Software Ltd,Maidenhead,Berks,Worker (A rating),Skilled Worker,,,https://www.bing.com/search?q=Informatica+Software+Ltd+official+website,,,,https://www.bing.com/search?q=Informatica+Software+Ltd+careers
Informatica Software Ltd,Maidenhead,Berks,Worker (A rating),Global Business Mobility: Senior or Specialist Worker,,,https://www.bing.com/search?q=Informatica+Software+Ltd+official+website,,,,https://www.bing.com/search?q=Informatica+Software+Ltd+careers
Information Technologies Limited,Hitchin,,Worker (A rating),Skilled Worker,,,https://www.bing.com/search?q=Information+Technologies+Limited+official+website,,,,https://www.bing.com/search?q=Information+Technologies+Limited+careers
INFOSEC CYBER SECURITY LTD,LONDON,,Worker (A rating),Skilled Worker,,,https://www.bing.com/search?q=INFOSEC+CYBER+SECURITY+LTD+official+website,,,,https://www.bing.com/search?q=INFOSEC+CYBER+SECURITY+LTD+careers
INFOTECH SYSTEM SOLUTIONS LIMITED,Northolt,London,Worker (A rating),Skilled Worker,,,https://www.bing.com/search?q=INFOTECH+SYSTEM+SOLUTIONS+LIMITED+official+website,,,,https://www.bing.com/search?q=INFOTECH+SYSTEM+SOLUTIONS+LIMITED+careers
INFOTECH WEB TECHNOLOGIES LIMITED,Tyne & Wear,England,Worker (A rating),Skilled Worker,,,https://www.bing.com/search?q=INFOTECH+WEB+TECHNOLOGIES+LIMITED+official+website,,,,https://www.bing.com/search?q=INFOTECH+WEB+TECHNOLOGIES+LIMITED+careers
Infrasoft Technologies Limited,London,,Worker (A rating),Skilled Worker,,,https://www.bing.com/search?q=Infrasoft+Technologies+Limited+official+website,,,,https://www.bing.com/search?q=Infrasoft+Technologies+Limited+careers
Infrasoft Technologies Limited,London,,Worker (A rating),Global Business Mobility: Senior or Specialist Worker,,,https://www.bing.com/search?q=Infrasoft+Technologies+Limited+official+website,,,,https://www.bing.com/search?q=Infrasoft+Technologies+Limited+careers
Ingenuity Digital Limited,Leeds,,Worker (A rating),Skilled Worker,,,https://www.bing.com/search?q=Ingenuity+Digital+Limited+official+website,,,,https://www.bing.com/search?q=Ingenuity+Digital+Limited+careers
InHaus.ai Limited,London,,Worker (A rating),Skilled Worker,https://inhaus.ai,derived_from_company_name_domain,https://www.bing.com/search?q=InHaus.ai+Limited+official+website,,https://inhaus.ai,https://inhaus.ai/careers,https://www.bing.com/search?q=InHaus.ai+Limited+careers
Ink Digital Ltd,Brentwood,Essex,Worker (A rating),Skilled Worker,,,https://www.bing.com/search?q=Ink+Digital+Ltd+official+website,,,,https://www.bing.com/search?q=Ink+Digital+Ltd+careers
INK NETWORKS LIMITED,Farnham,,Worker (A rating),Skilled Worker,,,https://www.bing.com/search?q=INK+NETWORKS+LIMITED+official+website,,,,https://www.bing.com/search?q=INK+NETWORKS+LIMITED+careers
Innatus Digital,Taunton,Somerset,Worker (A rating),Skilled Worker,,,https://www.bing.com/search?q=Innatus+Digital+official+website,,,,https://www.bing.com/search?q=Innatus+Digital+careers
INNOTECH DIGITAL & DISPLAY LTD,"Bardon,",Leics,Worker (A rating),Skilled Worker,,,https://www.bing.com/search?q=INNOTECH+DIGITAL+%26+DISPLAY+LTD+official+website,,,,https://www.bing.com/search?q=INNOTECH+DIGITAL+%26+DISPLAY+LTD+careers
INNOVA TECHNOLOGY SOLUTIONS UK LIMITED,London,,Worker (A rating),Skilled Worker,,,https://www.bing.com/search?q=INNOVA+TECHNOLOGY+SOLUTIONS+UK+LIMITED+official+website,,,,https://www.bing.com/search?q=INNOVA+TECHNOLOGY+SOLUTIONS+UK+LIMITED+careers
Innovate Automotive Network Limited,Preston,Lancashire,Worker (A rating),Skilled Worker,,,https://www.bing.com/search?q=Innovate+Automotive+Network+Limited+official+website,,,,https://www.bing.com/search?q=Innovate+Automotive+Network+Limited+careers
Innovation Technology and Business Solutions Limited,London,,Worker (A rating),Global Business Mobility: Senior or Specialist Worker,,,https://www.bing.com/search?q=Innovation+Technology+and+Business+Solutions+Limited+official+website,,,,https://www.bing.com/search?q=Innovation+Technology+and+Business+Solutions+Limited+careers
Innovation Technology and Business Solutions Limited,London,,Worker (A rating),Skilled Worker,,,https://www.bing.com/search?q=Innovation+Technology+and+Business+Solutions+Limited+official+website,,,,https://www.bing.com/search?q=Innovation+Technology+and+Business+Solutions+Limited+careers
INNOVATIVE TECHNOLOGY LTD,OLDHAM,LANCASHIRE,Worker (A rating),Skilled Worker,,,https://www.bing.com/search?q=INNOVATIVE+TECHNOLOGY+LTD+official+website,,,,https://www.bing.com/search?q=INNOVATIVE+TECHNOLOGY+LTD+careers
Innovatus Telecom Services Limited,Wellesbourne,Warwickshire,Worker (A rating),Skilled Worker,,,https://www.bing.com/search?q=Innovatus+Telecom+Services+Limited+official+website,,,,https://www.bing.com/search?q=Innovatus+Telecom+Services+Limited+careers
Innovent Technology Limited,Roslin,Midlothian,Worker (A rating),Skilled Worker,,,https://www.bing.com/search?q=Innovent+Technology+Limited+official+website,,,,https://www.bing.com/search?q=Innovent+Technology+Limited+careers
Innovia Technology Ltd,Cambridge,,Worker (A rating),Skilled Worker,,,https://www.bing.com/search?q=Innovia+Technology+Ltd+official+website,,,,https://www.bing.com/search?q=Innovia+Technology+Ltd+careers
Insider Technologies Limited,Greater Manchester,,Worker (A rating),Skilled Worker,,,https://www.bing.com/search?q=Insider+Technologies+Limited+official+website,,,,https://www.bing.com/search?q=Insider+Technologies+Limited+careers
Insight Data Analytics Limited,Hatfield,Herts,Worker (A rating),Skilled Worker,,,https://www.bing.com/search?q=Insight+Data+Analytics+Limited+official+website,,,,https://www.bing.com/search?q=Insight+Data+Analytics+Limited+careers
Insight Technology Ltd,Lonon,,Worker (A rating),Skilled Worker,,,https://www.bing.com/search?q=Insight+Technology+Ltd+official+website,,,,https://www.bing.com/search?q=Insight+Technology+Ltd+careers
Insightful Technology Limited,London,,Worker (A rating),Skilled Worker,,,https://www.bing.com/search?q=Insightful+Technology+Limited+official+website,,,,https://www.bing.com/search?q=Insightful+Technology+Limited+careers
Inspira Digital Ltd.,Barnstaple,Devon,Worker (A rating),Skilled Worker,,,https://www.bing.com/search?q=Inspira+Digital+Ltd.+official+website,,,,https://www.bing.com/search?q=Inspira+Digital+Ltd.+careers
Inspired Homes Network Ltd,Conwy,Conwy,Worker (A rating),Skilled Worker,,,https://www.bing.com/search?q=Inspired+Homes+Network+Ltd+official+website,,,,https://www.bing.com/search?q=Inspired+Homes+Network+Ltd+careers
Instant Access Technologies,Wokingham,Berkshire,Worker (A rating),Skilled Worker,,,https://www.bing.com/search?q=Instant+Access+Technologies+official+website,,,,https://www.bing.com/search?q=Instant+Access+Technologies+careers
Instill AI Ltd,London,,Worker (A rating),Skilled Worker,,,https://www.bing.com/search?q=Instill+AI+Ltd+official+website,,,,https://www.bing.com/search?q=Instill+AI+Ltd+careers
Insurance Data Solutions,Chelmsford,Essex,Worker (A rating),Skilled Worker,,,https://www.bing.com/search?q=Insurance+Data+Solutions+official+website,,,,https://www.bing.com/search?q=Insurance+Data+Solutions+careers
InSync Technology Ltd,Petersfield,Hampshire,Worker (A rating),Skilled Worker,,,https://www.bing.com/search?q=InSync+Technology+Ltd+official+website,,,,https://www.bing.com/search?q=InSync+Technology+Ltd+careers
Intact Software (UK) Limited,Hemel Hempstead,Herts,Worker (A rating),Skilled Worker,,,https://www.bing.com/search?q=Intact+Software+%28UK%29+Limited+official+website,,,,https://www.bing.com/search?q=Intact+Software+%28UK%29+Limited+careers
INTEGRA SOFTWARE SERVICES PRIVATE LTD,Berkshire,,Worker (A rating),Global Business Mobility: Senior or Specialist Worker,,,https://www.bing.com/search?q=INTEGRA+SOFTWARE+SERVICES+PRIVATE+LTD+official+website,,,,https://www.bing.com/search?q=INTEGRA+SOFTWARE+SERVICES+PRIVATE+LTD+careers
INTEGRA SOFTWARE SERVICES PRIVATE LTD,Berkshire,,Worker (A rating),Skilled Worker,,,https://www.bing.com/search?q=INTEGRA+SOFTWARE+SERVICES+PRIVATE+LTD+official+website,,,,https://www.bing.com/search?q=INTEGRA+SOFTWARE+SERVICES+PRIVATE+LTD+careers
Integrated Clinical Oncology Network UK Ltd,Wimbledon,,Worker (A rating),Skilled Worker,,,https://www.bing.com/search?q=Integrated+Clinical+Oncology+Network+UK+Ltd+official+website,,,,https://www.bing.com/search?q=Integrated+Clinical+Oncology+Network+UK+Ltd+careers
Integrated Clinical Oncology Network UK Ltd,Wimbledon,,Worker (A rating),Global Business Mobility: Senior or Specialist Worker,,,https://www.bing.com/search?q=Integrated+Clinical+Oncology+Network+UK+Ltd+official+website,,,,https://www.bing.com/search?q=Integrated+Clinical+Oncology+Network+UK+Ltd+careers
Integrated Digital Solutions Limited,Buckinghamshire,,Worker (A rating),Skilled Worker,,,https://www.bing.com/search?q=Integrated+Digital+Solutions+Limited+official+website,,,,https://www.bing.com/search?q=Integrated+Digital+Solutions+Limited+careers
Integrated System Technologies Limited,Lichfield,Staffordshire,Worker (A rating),Skilled Worker,,,https://www.bing.com/search?q=Integrated+System+Technologies+Limited+official+website,,,,https://www.bing.com/search?q=Integrated+System+Technologies+Limited+careers
Integrated Technologies Limited,Ashford,Kent,Worker (A rating),Skilled Worker,,,https://www.bing.com/search?q=Integrated+Technologies+Limited+official+website,,,,https://www.bing.com/search?q=Integrated+Technologies+Limited+careers
Integrated Technology Corporation Ltd,London,,Worker (A rating),Skilled Worker,,,https://www.bing.com/search?q=Integrated+Technology+Corporation+Ltd+official+website,,,,https://www.bing.com/search?q=Integrated+Technology+Corporation+Ltd+careers
Intelance Digital Enablement Services Ltd,Hayes,Greater London,Worker (A rating),Skilled Worker,,,https://www.bing.com/search?q=Intelance+Digital+Enablement+Services+Ltd+official+website,,,,https://www.bing.com/search?q=Intelance+Digital+Enablement+Services+Ltd+careers
Intelliam AI Plc,Sheffield,South Yorkshire,Worker (A rating),Skilled Worker,,,https://www.bing.com/search?q=Intelliam+AI+Plc+official+website,,,,https://www.bing.com/search?q=Intelliam+AI+Plc+careers
Intelligent Data Technologies Limited,Weybridge,Surrey,Worker (A rating),Skilled Worker,,,https://www.bing.com/search?q=Intelligent+Data+Technologies+Limited+official+website,,,,https://www.bing.com/search?q=Intelligent+Data+Technologies+Limited+careers
Intellium AI,BRISTOL,Avon,Worker (A rating),Skilled Worker,,,https://www.bing.com/search?q=Intellium+AI+official+website,,,,https://www.bing.com/search?q=Intellium+AI+careers
Intelys Technology Limited,Windlesham,Surrey,Worker (A rating),Skilled Worker,,,https://www.bing.com/search?q=Intelys+Technology+Limited+official+website,,,,https://www.bing.com/search?q=Intelys+Technology+Limited+careers
Intense Technologies UK Limited,Reading,Berkshire,Worker (A rating),Global Business Mobility: Senior or Specialist Worker,,,https://www.bing.com/search?q=Intense+Technologies+UK+Limited+official+website,,,,https://www.bing.com/search?q=Intense+Technologies+UK+Limited+careers
Intense Technologies UK Limited,Reading,Berkshire,Worker (A rating),Skilled Worker,,,https://www.bing.com/search?q=Intense+Technologies+UK+Limited+official+website,,,,https://www.bing.com/search?q=Intense+Technologies+UK+Limited+careers
INTER TECHNOLOGIES CORPORATION LIMITED,LONDON,,Worker (UK Expansion Worker: Provisional ),Global Business Mobility: UK Expansion Worker,,,https://www.bing.com/search?q=INTER+TECHNOLOGIES+CORPORATION+LIMITED+official+website,,,,https://www.bing.com/search?q=INTER+TECHNOLOGIES+CORPORATION+LIMITED+careers
Interactive Software Ltd,Solihull,,Worker (A rating),Skilled Worker,,,https://www.bing.com/search?q=Interactive+Software+Ltd+official+website,,,,https://www.bing.com/search?q=Interactive+Software+Ltd+careers
Interactive Technology Corporation Ltd,Manchester,,Worker (A rating),Skilled Worker,,,https://www.bing.com/search?q=Interactive+Technology+Corporation+Ltd+official+website,,,,https://www.bing.com/search?q=Interactive+Technology+Corporation+Ltd+careers
Intercom Software UK Limited,London,,Worker (A rating),Skilled Worker,,,https://www.bing.com/search?q=Intercom+Software+UK+Limited+official+website,,,,https://www.bing.com/search?q=Intercom+Software+UK+Limited+careers
Interlink Software Services Limited,Wilmslow,,Worker (A rating),Skilled Worker,,,https://www.bing.com/search?q=Interlink+Software+Services+Limited+official+website,,,,https://www.bing.com/search?q=Interlink+Software+Services+Limited+careers
Intermedia Technologies Company Ltd,Bristol,,Worker (A rating),Skilled Worker,,,https://www.bing.com/search?q=Intermedia+Technologies+Company+Ltd+official+website,,,,https://www.bing.com/search?q=Intermedia+Technologies+Company+Ltd+careers
Intermedia Technologies Company Ltd,Bristol,,Worker (A rating),Global Business Mobility: Senior or Specialist Worker,,,https://www.bing.com/search?q=Intermedia+Technologies+Company+Ltd+official+website,,,,https://www.bing.com/search?q=Intermedia+Technologies+Company+Ltd+careers
International Corporate Governance Network,London,,Worker (A rating),Skilled Worker,,,https://www.bing.com/search?q=International+Corporate+Governance+Network+official+website,,,,https://www.bing.com/search?q=International+Corporate+Governance+Network+careers
International Food Technologies Ltd,London,London,Worker (A rating),Skilled Worker,,,https://www.bing.com/search?q=International+Food+Technologies+Ltd+official+website,,,,https://www.bing.com/search?q=International+Food+Technologies+Ltd+careers
INTERNATIONAL NETWORK FOR TRADITIONAL BUILDING ARCHITECTURE & URBANISM (UK),London,,Worker (A rating),Skilled Worker,,,https://www.bing.com/search?q=INTERNATIONAL+NETWORK+FOR+TRADITIONAL+BUILDING+ARCHITECTURE+%26+URBANISM+%28UK%29+official+website,,,,https://www.bing.com/search?q=INTERNATIONAL+NETWORK+FOR+TRADITIONAL+BUILDING+ARCHITECTURE+%26+URBANISM+%28UK%29+careers
International Network of People who Use Drugs,London,London,Worker (A rating),Skilled Worker,,,https://www.bing.com/search?q=International+Network+of+People+who+Use+Drugs+official+website,,,,https://www.bing.com/search?q=International+Network+of+People+who+Use+Drugs+careers
Intrinsic Semiconductor Technologies Limited,Brill,Buckinghamshire,Worker (A rating),Skilled Worker,,,https://www.bing.com/search?q=Intrinsic+Semiconductor+Technologies+Limited+official+website,,,,https://www.bing.com/search?q=Intrinsic+Semiconductor+Technologies+Limited+careers
Intropy AI Ltd,London,,Worker (A rating),Skilled Worker,,,https://www.bing.com/search?q=Intropy+AI+Ltd+official+website,,,,https://www.bing.com/search?q=Intropy+AI+Ltd+careers
Introworld Technology Limited,London,,Worker (A rating),Skilled Worker,,,https://www.bing.com/search?q=Introworld+Technology+Limited+official+website,,,,https://www.bing.com/search?q=Introworld+Technology+Limited+careers
Inventive Technologies Limited,Basingstoke,Hampshire,Worker (A rating),Skilled Worker,,,https://www.bing.com/search?q=Inventive+Technologies+Limited+official+website,,,,https://www.bing.com/search?q=Inventive+Technologies+Limited+careers
INVEON DIGITAL COMMERCE SOLUTIONS LTD,Buckinghamshire,,Worker (A rating),Skilled Worker,,,https://www.bing.com/search?q=INVEON+DIGITAL+COMMERCE+SOLUTIONS+LTD+official+website,,,,https://www.bing.com/search?q=INVEON+DIGITAL+COMMERCE+SOLUTIONS+LTD+careers
Investement Software Limited,London,,Worker (A rating),Skilled Worker,,,https://www.bing.com/search?q=Investement+Software+Limited+official+website,,,,https://www.bing.com/search?q=Investement+Software+Limited+careers
Investis Digital Limited,London,,Worker (A rating),Skilled Worker,,,https://www.bing.com/search?q=Investis+Digital+Limited+official+website,,,,https://www.bing.com/search?q=Investis+Digital+Limited+careers
Investis Digital Limited,London,,Worker (A rating),Global Business Mobility: Senior or Specialist Worker,,,https://www.bing.com/search?q=Investis+Digital+Limited+official+website,,,,https://www.bing.com/search?q=Investis+Digital+Limited+careers
INVESTOR NETWORKS LTD,London,,Worker (A rating),Skilled Worker,,,https://www.bing.com/search?q=INVESTOR+NETWORKS+LTD+official+website,,,,https://www.bing.com/search?q=INVESTOR+NETWORKS+LTD+careers
Invincible Software Holdings Ltd,Abingdon,,Worker (A rating),Skilled Worker,,,https://www.bing.com/search?q=Invincible+Software+Holdings+Ltd+official+website,,,,https://www.bing.com/search?q=Invincible+Software+Holdings+Ltd+careers
InVision Software Limited,Leicester,,Worker (A rating),Skilled Worker,,,https://www.bing.com/search?q=InVision+Software+Limited+official+website,,,,https://www.bing.com/search?q=InVision+Software+Limited+careers
IOKODA TECHNOLOGIES LTD,London,Fitzrovia,Worker (A rating),Skilled Worker,,,https://www.bing.com/search?q=IOKODA+TECHNOLOGIES+LTD+official+website,,,,https://www.bing.com/search?q=IOKODA+TECHNOLOGIES+LTD+careers
Ion Technologies Ltd,Belfast,,Worker (A rating),Skilled Worker,,,https://www.bing.com/search?q=Ion+Technologies+Ltd+official+website,,,,https://www.bing.com/search?q=Ion+Technologies+Ltd+careers
Ionic Technologies International Limited,Belfast,,Worker (A rating),Global Business Mobility: Senior or Specialist Worker,,,https://www.bing.com/search?q=Ionic+Technologies+International+Limited+official+website,,,,https://www.bing.com/search?q=Ionic+Technologies+International+Limited+careers
Ionic Technologies International Limited,Belfast,,Worker (A rating),Skilled Worker,,,https://www.bing.com/search?q=Ionic+Technologies+International+Limited+official+website,,,,https://www.bing.com/search?q=Ionic+Technologies+International+Limited+careers
IOPEX TECHNOLOGIES LTD,LONDON,,Worker (A rating),Skilled Worker,,,https://www.bing.com/search?q=IOPEX+TECHNOLOGIES+LTD+official+website,,,,https://www.bing.com/search?q=IOPEX+TECHNOLOGIES+LTD+careers
IOPEX TECHNOLOGIES LTD,LONDON,,Worker (A rating),Global Business Mobility: Senior or Specialist Worker,,,https://www.bing.com/search?q=IOPEX+TECHNOLOGIES+LTD+official+website,,,,https://www.bing.com/search?q=IOPEX+TECHNOLOGIES+LTD+careers
IQ Data Group Limited trading as DataIQ,London,,Worker (A rating),Skilled Worker,,,https://www.bing.com/search?q=IQ+Data+Group+Limited+trading+as+DataIQ+official+website,,,,https://www.bing.com/search?q=IQ+Data+Group+Limited+trading+as+DataIQ+careers
IQEQ DIGITAL LTD,Birmingham,,Worker (A rating),Skilled Worker,,,https://www.bing.com/search?q=IQEQ+DIGITAL+LTD+official+website,,,,https://www.bing.com/search?q=IQEQ+DIGITAL+LTD+careers
iRhythm Technologies Limited,Bagshot,Surrey,Worker (A rating),Skilled Worker,,,https://www.bing.com/search?q=iRhythm+Technologies+Limited+official+website,,,,https://www.bing.com/search?q=iRhythm+Technologies+Limited+careers
iRhythm Technologies Limited,Bagshot,Surrey,Worker (A rating),Global Business Mobility: Senior or Specialist Worker,,,https://www.bing.com/search?q=iRhythm+Technologies+Limited+official+website,,,,https://www.bing.com/search?q=iRhythm+Technologies+Limited+careers
IRIS Audio Technologies Limited,London,,Worker (A rating),Skilled Worker,,,https://www.bing.com/search?q=IRIS+Audio+Technologies+Limited+official+website,,,,https://www.bing.com/search?q=IRIS+Audio+Technologies+Limited+careers
iRiS Software Systems Ltd,London,,Worker (A rating),Skilled Worker,,,https://www.bing.com/search?q=iRiS+Software+Systems+Ltd+official+website,,,,https://www.bing.com/search?q=iRiS+Software+Systems+Ltd+careers
Island Technology (UK) Limited,Reading,,Worker (A rating),Skilled Worker,,,https://www.bing.com/search?q=Island+Technology+%28UK%29+Limited+official+website,,,,https://www.bing.com/search?q=Island+Technology+%28UK%29+Limited+careers
ISN Software UK Ltd,London,,Worker (A rating),Global Business Mobility: Senior or Specialist Worker,,,https://www.bing.com/search?q=ISN+Software+UK+Ltd+official+website,,,,https://www.bing.com/search?q=ISN+Software+UK+Ltd+careers
ISN Software UK Ltd,London,,Worker (A rating),Skilled Worker,,,https://www.bing.com/search?q=ISN+Software+UK+Ltd+official+website,,,,https://www.bing.com/search?q=ISN+Software+UK+Ltd+careers
Isometrix Software UK Ltd,London,,Worker (A rating),Skilled Worker,,,https://www.bing.com/search?q=Isometrix+Software+UK+Ltd+official+website,,,,https://www.bing.com/search?q=Isometrix+Software+UK+Ltd+careers
ISUN- IMMIGRATION SUPPORT NETWORK LTD,LONDON,Haringey,Worker (A rating),Skilled Worker,,,https://www.bing.com/search?q=ISUN-+IMMIGRATION+SUPPORT+NETWORK+LTD+official+website,,,,https://www.bing.com/search?q=ISUN-+IMMIGRATION+SUPPORT+NETWORK+LTD+careers
ISUN- IMMIGRATION SUPPORT NETWORK LTD,LONDON,Haringey,Worker (A rating),Global Business Mobility: Senior or Specialist Worker,,,https://www.bing.com/search?q=ISUN-+IMMIGRATION+SUPPORT+NETWORK+LTD+official+website,,,,https://www.bing.com/search?q=ISUN-+IMMIGRATION+SUPPORT+NETWORK+LTD+careers
IT Software Consultancy Services Limited.,Reading,,Worker (A rating),Skilled Worker,,,https://www.bing.com/search?q=IT+Software+Consultancy+Services+Limited.+official+website,,,,https://www.bing.com/search?q=IT+Software+Consultancy+Services+Limited.+careers
IT TECHNOLOGY SOLUTION LTD,Leicester,,Worker (A rating),Skilled Worker,,,https://www.bing.com/search?q=IT+TECHNOLOGY+SOLUTION+LTD+official+website,,,,https://www.bing.com/search?q=IT+TECHNOLOGY+SOLUTION+LTD+careers
IT TRANSMUTER CLOUD FORCE LIMITED,Bexleyheath,,Worker (A rating),Skilled Worker,,,https://www.bing.com/search?q=IT+TRANSMUTER+CLOUD+FORCE+LIMITED+official+website,,,,https://www.bing.com/search?q=IT+TRANSMUTER+CLOUD+FORCE+LIMITED+careers
ITC Infotech Limited,London,,Worker (A rating),Global Business Mobility: Senior or Specialist Worker,,,https://www.bing.com/search?q=ITC+Infotech+Limited+official+website,,,,https://www.bing.com/search?q=ITC+Infotech+Limited+careers
ITC Infotech Limited,London,,Worker (A rating),Skilled Worker,,,https://www.bing.com/search?q=ITC+Infotech+Limited+official+website,,,,https://www.bing.com/search?q=ITC+Infotech+Limited+careers
Itineris Software UK Ltd,Kingston upon Thames,Surrey,Worker (A rating),Skilled Worker,,,https://www.bing.com/search?q=Itineris+Software+UK+Ltd+official+website,,,,https://www.bing.com/search?q=Itineris+Software+UK+Ltd+careers
Itineris Software UK Ltd,Kingston upon Thames,Surrey,Worker (A rating),Global Business Mobility: Senior or Specialist Worker,,,https://www.bing.com/search?q=Itineris+Software+UK+Ltd+official+website,,,,https://www.bing.com/search?q=Itineris+Software+UK+Ltd+careers
ITS Digital Ltd,Hertford,Hertfordshire,Worker (A rating),Skilled Worker,,,https://www.bing.com/search?q=ITS+Digital+Ltd+official+website,,,,https://www.bing.com/search?q=ITS+Digital+Ltd+careers
Ivy Farm Technologies,Oxford,,Worker (A rating),Skilled Worker,,,https://www.bing.com/search?q=Ivy+Farm+Technologies+official+website,,,,https://www.bing.com/search?q=Ivy+Farm+Technologies+careers
IXICO Technologies Ltd.,London,,Worker (A rating),Skilled Worker,,,https://www.bing.com/search?q=IXICO+Technologies+Ltd.+official+website,,,,https://www.bing.com/search?q=IXICO+Technologies+Ltd.+careers
Iyris Technology Ltd,Port Talbot,,Worker (A rating),Skilled Worker,,,https://www.bing.com/search?q=Iyris+Technology+Ltd+official+website,,,,https://www.bing.com/search?q=Iyris+Technology+Ltd+careers
J P L FLAVOUR TECHNOLOGIES LIMITED,Neston,,Worker (A rating),Skilled Worker,,,https://www.bing.com/search?q=J+P+L+FLAVOUR+TECHNOLOGIES+LIMITED+official+website,,,,https://www.bing.com/search?q=J+P+L+FLAVOUR+TECHNOLOGIES+LIMITED+careers
J.E.B. Technologies Limited,Suffolk,,Worker (A rating),Skilled Worker,,,https://www.bing.com/search?q=J.E.B.+Technologies+Limited+official+website,,,,https://www.bing.com/search?q=J.E.B.+Technologies+Limited+careers
J2 Design Marketing Digital Ltd,Bushey,Herts,Worker (A rating),Skilled Worker,,,https://www.bing.com/search?q=J2+Design+Marketing+Digital+Ltd+official+website,,,,https://www.bing.com/search?q=J2+Design+Marketing+Digital+Ltd+careers
J2 Software Limited,Williton,Somerset,Worker (A rating),Skilled Worker,,,https://www.bing.com/search?q=J2+Software+Limited+official+website,,,,https://www.bing.com/search?q=J2+Software+Limited+careers
Jade Software Corporation UK Ltd,Harrogate,North Yorkshire,Worker (A rating),Global Business Mobility: Senior or Specialist Worker,,,https://www.bing.com/search?q=Jade+Software+Corporation+UK+Ltd+official+website,,,,https://www.bing.com/search?q=Jade+Software+Corporation+UK+Ltd+careers
Jade Software Corporation UK Ltd,Harrogate,North Yorkshire,Worker (A rating),Skilled Worker,,,https://www.bing.com/search?q=Jade+Software+Corporation+UK+Ltd+official+website,,,,https://www.bing.com/search?q=Jade+Software+Corporation+UK+Ltd+careers
JAI TECHNOLOGIES LTD,READING,BERKSHIRE,Worker (A rating),Skilled Worker,,,https://www.bing.com/search?q=JAI+TECHNOLOGIES+LTD+official+website,,,,https://www.bing.com/search?q=JAI+TECHNOLOGIES+LTD+careers
Jain Network,LONDON,Barnet,Temporary Worker (A rating),Religious Worker,,,https://www.bing.com/search?q=Jain+Network+official+website,,,,https://www.bing.com/search?q=Jain+Network+careers
Jain Network,LONDON,Barnet,Worker (A rating),Tier 2 Ministers of Religion,,,https://www.bing.com/search?q=Jain+Network+official+website,,,,https://www.bing.com/search?q=Jain+Network+careers
Jain Network,LONDON,Barnet,Temporary Worker (A rating),Charity Worker,,,https://www.bing.com/search?q=Jain+Network+official+website,,,,https://www.bing.com/search?q=Jain+Network+careers
Jain Network,LONDON,Barnet,Worker (A rating),Skilled Worker,,,https://www.bing.com/search?q=Jain+Network+official+website,,,,https://www.bing.com/search?q=Jain+Network+careers
JAL RANG DIGITAL PRINTING LTD,LONDON,,Worker (A rating),Skilled Worker,,,https://www.bing.com/search?q=JAL+RANG+DIGITAL+PRINTING+LTD+official+website,,,,https://www.bing.com/search?q=JAL+RANG+DIGITAL+PRINTING+LTD+careers
Jas Live Digital Limited,Coventry,,Worker (A rating),Skilled Worker,,,https://www.bing.com/search?q=Jas+Live+Digital+Limited+official+website,,,,https://www.bing.com/search?q=Jas+Live+Digital+Limited+careers
Jc Data Solutions Limited,READING,,Worker (A rating),Skilled Worker,,,https://www.bing.com/search?q=Jc+Data+Solutions+Limited+official+website,,,,https://www.bing.com/search?q=Jc+Data+Solutions+Limited+careers
JDL TECHNOLOGIES LIMITED,Stoke-On-Trent,,Worker (A rating),Skilled Worker,,,https://www.bing.com/search?q=JDL+TECHNOLOGIES+LIMITED+official+website,,,,https://www.bing.com/search?q=JDL+TECHNOLOGIES+LIMITED+careers
Jeen AI Technologies UK Ltd,London,,Worker (A rating),Skilled Worker,,,https://www.bing.com/search?q=Jeen+AI+Technologies+UK+Ltd+official+website,,,,https://www.bing.com/search?q=Jeen+AI+Technologies+UK+Ltd+careers
Jenesys HQ LTD t/a Jenesys AI,London,,Worker (A rating),Skilled Worker,,,https://www.bing.com/search?q=Jenesys+HQ+LTD+t%2Fa+Jenesys+AI+official+website,,,,https://www.bing.com/search?q=Jenesys+HQ+LTD+t%2Fa+Jenesys+AI+careers
Jersey Telecom (UK) Limited,Fareham,Hampshire,Worker (A rating),Skilled Worker,,,https://www.bing.com/search?q=Jersey+Telecom+%28UK%29+Limited+official+website,,,,https://www.bing.com/search?q=Jersey+Telecom+%28UK%29+Limited+careers
Jiva.ai Limited,Cardiff,Wales,Worker (A rating),Skilled Worker,https://jiva.ai,derived_from_company_name_domain,https://www.bing.com/search?q=Jiva.ai+Limited+official+website,,https://jiva.ai,https://jiva.ai/careers,https://www.bing.com/search?q=Jiva.ai+Limited+careers
JK Digital Consulting Limited,London,,Worker (A rating),Skilled Worker,,,https://www.bing.com/search?q=JK+Digital+Consulting+Limited+official+website,,,,https://www.bing.com/search?q=JK+Digital+Consulting+Limited+careers
JKA INFOTECH LIMITED,Leeds,,Worker (A rating),Skilled Worker,,,https://www.bing.com/search?q=JKA+INFOTECH+LIMITED+official+website,,,,https://www.bing.com/search?q=JKA+INFOTECH+LIMITED+careers
JKL Networks Ltd,London,,Worker (A rating),Skilled Worker,,,https://www.bing.com/search?q=JKL+Networks+Ltd+official+website,,,,https://www.bing.com/search?q=JKL+Networks+Ltd+careers
JMS INFOTECH LIMITED,Milton Keynes,,Worker (A rating),Skilled Worker,,,https://www.bing.com/search?q=JMS+INFOTECH+LIMITED+official+website,,,,https://www.bing.com/search?q=JMS+INFOTECH+LIMITED+careers
Joan Technologies Ltd,Milton Keynes,,Worker (A rating),Skilled Worker,,,https://www.bing.com/search?q=Joan+Technologies+Ltd+official+website,,,,https://www.bing.com/search?q=Joan+Technologies+Ltd+careers
Job Bank Recruitment Network LTD,Blackburn,,Worker (A rating),Skilled Worker,,,https://www.bing.com/search?q=Job+Bank+Recruitment+Network+LTD+official+website,,,,https://www.bing.com/search?q=Job+Bank+Recruitment+Network+LTD+careers
John Bean Technologies Limited,Livingston,West Lothian,Worker (A rating),Global Business Mobility: Senior or Specialist Worker,,,https://www.bing.com/search?q=John+Bean+Technologies+Limited+official+website,,,,https://www.bing.com/search?q=John+Bean+Technologies+Limited+careers
John Bean Technologies Limited,Livingston,West Lothian,Worker (A rating),Skilled Worker,,,https://www.bing.com/search?q=John+Bean+Technologies+Limited+official+website,,,,https://www.bing.com/search?q=John+Bean+Technologies+Limited+careers
Johnson Matthey Davy Technologies Limited,London,,Worker (A rating),Skilled Worker,,,https://www.bing.com/search?q=Johnson+Matthey+Davy+Technologies+Limited+official+website,,,,https://www.bing.com/search?q=Johnson+Matthey+Davy+Technologies+Limited+careers
Jonas Computing (UK) Limited,Wallingford,,Worker (A rating),Skilled Worker,,,https://www.bing.com/search?q=Jonas+Computing+%28UK%29+Limited+official+website,,,,https://www.bing.com/search?q=Jonas+Computing+%28UK%29+Limited+careers
Jonas Metals Software Limited,Wallingford,Oxfordshire,Worker (A rating),Skilled Worker,,,https://www.bing.com/search?q=Jonas+Metals+Software+Limited+official+website,,,,https://www.bing.com/search?q=Jonas+Metals+Software+Limited+careers
JOURNEY DIGITAL EMEA LIMITED,London,,Worker (A rating),Skilled Worker,,,https://www.bing.com/search?q=JOURNEY+DIGITAL+EMEA+LIMITED+official+website,,,,https://www.bing.com/search?q=JOURNEY+DIGITAL+EMEA+LIMITED+careers
JPL Telecom Limited,"Todber, Sturminster Newton",Dorset,Worker (A rating),Skilled Worker,,,https://www.bing.com/search?q=JPL+Telecom+Limited+official+website,,,,https://www.bing.com/search?q=JPL+Telecom+Limited+careers
JULIAND DIGITAL LTD,Manchester,,Worker (A rating),Skilled Worker,,,https://www.bing.com/search?q=JULIAND+DIGITAL+LTD+official+website,,,,https://www.bing.com/search?q=JULIAND+DIGITAL+LTD+careers
Juneja Telecom Limited,Horsham,,Worker (A rating),Skilled Worker,,,https://www.bing.com/search?q=Juneja+Telecom+Limited+official+website,,,,https://www.bing.com/search?q=Juneja+Telecom+Limited+careers
JUNIOR AI LIMITED,London,,Worker (A rating),Skilled Worker,,,https://www.bing.com/search?q=JUNIOR+AI+LIMITED+official+website,,,,https://www.bing.com/search?q=JUNIOR+AI+LIMITED+careers
Juniper Networks (UK) Limited,Staines,,Worker (A rating),Global Business Mobility: Senior or Specialist Worker,,,https://www.bing.com/search?q=Juniper+Networks+%28UK%29+Limited+official+website,,,,https://www.bing.com/search?q=Juniper+Networks+%28UK%29+Limited+careers
Juniper Networks (UK) Limited,Staines,,Worker (A rating),Skilled Worker,,,https://www.bing.com/search?q=Juniper+Networks+%28UK%29+Limited+official+website,,,,https://www.bing.com/search?q=Juniper+Networks+%28UK%29+Limited+careers
Jusan Technologies Ltd,London,,Worker (A rating),Skilled Worker,,,https://www.bing.com/search?q=Jusan+Technologies+Ltd+official+website,,,,https://www.bing.com/search?q=Jusan+Technologies+Ltd+careers
Jusan Technologies Ltd,London,,Worker (A rating),Global Business Mobility: Senior or Specialist Worker,,,https://www.bing.com/search?q=Jusan+Technologies+Ltd+official+website,,,,https://www.bing.com/search?q=Jusan+Technologies+Ltd+careers
Just Digital Ltd,HUNTINGDON,Cambridgeshire,Worker (A rating),Skilled Worker,,,https://www.bing.com/search?q=Just+Digital+Ltd+official+website,,,,https://www.bing.com/search?q=Just+Digital+Ltd+careers
Just Technology Group Ltd,Bury,,Worker (A rating),Skilled Worker,,,https://www.bing.com/search?q=Just+Technology+Group+Ltd+official+website,,,,https://www.bing.com/search?q=Just+Technology+Group+Ltd+careers
JV Tec Software Solutions Limited,Ilford,,Worker (A rating),Skilled Worker,,,https://www.bing.com/search?q=JV+Tec+Software+Solutions+Limited+official+website,,,,https://www.bing.com/search?q=JV+Tec+Software+Solutions+Limited+careers
K23 Limited T/A K23.ai,Guildford,,Worker (A rating),Skilled Worker,https://k23.ai,derived_from_company_name_domain,https://www.bing.com/search?q=K23+Limited+T%2FA+K23.ai+official+website,,https://k23.ai,https://k23.ai/careers,https://www.bing.com/search?q=K23+Limited+T%2FA+K23.ai+careers
K3 Business Technology Group plc,Manchester,,Worker (A rating),Global Business Mobility: Senior or Specialist Worker,,,https://www.bing.com/search?q=K3+Business+Technology+Group+plc+official+website,,,,https://www.bing.com/search?q=K3+Business+Technology+Group+plc+careers
K3 Business Technology Group plc,Manchester,,Worker (A rating),Skilled Worker,,,https://www.bing.com/search?q=K3+Business+Technology+Group+plc+official+website,,,,https://www.bing.com/search?q=K3+Business+Technology+Group+plc+careers
Kaar Technologies UK Limited,Huddersfield,,Worker (A rating),Global Business Mobility: Senior or Specialist Worker,,,https://www.bing.com/search?q=Kaar+Technologies+UK+Limited+official+website,,,,https://www.bing.com/search?q=Kaar+Technologies+UK+Limited+careers
Kaar Technologies UK Limited,Huddersfield,,Worker (A rating),Skilled Worker,,,https://www.bing.com/search?q=Kaar+Technologies+UK+Limited+official+website,,,,https://www.bing.com/search?q=Kaar+Technologies+UK+Limited+careers
KADA TECHNOLOGIES US LTD,Slough,,Worker (A rating),Skilled Worker,,,https://www.bing.com/search?q=KADA+TECHNOLOGIES+US+LTD+official+website,,,,https://www.bing.com/search?q=KADA+TECHNOLOGIES+US+LTD+careers
KAF Telecom Ltd,Chadwell Heath,Essex,Worker (A rating),Skilled Worker,,,https://www.bing.com/search?q=KAF+Telecom+Ltd+official+website,,,,https://www.bing.com/search?q=KAF+Telecom+Ltd+careers
KAI Computer Services Ltd,LONDON,,Worker (A rating),Skilled Worker,,,https://www.bing.com/search?q=KAI+Computer+Services+Ltd+official+website,,,,https://www.bing.com/search?q=KAI+Computer+Services+Ltd+careers
Kaifa Technology UK Limited,Milton Keynes,Buckinghamshire,Worker (A rating),Skilled Worker,,,https://www.bing.com/search?q=Kaifa+Technology+UK+Limited+official+website,,,,https://www.bing.com/search?q=Kaifa+Technology+UK+Limited+careers
Kainos Software Ltd,Belfast,Antrim,Worker (A rating),Skilled Worker,,,https://www.bing.com/search?q=Kainos+Software+Ltd+official+website,,,,https://www.bing.com/search?q=Kainos+Software+Ltd+careers
KAL Software UK,Edinburgh,,Worker (A rating),Global Business Mobility: Senior or Specialist Worker,,,https://www.bing.com/search?q=KAL+Software+UK+official+website,,,,https://www.bing.com/search?q=KAL+Software+UK+careers
KAL Software UK,Edinburgh,,Worker (A rating),Skilled Worker,,,https://www.bing.com/search?q=KAL+Software+UK+official+website,,,,https://www.bing.com/search?q=KAL+Software+UK+careers
Kaldi Financial Technology Ltd,London,,Worker (A rating),Skilled Worker,,,https://www.bing.com/search?q=Kaldi+Financial+Technology+Ltd+official+website,,,,https://www.bing.com/search?q=Kaldi+Financial+Technology+Ltd+careers
Kalibrate Technologies Limited,Manchester,,Worker (A rating),Skilled Worker,,,https://www.bing.com/search?q=Kalibrate+Technologies+Limited+official+website,,,,https://www.bing.com/search?q=Kalibrate+Technologies+Limited+careers
Kamu Technologies Ltd,Birmingham,,Worker (A rating),Skilled Worker,,,https://www.bing.com/search?q=Kamu+Technologies+Ltd+official+website,,,,https://www.bing.com/search?q=Kamu+Technologies+Ltd+careers
KARTOA TECHNOLOGIES LTD,Bedford,Bedfordshire,Worker (A rating),Skilled Worker,,,https://www.bing.com/search?q=KARTOA+TECHNOLOGIES+LTD+official+website,,,,https://www.bing.com/search?q=KARTOA+TECHNOLOGIES+LTD+careers
KATAM TECHNOLOGIES LTD,MAIDENHEAD,BERKSHIRE,Worker (A rating),Skilled Worker,,,https://www.bing.com/search?q=KATAM+TECHNOLOGIES+LTD+official+website,,,,https://www.bing.com/search?q=KATAM+TECHNOLOGIES+LTD+careers
KATRYAN TECHNOLOGIES LTD,LONDON,,Worker (A rating),Skilled Worker,,,https://www.bing.com/search?q=KATRYAN+TECHNOLOGIES+LTD+official+website,,,,https://www.bing.com/search?q=KATRYAN+TECHNOLOGIES+LTD+careers
Kayak Software (UK) Limited,London,,Worker (A rating),Global Business Mobility: Senior or Specialist Worker,,,https://www.bing.com/search?q=Kayak+Software+%28UK%29+Limited+official+website,,,,https://www.bing.com/search?q=Kayak+Software+%28UK%29+Limited+careers
Kayak Software (UK) Limited,London,,Worker (A rating),Skilled Worker,,,https://www.bing.com/search?q=Kayak+Software+%28UK%29+Limited+official+website,,,,https://www.bing.com/search?q=Kayak+Software+%28UK%29+Limited+careers
KBC Process Technology Ltd,Walton on Thames,Surrey,Worker (A rating),Skilled Worker,,,https://www.bing.com/search?q=KBC+Process+Technology+Ltd+official+website,,,,https://www.bing.com/search?q=KBC+Process+Technology+Ltd+careers
KBC Process Technology Ltd,Walton on Thames,Surrey,Temporary Worker (A rating),Global Business Mobility: Graduate Trainee,,,https://www.bing.com/search?q=KBC+Process+Technology+Ltd+official+website,,,,https://www.bing.com/search?q=KBC+Process+Technology+Ltd+careers
KBC Process Technology Ltd,Walton on Thames,Surrey,Worker (A rating),Global Business Mobility: Senior or Specialist Worker,,,https://www.bing.com/search?q=KBC+Process+Technology+Ltd+official+website,,,,https://www.bing.com/search?q=KBC+Process+Technology+Ltd+careers
KBC TECHNOLOGIES UK LIMITED,BRENTFORD,,Worker (A rating),Skilled Worker,,,https://www.bing.com/search?q=KBC+TECHNOLOGIES+UK+LIMITED+official+website,,,,https://www.bing.com/search?q=KBC+TECHNOLOGIES+UK+LIMITED+careers
KBC TECHNOLOGIES UK LIMITED,BRENTFORD,,Worker (A rating),Global Business Mobility: UK Expansion Worker,,,https://www.bing.com/search?q=KBC+TECHNOLOGIES+UK+LIMITED+official+website,,,,https://www.bing.com/search?q=KBC+TECHNOLOGIES+UK+LIMITED+careers
KBS TECHNOLOGIES LTD,Birmingham,,Worker (A rating),Skilled Worker,,,https://www.bing.com/search?q=KBS+TECHNOLOGIES+LTD+official+website,,,,https://www.bing.com/search?q=KBS+TECHNOLOGIES+LTD+careers
KEATH.AI LTD,England,,Worker (A rating),Skilled Worker,https://keath.ai,derived_from_company_name_domain,https://www.bing.com/search?q=KEATH.AI+LTD+official+website,,https://keath.ai,https://keath.ai/careers,https://www.bing.com/search?q=KEATH.AI+LTD+careers
Keble Network Limited,Surrey,,Worker (A rating),Skilled Worker,,,https://www.bing.com/search?q=Keble+Network+Limited+official+website,,,,https://www.bing.com/search?q=Keble+Network+Limited+careers
Keertana Information Technology Solutions Limited,Amersham,Buckinghamshire,Worker (A rating),Skilled Worker,,,https://www.bing.com/search?q=Keertana+Information+Technology+Solutions+Limited+official+website,,,,https://www.bing.com/search?q=Keertana+Information+Technology+Solutions+Limited+careers
Keet Technology Solutions Ltd,Edinburgh,Midlothian,Worker (A rating),Skilled Worker,,,https://www.bing.com/search?q=Keet+Technology+Solutions+Ltd+official+website,,,,https://www.bing.com/search?q=Keet+Technology+Solutions+Ltd+careers
KELLTRON SOFTWARE SOLUTIONS LTD,AYLESBURY,,Worker (A rating),Skilled Worker,,,https://www.bing.com/search?q=KELLTRON+SOFTWARE+SOLUTIONS+LTD+official+website,,,,https://www.bing.com/search?q=KELLTRON+SOFTWARE+SOLUTIONS+LTD+careers
Kemnal Technology College,Sidcup,Kent,Worker (A rating),Skilled Worker,,,https://www.bing.com/search?q=Kemnal+Technology+College+official+website,,,,https://www.bing.com/search?q=Kemnal+Technology+College+careers
Kepler Technologies Limited,London,,Worker (A rating),Skilled Worker,,,https://www.bing.com/search?q=Kepler+Technologies+Limited+official+website,,,,https://www.bing.com/search?q=Kepler+Technologies+Limited+careers
KEPTRA TECHNOLOGIES LIMITED,Slough,,Worker (A rating),Skilled Worker,,,https://www.bing.com/search?q=KEPTRA+TECHNOLOGIES+LIMITED+official+website,,,,https://www.bing.com/search?q=KEPTRA+TECHNOLOGIES+LIMITED+careers
KeyIT Technologies Ltd,London,,Worker (A rating),Skilled Worker,,,https://www.bing.com/search?q=KeyIT+Technologies+Ltd+official+website,,,,https://www.bing.com/search?q=KeyIT+Technologies+Ltd+careers
Keysight Technologies UK Limited,Wokingham,Berkshire,Worker (A rating),Global Business Mobility: Senior or Specialist Worker,,,https://www.bing.com/search?q=Keysight+Technologies+UK+Limited+official+website,,,,https://www.bing.com/search?q=Keysight+Technologies+UK+Limited+careers
Keysight Technologies UK Limited,Wokingham,Berkshire,Worker (A rating),Skilled Worker,,,https://www.bing.com/search?q=Keysight+Technologies+UK+Limited+official+website,,,,https://www.bing.com/search?q=Keysight+Technologies+UK+Limited+careers
Keyvantus Digital Solutions Limited,Birmingham,,Worker (A rating),Skilled Worker,,,https://www.bing.com/search?q=Keyvantus+Digital+Solutions+Limited+official+website,,,,https://www.bing.com/search?q=Keyvantus+Digital+Solutions+Limited+careers
Kheiron Medical Technologies Ltd,London,,Worker (A rating),Global Business Mobility: Senior or Specialist Worker,,,https://www.bing.com/search?q=Kheiron+Medical+Technologies+Ltd+official+website,,,,https://www.bing.com/search?q=Kheiron+Medical+Technologies+Ltd+careers
Kheiron Medical Technologies Ltd,London,,Worker (A rating),Skilled Worker,,,https://www.bing.com/search?q=Kheiron+Medical+Technologies+Ltd+official+website,,,,https://www.bing.com/search?q=Kheiron+Medical+Technologies+Ltd+careers
Khipu Networks Ltd,Fleet,Hampshire,Worker (A rating),Skilled Worker,,,https://www.bing.com/search?q=Khipu+Networks+Ltd+official+website,,,,https://www.bing.com/search?q=Khipu+Networks+Ltd+careers
KIIN AI LTD,London,,Worker (A rating),Skilled Worker,,,https://www.bing.com/search?q=KIIN+AI+LTD+official+website,,,,https://www.bing.com/search?q=KIIN+AI+LTD+careers
Kiln Technologies Limited,London,,Worker (A rating),Global Business Mobility: Senior or Specialist Worker,,,https://www.bing.com/search?q=Kiln+Technologies+Limited+official+website,,,,https://www.bing.com/search?q=Kiln+Technologies+Limited+careers
Kiln Technologies Limited,London,,Worker (A rating),Skilled Worker,,,https://www.bing.com/search?q=Kiln+Technologies+Limited+official+website,,,,https://www.bing.com/search?q=Kiln+Technologies+Limited+careers
Kinetic AI Limited,London,,Worker (A rating),Skilled Worker,,,https://www.bing.com/search?q=Kinetic+AI+Limited+official+website,,,,https://www.bing.com/search?q=Kinetic+AI+Limited+careers
Kinetic Technologies Europe Limited,Edinburgh,,Worker (A rating),Global Business Mobility: Senior or Specialist Worker,,,https://www.bing.com/search?q=Kinetic+Technologies+Europe+Limited+official+website,,,,https://www.bing.com/search?q=Kinetic+Technologies+Europe+Limited+careers
Kinetic Technologies Europe Limited,Edinburgh,,Worker (A rating),Skilled Worker,,,https://www.bing.com/search?q=Kinetic+Technologies+Europe+Limited+official+website,,,,https://www.bing.com/search?q=Kinetic+Technologies+Europe+Limited+careers
Kingdom Advance Network,Burton on Trent,Staffordshire,Temporary Worker (A rating),Charity Worker,,,https://www.bing.com/search?q=Kingdom+Advance+Network+official+website,,,,https://www.bing.com/search?q=Kingdom+Advance+Network+careers
Kingdom Technologies Ltd,Glasgow,,Worker (A rating),Skilled Worker,,,https://www.bing.com/search?q=Kingdom+Technologies+Ltd+official+website,,,,https://www.bing.com/search?q=Kingdom+Technologies+Ltd+careers
KINGSTON TECHNOLOGY EUROPE CO LLP,SUNBURY ON THAMES,,Worker (A rating),Global Business Mobility: Senior or Specialist Worker,,,https://www.bing.com/search?q=KINGSTON+TECHNOLOGY+EUROPE+CO+LLP+official+website,,,,https://www.bing.com/search?q=KINGSTON+TECHNOLOGY+EUROPE+CO+LLP+careers
KINGSTON TECHNOLOGY EUROPE CO LLP,SUNBURY ON THAMES,,Worker (A rating),Skilled Worker,,,https://www.bing.com/search?q=KINGSTON+TECHNOLOGY+EUROPE+CO+LLP+official+website,,,,https://www.bing.com/search?q=KINGSTON+TECHNOLOGY+EUROPE+CO+LLP+careers
KIOXIA Technology UK Ltd,Abingdon,OXON,Worker (A rating),Global Business Mobility: Senior or Specialist Worker,,,https://www.bing.com/search?q=KIOXIA+Technology+UK+Ltd+official+website,,,,https://www.bing.com/search?q=KIOXIA+Technology+UK+Ltd+careers
KIOXIA Technology UK Ltd,Abingdon,OXON,Worker (A rating),Skilled Worker,,,https://www.bing.com/search?q=KIOXIA+Technology+UK+Ltd+official+website,,,,https://www.bing.com/search?q=KIOXIA+Technology+UK+Ltd+careers
Kiri Technologies Ltd,London,,Worker (A rating),Skilled Worker,,,https://www.bing.com/search?q=Kiri+Technologies+Ltd+official+website,,,,https://www.bing.com/search?q=Kiri+Technologies+Ltd+careers
Kitt Technology Ltd,London,,Worker (A rating),Skilled Worker,,,https://www.bing.com/search?q=Kitt+Technology+Ltd+official+website,,,,https://www.bing.com/search?q=Kitt+Technology+Ltd+careers
KJR Software Services Ltd,Reading,,Worker (A rating),Skilled Worker,,,https://www.bing.com/search?q=KJR+Software+Services+Ltd+official+website,,,,https://www.bing.com/search?q=KJR+Software+Services+Ltd+careers
Kleo Cloud Limited,Winchester,Hampshire,Worker (A rating),Skilled Worker,,,https://www.bing.com/search?q=Kleo+Cloud+Limited+official+website,,,,https://www.bing.com/search?q=Kleo+Cloud+Limited+careers
Klient Software Solutions Limited,Crook,County Durham,Worker (A rating),Skilled Worker,,,https://www.bing.com/search?q=Klient+Software+Solutions+Limited+official+website,,,,https://www.bing.com/search?q=Klient+Software+Solutions+Limited+careers
Klinera Data Services Limited,London,,Worker (A rating),Skilled Worker,,,https://www.bing.com/search?q=Klinera+Data+Services+Limited+official+website,,,,https://www.bing.com/search?q=Klinera+Data+Services+Limited+careers
KLV Software Solutions Ltd,Staines,,Worker (A rating),Skilled Worker,,,https://www.bing.com/search?q=KLV+Software+Solutions+Ltd+official+website,,,,https://www.bing.com/search?q=KLV+Software+Solutions+Ltd+careers
Knitmesh Technologies Limited,Holywell,Flintshire,Worker (A rating),Skilled Worker,,,https://www.bing.com/search?q=Knitmesh+Technologies+Limited+official+website,,,,https://www.bing.com/search?q=Knitmesh+Technologies+Limited+careers
Knox Digital Limited,London,,Worker (A rating),Skilled Worker,,,https://www.bing.com/search?q=Knox+Digital+Limited+official+website,,,,https://www.bing.com/search?q=Knox+Digital+Limited+careers
KODEV INFOTECH LTD,Chichester,,Worker (A rating),Skilled Worker,,,https://www.bing.com/search?q=KODEV+INFOTECH+LTD+official+website,,,,https://www.bing.com/search?q=KODEV+INFOTECH+LTD+careers
Kohort Software Limited,London,,Worker (A rating),Global Business Mobility: Senior or Specialist Worker,,,https://www.bing.com/search?q=Kohort+Software+Limited+official+website,,,,https://www.bing.com/search?q=Kohort+Software+Limited+careers
Kohort Software Limited,London,,Worker (A rating),Skilled Worker,,,https://www.bing.com/search?q=Kohort+Software+Limited+official+website,,,,https://www.bing.com/search?q=Kohort+Software+Limited+careers
KOIOS Master Data Limited,Winchester,Hampshire,Worker (A rating),Skilled Worker,,,https://www.bing.com/search?q=KOIOS+Master+Data+Limited+official+website,,,,https://www.bing.com/search?q=KOIOS+Master+Data+Limited+careers
KOKO Networks (UK) Limited,London,,Worker (A rating),Skilled Worker,,,https://www.bing.com/search?q=KOKO+Networks+%28UK%29+Limited+official+website,,,,https://www.bing.com/search?q=KOKO+Networks+%28UK%29+Limited+careers
KOKO Networks (UK) Limited,London,,Worker (A rating),Global Business Mobility: Senior or Specialist Worker,,,https://www.bing.com/search?q=KOKO+Networks+%28UK%29+Limited+official+website,,,,https://www.bing.com/search?q=KOKO+Networks+%28UK%29+Limited+careers
KOKORO NETWORKS LIMITED,KINGSTON UPON THAMES,,Worker (A rating),Skilled Worker,,,https://www.bing.com/search?q=KOKORO+NETWORKS+LIMITED+official+website,,,,https://www.bing.com/search?q=KOKORO+NETWORKS+LIMITED+careers
kommuru technologies ltd,LONDON,,Worker (A rating),Skilled Worker,,,https://www.bing.com/search?q=kommuru+technologies+ltd+official+website,,,,https://www.bing.com/search?q=kommuru+technologies+ltd+careers
Komodo Digital Ltd,Newcastle upon Tyne,,Worker (A rating),Skilled Worker,,,https://www.bing.com/search?q=Komodo+Digital+Ltd+official+website,,,,https://www.bing.com/search?q=Komodo+Digital+Ltd+careers
Konami Digital Entertainment B.V.,Windsor,,Worker (A rating),Skilled Worker,,,https://www.bing.com/search?q=Konami+Digital+Entertainment+B.V.+official+website,,,,https://www.bing.com/search?q=Konami+Digital+Entertainment+B.V.+careers
Konami Digital Entertainment B.V.,Windsor,,Worker (A rating),Global Business Mobility: Senior or Specialist Worker,,,https://www.bing.com/search?q=Konami+Digital+Entertainment+B.V.+official+website,,,,https://www.bing.com/search?q=Konami+Digital+Entertainment+B.V.+careers
Konrad-Technologies UK Ltd,Dunfermline,Fife,Worker (A rating),Skilled Worker,,,https://www.bing.com/search?q=Konrad-Technologies+UK+Ltd+official+website,,,,https://www.bing.com/search?q=Konrad-Technologies+UK+Ltd+careers
Konverge Technologies Limited,London,,Worker (A rating),Global Business Mobility: Senior or Specialist Worker,,,https://www.bing.com/search?q=Konverge+Technologies+Limited+official+website,,,,https://www.bing.com/search?q=Konverge+Technologies+Limited+careers
Konverge Technologies Limited,London,,Worker (A rating),Skilled Worker,,,https://www.bing.com/search?q=Konverge+Technologies+Limited+official+website,,,,https://www.bing.com/search?q=Konverge+Technologies+Limited+careers
Kooth Digital Health Limited,London,,Worker (A rating),Skilled Worker,,,https://www.bing.com/search?q=Kooth+Digital+Health+Limited+official+website,,,,https://www.bing.com/search?q=Kooth+Digital+Health+Limited+careers
KOPE AI Ltd,London,,Worker (A rating),Skilled Worker,,,https://www.bing.com/search?q=KOPE+AI+Ltd+official+website,,,,https://www.bing.com/search?q=KOPE+AI+Ltd+careers
KORE IT TECHNOLOGY SERVICES LTD,London,,Worker (A rating),Skilled Worker,,,https://www.bing.com/search?q=KORE+IT+TECHNOLOGY+SERVICES+LTD+official+website,,,,https://www.bing.com/search?q=KORE+IT+TECHNOLOGY+SERVICES+LTD+careers
Kore Software Limited,London,,Worker (A rating),Skilled Worker,,,https://www.bing.com/search?q=Kore+Software+Limited+official+website,,,,https://www.bing.com/search?q=Kore+Software+Limited+careers
KORE.AI UK LIMITED,London,,Worker (A rating),Global Business Mobility: Senior or Specialist Worker,https://kore.ai,derived_from_company_name_domain,https://www.bing.com/search?q=KORE.AI+UK+LIMITED+official+website,,https://kore.ai,https://kore.ai/careers,https://www.bing.com/search?q=KORE.AI+UK+LIMITED+careers
KORE.AI UK LIMITED,London,,Worker (A rating),Skilled Worker,https://kore.ai,derived_from_company_name_domain,https://www.bing.com/search?q=KORE.AI+UK+LIMITED+official+website,,https://kore.ai,https://kore.ai/careers,https://www.bing.com/search?q=KORE.AI+UK+LIMITED+careers
KP SOFTWARE SOLUTIONS LTD,Slough,,Worker (A rating),Skilled Worker,,,https://www.bing.com/search?q=KP+SOFTWARE+SOLUTIONS+LTD+official+website,,,,https://www.bing.com/search?q=KP+SOFTWARE+SOLUTIONS+LTD+careers
KPIT TECHNOLOGIES (UK) LTD,COVENTRY,,Worker (A rating),Skilled Worker,,,https://www.bing.com/search?q=KPIT+TECHNOLOGIES+%28UK%29+LTD+official+website,,,,https://www.bing.com/search?q=KPIT+TECHNOLOGIES+%28UK%29+LTD+careers
KPIT TECHNOLOGIES (UK) LTD,COVENTRY,,Worker (A rating),Global Business Mobility: Senior or Specialist Worker,,,https://www.bing.com/search?q=KPIT+TECHNOLOGIES+%28UK%29+LTD+official+website,,,,https://www.bing.com/search?q=KPIT+TECHNOLOGIES+%28UK%29+LTD+careers
KPS Digital Ltd,London,,Worker (A rating),Skilled Worker,,,https://www.bing.com/search?q=KPS+Digital+Ltd+official+website,,,,https://www.bing.com/search?q=KPS+Digital+Ltd+careers
Kraken Technologies Limited,London,,Worker (A rating),Skilled Worker,,,https://www.bing.com/search?q=Kraken+Technologies+Limited+official+website,,,,https://www.bing.com/search?q=Kraken+Technologies+Limited+careers
Kraken Technologies Limited,London,,Worker (A rating),Global Business Mobility: Senior or Specialist Worker,,,https://www.bing.com/search?q=Kraken+Technologies+Limited+official+website,,,,https://www.bing.com/search?q=Kraken+Technologies+Limited+careers
KRISHNEX AI SOLUTION LTD,Leeds,,Worker (A rating),Skilled Worker,,,https://www.bing.com/search?q=KRISHNEX+AI+SOLUTION+LTD+official+website,,,,https://www.bing.com/search?q=KRISHNEX+AI+SOLUTION+LTD+careers
Krome Technologies Limited,Chertsey,Surrey,Worker (A rating),Skilled Worker,,,https://www.bing.com/search?q=Krome+Technologies+Limited+official+website,,,,https://www.bing.com/search?q=Krome+Technologies+Limited+careers
KRS Infotech Limited,Colchester,Essex,Worker (A rating),Skilled Worker,,,https://www.bing.com/search?q=KRS+Infotech+Limited+official+website,,,,https://www.bing.com/search?q=KRS+Infotech+Limited+careers
KRUCX TECHNOLOGIES LIMITED,London,,Worker (A rating),Skilled Worker,,,https://www.bing.com/search?q=KRUCX+TECHNOLOGIES+LIMITED+official+website,,,,https://www.bing.com/search?q=KRUCX+TECHNOLOGIES+LIMITED+careers
KRYPTOS TECHNOLOGIES LIMITED,Wembley,,Worker (A rating),Skilled Worker,,,https://www.bing.com/search?q=KRYPTOS+TECHNOLOGIES+LIMITED+official+website,,,,https://www.bing.com/search?q=KRYPTOS+TECHNOLOGIES+LIMITED+careers
KSD TECHNOLOGY LIMITED,Keighley,,Worker (A rating),Skilled Worker,,,https://www.bing.com/search?q=KSD+TECHNOLOGY+LIMITED+official+website,,,,https://www.bing.com/search?q=KSD+TECHNOLOGY+LIMITED+careers
Kula Technologies Limited,Derby,,Worker (A rating),Skilled Worker,,,https://www.bing.com/search?q=Kula+Technologies+Limited+official+website,,,,https://www.bing.com/search?q=Kula+Technologies+Limited+careers
Kult AI Limited,London,,Worker (A rating),Skilled Worker,,,https://www.bing.com/search?q=Kult+AI+Limited+official+website,,,,https://www.bing.com/search?q=Kult+AI+Limited+careers
KUMAR INFOTECH LIMITED,BASINGSTOKE,,Worker (A rating),Skilled Worker,,,https://www.bing.com/search?q=KUMAR+INFOTECH+LIMITED+official+website,,,,https://www.bing.com/search?q=KUMAR+INFOTECH+LIMITED+careers
Kunai Technology Limited,London,,Worker (A rating),Skilled Worker,,,https://www.bing.com/search?q=Kunai+Technology+Limited+official+website,,,,https://www.bing.com/search?q=Kunai+Technology+Limited+careers
KYDOS DIGITAL LTD,Manchester,,Worker (A rating),Skilled Worker,,,https://www.bing.com/search?q=KYDOS+DIGITAL+LTD+official+website,,,,https://www.bing.com/search?q=KYDOS+DIGITAL+LTD+careers
KYM Technology Ltd,Birmingham,,Worker (A rating),Skilled Worker,,,https://www.bing.com/search?q=KYM+Technology+Ltd+official+website,,,,https://www.bing.com/search?q=KYM+Technology+Ltd+careers
L & G Technologies Limited,Birmingham,,Worker (A rating),Skilled Worker,,,https://www.bing.com/search?q=L+%26+G+Technologies+Limited+official+website,,,,https://www.bing.com/search?q=L+%26+G+Technologies+Limited+careers
L&T Technology Service Limited,London,,Worker (A rating),Global Business Mobility: Senior or Specialist Worker,,,https://www.bing.com/search?q=L%26T+Technology+Service+Limited+official+website,,,,https://www.bing.com/search?q=L%26T+Technology+Service+Limited+careers
L&T Technology Service Limited,London,,Worker (A rating),Skilled Worker,,,https://www.bing.com/search?q=L%26T+Technology+Service+Limited+official+website,,,,https://www.bing.com/search?q=L%26T+Technology+Service+Limited+careers
L'Computer Hub (UK) Limited,Swindon,,Worker (A rating),Skilled Worker,,,https://www.bing.com/search?q=L%27Computer+Hub+%28UK%29+Limited+official+website,,,,https://www.bing.com/search?q=L%27Computer+Hub+%28UK%29+Limited+careers
L3 Infotech Limited,Milton Keynes,Buckinghamshire,Worker (A rating),Skilled Worker,,,https://www.bing.com/search?q=L3+Infotech+Limited+official+website,,,,https://www.bing.com/search?q=L3+Infotech+Limited+careers
LABORIE MEDICAL TECHNOLOGIES UK,Banbury,Oxfordshire,Worker (A rating),Skilled Worker,,,https://www.bing.com/search?q=LABORIE+MEDICAL+TECHNOLOGIES+UK+official+website,,,,https://www.bing.com/search?q=LABORIE+MEDICAL+TECHNOLOGIES+UK+careers
Labrys Technologies Ltd,Elstree,Hertfordshire,Worker (A rating),Skilled Worker,,,https://www.bing.com/search?q=Labrys+Technologies+Ltd+official+website,,,,https://www.bing.com/search?q=Labrys+Technologies+Ltd+careers
LADERA TECHNOLOGY LTD,Reading,,Worker (A rating),Skilled Worker,,,https://www.bing.com/search?q=LADERA+TECHNOLOGY+LTD+official+website,,,,https://www.bing.com/search?q=LADERA+TECHNOLOGY+LTD+careers
LADERA TECHNOLOGY LTD,Reading,,Worker (A rating),Global Business Mobility: Senior or Specialist Worker,,,https://www.bing.com/search?q=LADERA+TECHNOLOGY+LTD+official+website,,,,https://www.bing.com/search?q=LADERA+TECHNOLOGY+LTD+careers
Lama Technology Group Limited,London,,Worker (A rating),Skilled Worker,,,https://www.bing.com/search?q=Lama+Technology+Group+Limited+official+website,,,,https://www.bing.com/search?q=Lama+Technology+Group+Limited+careers
Land Technologies Limited (LandInsight),London,,Worker (A rating),Skilled Worker,,,https://www.bing.com/search?q=Land+Technologies+Limited+%28LandInsight%29+official+website,,,,https://www.bing.com/search?q=Land+Technologies+Limited+%28LandInsight%29+careers
Landa Digital Printing UK Ltd,Cambridge,Cambridgeshire,Worker (A rating),Skilled Worker,,,https://www.bing.com/search?q=Landa+Digital+Printing+UK+Ltd+official+website,,,,https://www.bing.com/search?q=Landa+Digital+Printing+UK+Ltd+careers
Lantern.ai Limited,London,,Worker (A rating),Skilled Worker,https://lantern.ai,derived_from_company_name_domain,https://www.bing.com/search?q=Lantern.ai+Limited+official+website,,https://lantern.ai,https://lantern.ai/careers,https://www.bing.com/search?q=Lantern.ai+Limited+careers
Laser Cladding Technology LTD,Worksop,Nottinghamshire,Worker (A rating),Skilled Worker,,,https://www.bing.com/search?q=Laser+Cladding+Technology+LTD+official+website,,,,https://www.bing.com/search?q=Laser+Cladding+Technology+LTD+careers
Laser Digital UK Ltd,London,,Worker (A rating),Skilled Worker,,,https://www.bing.com/search?q=Laser+Digital+UK+Ltd+official+website,,,,https://www.bing.com/search?q=Laser+Digital+UK+Ltd+careers
Laser Digital UK Ltd,London,,Worker (A rating),Global Business Mobility: Senior or Specialist Worker,,,https://www.bing.com/search?q=Laser+Digital+UK+Ltd+official+website,,,,https://www.bing.com/search?q=Laser+Digital+UK+Ltd+careers
Lata Technologies Limited,South Croydon,,Worker (A rating),Skilled Worker,,,https://www.bing.com/search?q=Lata+Technologies+Limited+official+website,,,,https://www.bing.com/search?q=Lata+Technologies+Limited+careers
Latent Technology Ltd,London,,Worker (A rating),Skilled Worker,,,https://www.bing.com/search?q=Latent+Technology+Ltd+official+website,,,,https://www.bing.com/search?q=Latent+Technology+Ltd+careers
LatentSpace AI Ltd,Altrincham,Cheshire,Worker (A rating),Skilled Worker,,,https://www.bing.com/search?q=LatentSpace+AI+Ltd+official+website,,,,https://www.bing.com/search?q=LatentSpace+AI+Ltd+careers
Latsen Technology Ltd,Liverpool,,Worker (A rating),Skilled Worker,,,https://www.bing.com/search?q=Latsen+Technology+Ltd+official+website,,,,https://www.bing.com/search?q=Latsen+Technology+Ltd+careers
Lattice Technologies Limited,London,,Worker (A rating),Skilled Worker,,,https://www.bing.com/search?q=Lattice+Technologies+Limited+official+website,,,,https://www.bing.com/search?q=Lattice+Technologies+Limited+careers
Lattice Technologies Limited,London,,Worker (A rating),Global Business Mobility: Senior or Specialist Worker,,,https://www.bing.com/search?q=Lattice+Technologies+Limited+official+website,,,,https://www.bing.com/search?q=Lattice+Technologies+Limited+careers
Laurel Co Technology Limited,London,,Worker (A rating),Skilled Worker,,,https://www.bing.com/search?q=Laurel+Co+Technology+Limited+official+website,,,,https://www.bing.com/search?q=Laurel+Co+Technology+Limited+careers
LCC Technologies Limited,Runcorn,,Worker (A rating),Skilled Worker,,,https://www.bing.com/search?q=LCC+Technologies+Limited+official+website,,,,https://www.bing.com/search?q=LCC+Technologies+Limited+careers
Leadership Through Data|,Halstead,Mrs,Worker (A rating),Skilled Worker,,,https://www.bing.com/search?q=Leadership+Through+Data%7C+official+website,,,,https://www.bing.com/search?q=Leadership+Through+Data%7C+careers
Leading Globe Technology Limited,London,,Worker (A rating),Skilled Worker,,,https://www.bing.com/search?q=Leading+Globe+Technology+Limited+official+website,,,,https://www.bing.com/search?q=Leading+Globe+Technology+Limited+careers
Lean Technologies Development (UK) Limited,London,,Worker (A rating),Global Business Mobility: Senior or Specialist Worker,,,https://www.bing.com/search?q=Lean+Technologies+Development+%28UK%29+Limited+official+website,,,,https://www.bing.com/search?q=Lean+Technologies+Development+%28UK%29+Limited+careers
Lean Technologies Development (UK) Limited,London,,Worker (A rating),Skilled Worker,,,https://www.bing.com/search?q=Lean+Technologies+Development+%28UK%29+Limited+official+website,,,,https://www.bing.com/search?q=Lean+Technologies+Development+%28UK%29+Limited+careers
LEAP Legal Software Limited,Twickenham,,Worker (A rating),Skilled Worker,,,https://www.bing.com/search?q=LEAP+Legal+Software+Limited+official+website,,,,https://www.bing.com/search?q=LEAP+Legal+Software+Limited+careers
Leap Networks Global Ltd,Manchester,,Worker (A rating),Skilled Worker,,,https://www.bing.com/search?q=Leap+Networks+Global+Ltd+official+website,,,,https://www.bing.com/search?q=Leap+Networks+Global+Ltd+careers
Learning Resource Network Ltd,Romford,,Worker (A rating),Skilled Worker,,,https://www.bing.com/search?q=Learning+Resource+Network+Ltd+official+website,,,,https://www.bing.com/search?q=Learning+Resource+Network+Ltd+careers
Learning Technologies Group PLC,Brighton,East Sussex,Worker (A rating),Skilled Worker,,,https://www.bing.com/search?q=Learning+Technologies+Group+PLC+official+website,,,,https://www.bing.com/search?q=Learning+Technologies+Group+PLC+careers
Ledger Technologies UK LTD,London,,Worker (A rating),Skilled Worker,,,https://www.bing.com/search?q=Ledger+Technologies+UK+LTD+official+website,,,,https://www.bing.com/search?q=Ledger+Technologies+UK+LTD+careers
Lego Digital Play Limited,Slough,Berkshire,Worker (A rating),Global Business Mobility: Senior or Specialist Worker,,,https://www.bing.com/search?q=Lego+Digital+Play+Limited+official+website,,,,https://www.bing.com/search?q=Lego+Digital+Play+Limited+careers
Lego Digital Play Limited,Slough,Berkshire,Worker (A rating),Skilled Worker,,,https://www.bing.com/search?q=Lego+Digital+Play+Limited+official+website,,,,https://www.bing.com/search?q=Lego+Digital+Play+Limited+careers
Lenkie Technologies Limited,London,,Worker (A rating),Skilled Worker,,,https://www.bing.com/search?q=Lenkie+Technologies+Limited+official+website,,,,https://www.bing.com/search?q=Lenkie+Technologies+Limited+careers
Lenovo Technology (United Kingdom) Limited,Farnborough,,Worker (A rating),Global Business Mobility: Senior or Specialist Worker,,,https://www.bing.com/search?q=Lenovo+Technology+%28United+Kingdom%29+Limited+official+website,,,,https://www.bing.com/search?q=Lenovo+Technology+%28United+Kingdom%29+Limited+careers
Lenovo Technology (United Kingdom) Limited,Farnborough,,Worker (A rating),Skilled Worker,,,https://www.bing.com/search?q=Lenovo+Technology+%28United+Kingdom%29+Limited+official+website,,,,https://www.bing.com/search?q=Lenovo+Technology+%28United+Kingdom%29+Limited+careers
LEOPARD TECHNOLOGY LTD,Redhill,,Worker (A rating),Skilled Worker,,,https://www.bing.com/search?q=LEOPARD+TECHNOLOGY+LTD+official+website,,,,https://www.bing.com/search?q=LEOPARD+TECHNOLOGY+LTD+careers
LetterOne Technology (UK) LLP,London,,Worker (A rating),Skilled Worker,,,https://www.bing.com/search?q=LetterOne+Technology+%28UK%29+LLP+official+website,,,,https://www.bing.com/search?q=LetterOne+Technology+%28UK%29+LLP+careers
Level Financial Technology Limited,Ashford,,Worker (A rating),Skilled Worker,,,https://www.bing.com/search?q=Level+Financial+Technology+Limited+official+website,,,,https://www.bing.com/search?q=Level+Financial+Technology+Limited+careers
LEVEL THREE TECHNOLOGY SOLUTIONS LTD,Birmingham,,Worker (A rating),Skilled Worker,,,https://www.bing.com/search?q=LEVEL+THREE+TECHNOLOGY+SOLUTIONS+LTD+official+website,,,,https://www.bing.com/search?q=LEVEL+THREE+TECHNOLOGY+SOLUTIONS+LTD+careers
Levels Technologies Ltd,London,,Worker (A rating),Skilled Worker,,,https://www.bing.com/search?q=Levels+Technologies+Ltd+official+website,,,,https://www.bing.com/search?q=Levels+Technologies+Ltd+careers
Leyland Primary Care Network Limited,Preston,Lancashire,Worker (A rating),Skilled Worker,,,https://www.bing.com/search?q=Leyland+Primary+Care+Network+Limited+official+website,,,,https://www.bing.com/search?q=Leyland+Primary+Care+Network+Limited+careers
Lianco Technologies Limited,London,,Worker (A rating),Skilled Worker,,,https://www.bing.com/search?q=Lianco+Technologies+Limited+official+website,,,,https://www.bing.com/search?q=Lianco+Technologies+Limited+careers
Liberty Information Technology Limited,Belfast,,Worker (A rating),Global Business Mobility: Senior or Specialist Worker,,,https://www.bing.com/search?q=Liberty+Information+Technology+Limited+official+website,,,,https://www.bing.com/search?q=Liberty+Information+Technology+Limited+careers
Liberty Information Technology Limited,Belfast,,Worker (A rating),Skilled Worker,,,https://www.bing.com/search?q=Liberty+Information+Technology+Limited+official+website,,,,https://www.bing.com/search?q=Liberty+Information+Technology+Limited+careers
LIFE SCIENCE NETWORKS LTD,London,,Worker (A rating),Skilled Worker,,,https://www.bing.com/search?q=LIFE+SCIENCE+NETWORKS+LTD+official+website,,,,https://www.bing.com/search?q=LIFE+SCIENCE+NETWORKS+LTD+careers
Life Technologies Limited,Paisley,,Worker (A rating),Global Business Mobility: Senior or Specialist Worker,,,https://www.bing.com/search?q=Life+Technologies+Limited+official+website,,,,https://www.bing.com/search?q=Life+Technologies+Limited+careers
Life Technologies Limited,Paisley,,Worker (A rating),Skilled Worker,,,https://www.bing.com/search?q=Life+Technologies+Limited+official+website,,,,https://www.bing.com/search?q=Life+Technologies+Limited+careers
Lifeline Network,Dagenham,Essex,Temporary Worker (A rating),Religious Worker,,,https://www.bing.com/search?q=Lifeline+Network+official+website,,,,https://www.bing.com/search?q=Lifeline+Network+careers
Lifeline Network,Dagenham,Essex,Temporary Worker (A rating),Charity Worker,,,https://www.bing.com/search?q=Lifeline+Network+official+website,,,,https://www.bing.com/search?q=Lifeline+Network+careers
Lifeline Network,Dagenham,Essex,Worker (A rating),Skilled Worker,,,https://www.bing.com/search?q=Lifeline+Network+official+website,,,,https://www.bing.com/search?q=Lifeline+Network+careers
LifeProven Technologies,Crowborough,,Worker (A rating),Skilled Worker,,,https://www.bing.com/search?q=LifeProven+Technologies+official+website,,,,https://www.bing.com/search?q=LifeProven+Technologies+careers
Light Science Technologies Ltd,Derby,,Worker (A rating),Skilled Worker,,,https://www.bing.com/search?q=Light+Science+Technologies+Ltd+official+website,,,,https://www.bing.com/search?q=Light+Science+Technologies+Ltd+careers
"LIGHTRIVER TECHNOLOGIES UK, LIMITED",London,,Worker (A rating),Skilled Worker,,,https://www.bing.com/search?q=LIGHTRIVER+TECHNOLOGIES+UK%2C+LIMITED+official+website,,,,https://www.bing.com/search?q=LIGHTRIVER+TECHNOLOGIES+UK%2C+LIMITED+careers
"LIGHTRIVER TECHNOLOGIES UK, LIMITED",London,,Worker (A rating),Global Business Mobility: Senior or Specialist Worker,,,https://www.bing.com/search?q=LIGHTRIVER+TECHNOLOGIES+UK%2C+LIMITED+official+website,,,,https://www.bing.com/search?q=LIGHTRIVER+TECHNOLOGIES+UK%2C+LIMITED+careers
Lightsense Technologies Ltd,London,England,Worker (A rating),Skilled Worker,,,https://www.bing.com/search?q=Lightsense+Technologies+Ltd+official+website,,,,https://www.bing.com/search?q=Lightsense+Technologies+Ltd+careers
Lilt Technologies Limited,London,,Worker (A rating),Skilled Worker,,,https://www.bing.com/search?q=Lilt+Technologies+Limited+official+website,,,,https://www.bing.com/search?q=Lilt+Technologies+Limited+careers
LIMA Networks LTD,Salford,Greater Manchester,Worker (A rating),Skilled Worker,,,https://www.bing.com/search?q=LIMA+Networks+LTD+official+website,,,,https://www.bing.com/search?q=LIMA+Networks+LTD+careers
Lime Technology Limited,London,UK,Worker (A rating),Skilled Worker,,,https://www.bing.com/search?q=Lime+Technology+Limited+official+website,,,,https://www.bing.com/search?q=Lime+Technology+Limited+careers
Lime Technology Limited,London,UK,Worker (A rating),Global Business Mobility: Senior or Specialist Worker,,,https://www.bing.com/search?q=Lime+Technology+Limited+official+website,,,,https://www.bing.com/search?q=Lime+Technology+Limited+careers
LIMITOWEB TECHNOLOGIES LTD,Birmingham,West Midlands,Worker (A rating),Skilled Worker,,,https://www.bing.com/search?q=LIMITOWEB+TECHNOLOGIES+LTD+official+website,,,,https://www.bing.com/search?q=LIMITOWEB+TECHNOLOGIES+LTD+careers
Limpet Technology Limited,Stirling,Stirlingshire,Worker (A rating),Skilled Worker,,,https://www.bing.com/search?q=Limpet+Technology+Limited+official+website,,,,https://www.bing.com/search?q=Limpet+Technology+Limited+careers
Line-Technology Networks Ltd,London,,Worker (A rating),Skilled Worker,,,https://www.bing.com/search?q=Line-Technology+Networks+Ltd+official+website,,,,https://www.bing.com/search?q=Line-Technology+Networks+Ltd+careers
Link Data Management Solutions Ltd,Cardiff,,Worker (A rating),Skilled Worker,,,https://www.bing.com/search?q=Link+Data+Management+Solutions+Ltd+official+website,,,,https://www.bing.com/search?q=Link+Data+Management+Solutions+Ltd+careers
Linkedin Technology UK Limited,LONDON,,Worker (A rating),Skilled Worker,,,https://www.bing.com/search?q=Linkedin+Technology+UK+Limited+official+website,,,,https://www.bing.com/search?q=Linkedin+Technology+UK+Limited+careers
Linkedin Technology UK Limited,LONDON,,Worker (A rating),Global Business Mobility: Senior or Specialist Worker,,,https://www.bing.com/search?q=Linkedin+Technology+UK+Limited+official+website,,,,https://www.bing.com/search?q=Linkedin+Technology+UK+Limited+careers
LinkedTrade Technologies Ltd,London,,Worker (A rating),Skilled Worker,,,https://www.bing.com/search?q=LinkedTrade+Technologies+Ltd+official+website,,,,https://www.bing.com/search?q=LinkedTrade+Technologies+Ltd+careers
LINKFRESH Software Limited,Lichfield,,Worker (A rating),Skilled Worker,,,https://www.bing.com/search?q=LINKFRESH+Software+Limited+official+website,,,,https://www.bing.com/search?q=LINKFRESH+Software+Limited+careers
Linus Technology Ltd,Sheffield,South Yorkshire,Worker (A rating),Skilled Worker,,,https://www.bing.com/search?q=Linus+Technology+Ltd+official+website,,,,https://www.bing.com/search?q=Linus+Technology+Ltd+careers
Linwave Technology Limited,Lincoln,,Worker (A rating),Skilled Worker,,,https://www.bing.com/search?q=Linwave+Technology+Limited+official+website,,,,https://www.bing.com/search?q=Linwave+Technology+Limited+careers
Linwave Technology Limited,Lincoln,,Worker (A rating),Global Business Mobility: Senior or Specialist Worker,,,https://www.bing.com/search?q=Linwave+Technology+Limited+official+website,,,,https://www.bing.com/search?q=Linwave+Technology+Limited+careers
Linx Printing Technologies Limited,St Ives,Cambridgeshire,Worker (A rating),Global Business Mobility: Senior or Specialist Worker,,,https://www.bing.com/search?q=Linx+Printing+Technologies+Limited+official+website,,,,https://www.bing.com/search?q=Linx+Printing+Technologies+Limited+careers
Linx Printing Technologies Limited,St Ives,Cambridgeshire,Worker (A rating),Skilled Worker,,,https://www.bing.com/search?q=Linx+Printing+Technologies+Limited+official+website,,,,https://www.bing.com/search?q=Linx+Printing+Technologies+Limited+careers
Lisa Technologies Ltd,Bedford,Bedfordshire,Worker (A rating),Skilled Worker,,,https://www.bing.com/search?q=Lisa+Technologies+Ltd+official+website,,,,https://www.bing.com/search?q=Lisa+Technologies+Ltd+careers
LITTLEDATA TECHNOLOGIES LTD,Newbury,Berkshire,Worker (A rating),Skilled Worker,,,https://www.bing.com/search?q=LITTLEDATA+TECHNOLOGIES+LTD+official+website,,,,https://www.bing.com/search?q=LITTLEDATA+TECHNOLOGIES+LTD+careers
Livelink Technology Ltd,Havant,,Worker (A rating),Skilled Worker,,,https://www.bing.com/search?q=Livelink+Technology+Ltd+official+website,,,,https://www.bing.com/search?q=Livelink+Technology+Ltd+careers
Liveology Digital Media UK Ltd,London,,Worker (A rating),Skilled Worker,,,https://www.bing.com/search?q=Liveology+Digital+Media+UK+Ltd+official+website,,,,https://www.bing.com/search?q=Liveology+Digital+Media+UK+Ltd+careers
Livewire Digital Ltd,Leatherhead,Surrey,Worker (A rating),Skilled Worker,,,https://www.bing.com/search?q=Livewire+Digital+Ltd+official+website,,,,https://www.bing.com/search?q=Livewire+Digital+Ltd+careers
LIVEWIRE Telecom Limited,Silverstone,,Worker (A rating),Skilled Worker,,,https://www.bing.com/search?q=LIVEWIRE+Telecom+Limited+official+website,,,,https://www.bing.com/search?q=LIVEWIRE+Telecom+Limited+careers
Livingstone Technologies Limited,York,,Worker (A rating),Skilled Worker,,,https://www.bing.com/search?q=Livingstone+Technologies+Limited+official+website,,,,https://www.bing.com/search?q=Livingstone+Technologies+Limited+careers
Liya Technologies Ltd,Bexleyheath,,Worker (A rating),Skilled Worker,,,https://www.bing.com/search?q=Liya+Technologies+Ltd+official+website,,,,https://www.bing.com/search?q=Liya+Technologies+Ltd+careers
LM Technologies Limited,Edgware,Middlesex,Worker (A rating),Skilled Worker,,,https://www.bing.com/search?q=LM+Technologies+Limited+official+website,,,,https://www.bing.com/search?q=LM+Technologies+Limited+careers
Locus Software Limited,Farnborough,Hampshire,Worker (A rating),Skilled Worker,,,https://www.bing.com/search?q=Locus+Software+Limited+official+website,,,,https://www.bing.com/search?q=Locus+Software+Limited+careers
Lola Performance Technologies,London,- select -,Worker (A rating),Skilled Worker,,,https://www.bing.com/search?q=Lola+Performance+Technologies+official+website,,,,https://www.bing.com/search?q=Lola+Performance+Technologies+careers
Lomare Technologies Ltd,London,,Worker (A rating),Skilled Worker,,,https://www.bing.com/search?q=Lomare+Technologies+Ltd+official+website,,,,https://www.bing.com/search?q=Lomare+Technologies+Ltd+careers
LONDON ACADEMY FOR APPLIED TECHNOLOGY LTD,Brentford,,Worker (A rating),Skilled Worker,,,https://www.bing.com/search?q=LONDON+ACADEMY+FOR+APPLIED+TECHNOLOGY+LTD+official+website,,,,https://www.bing.com/search?q=LONDON+ACADEMY+FOR+APPLIED+TECHNOLOGY+LTD+careers
London Booking Network Ltd,London,,Worker (A rating),Skilled Worker,,,https://www.bing.com/search?q=London+Booking+Network+Ltd+official+website,,,,https://www.bing.com/search?q=London+Booking+Network+Ltd+careers
London College of Management and Technology London Limited,Hayes,Greater London,Worker (A rating),Skilled Worker,,,https://www.bing.com/search?q=London+College+of+Management+and+Technology+London+Limited+official+website,,,,https://www.bing.com/search?q=London+College+of+Management+and+Technology+London+Limited+careers
London College of Marketing and Technology (LCMT),London,,Worker (A rating),Skilled Worker,,,https://www.bing.com/search?q=London+College+of+Marketing+and+Technology+%28LCMT%29+official+website,,,,https://www.bing.com/search?q=London+College+of+Marketing+and+Technology+%28LCMT%29+careers
London Computer Centre Limited,Hammersmith,UK,Worker (A rating),Skilled Worker,,,https://www.bing.com/search?q=London+Computer+Centre+Limited+official+website,,,,https://www.bing.com/search?q=London+Computer+Centre+Limited+careers
London Computer Recycling,London,London,Temporary Worker (A rating),Charity Worker,,,https://www.bing.com/search?q=London+Computer+Recycling+official+website,,,,https://www.bing.com/search?q=London+Computer+Recycling+careers
LONDON DIGITAL LAB LIMITED,London,,Worker (A rating),Skilled Worker,,,https://www.bing.com/search?q=LONDON+DIGITAL+LAB+LIMITED+official+website,,,,https://www.bing.com/search?q=LONDON+DIGITAL+LAB+LIMITED+careers
London Fluid System Technologies Ltd,Kings Langley,Hertfordshire,Worker (A rating),Skilled Worker,,,https://www.bing.com/search?q=London+Fluid+System+Technologies+Ltd+official+website,,,,https://www.bing.com/search?q=London+Fluid+System+Technologies+Ltd+careers
London Network Church (Previously Known as East Acton Baptist Church),London,,Temporary Worker (A rating),Religious Worker,,,https://www.bing.com/search?q=London+Network+Church+%28Previously+Known+as+East+Acton+Baptist+Church%29+official+website,,,,https://www.bing.com/search?q=London+Network+Church+%28Previously+Known+as+East+Acton+Baptist+Church%29+careers
LONDON SCHOOL OF BUSINESS & COMPUTING LTD,London,Havering,Worker (A rating),Skilled Worker,,,https://www.bing.com/search?q=LONDON+SCHOOL+OF+BUSINESS+%26+COMPUTING+LTD+official+website,,,,https://www.bing.com/search?q=LONDON+SCHOOL+OF+BUSINESS+%26+COMPUTING+LTD+careers
London School of Science & Technology Limited,London,,Worker (A rating),Skilled Worker,,,https://www.bing.com/search?q=London+School+of+Science+%26+Technology+Limited+official+website,,,,https://www.bing.com/search?q=London+School+of+Science+%26+Technology+Limited+careers
London Technology Club,Hemel Hampstead,,Worker (A rating),Skilled Worker,,,https://www.bing.com/search?q=London+Technology+Club+official+website,,,,https://www.bing.com/search?q=London+Technology+Club+careers
Longwave Digital Ltd,Leeds,,Worker (A rating),Skilled Worker,,,https://www.bing.com/search?q=Longwave+Digital+Ltd+official+website,,,,https://www.bing.com/search?q=Longwave+Digital+Ltd+careers
Loop Software Ltd,Moreton-in-Marsh,Gloucestershire,Worker (A rating),Skilled Worker,,,https://www.bing.com/search?q=Loop+Software+Ltd+official+website,,,,https://www.bing.com/search?q=Loop+Software+Ltd+careers
Loop Technology Limited,Dorchester,Dorset,Worker (A rating),Skilled Worker,,,https://www.bing.com/search?q=Loop+Technology+Limited+official+website,,,,https://www.bing.com/search?q=Loop+Technology+Limited+careers
Loqbox Technology UK Limited,Bristol,,Worker (A rating),Skilled Worker,,,https://www.bing.com/search?q=Loqbox+Technology+UK+Limited+official+website,,,,https://www.bing.com/search?q=Loqbox+Technology+UK+Limited+careers
LOTUS INFOTECH LTD,LUTON,BEDFORDSHIRE,Worker (A rating),Skilled Worker,,,https://www.bing.com/search?q=LOTUS+INFOTECH+LTD+official+website,,,,https://www.bing.com/search?q=LOTUS+INFOTECH+LTD+careers
Lotus Technology Innovative Limited,London,,Worker (A rating),Global Business Mobility: Senior or Specialist Worker,,,https://www.bing.com/search?q=Lotus+Technology+Innovative+Limited+official+website,,,,https://www.bing.com/search?q=Lotus+Technology+Innovative+Limited+careers
Lotus Technology Innovative Limited,London,,Worker (A rating),Skilled Worker,,,https://www.bing.com/search?q=Lotus+Technology+Innovative+Limited+official+website,,,,https://www.bing.com/search?q=Lotus+Technology+Innovative+Limited+careers
LOVIE TECHNOLOGY LTD,London,,Worker (A rating),Skilled Worker,,,https://www.bing.com/search?q=LOVIE+TECHNOLOGY+LTD+official+website,,,,https://www.bing.com/search?q=LOVIE+TECHNOLOGY+LTD+careers
Loyal Technologies Limited,Ilford,Essex,Worker (A rating),Skilled Worker,,,https://www.bing.com/search?q=Loyal+Technologies+Limited+official+website,,,,https://www.bing.com/search?q=Loyal+Technologies+Limited+careers
LPS Ehealth Software Limited,London,,Worker (A rating),Skilled Worker,,,https://www.bing.com/search?q=LPS+Ehealth+Software+Limited+official+website,,,,https://www.bing.com/search?q=LPS+Ehealth+Software+Limited+careers
LPW Technology Ltd,Widnes,Cheshire,Worker (A rating),Global Business Mobility: Senior or Specialist Worker,,,https://www.bing.com/search?q=LPW+Technology+Ltd+official+website,,,,https://www.bing.com/search?q=LPW+Technology+Ltd+careers
LPW Technology Ltd,Widnes,Cheshire,Worker (A rating),Skilled Worker,,,https://www.bing.com/search?q=LPW+Technology+Ltd+official+website,,,,https://www.bing.com/search?q=LPW+Technology+Ltd+careers
LQT Technologies Limited,Croydon,,Worker (A rating),Skilled Worker,,,https://www.bing.com/search?q=LQT+Technologies+Limited+official+website,,,,https://www.bing.com/search?q=LQT+Technologies+Limited+careers
LTI TECHNOLOGY SOLUTIONS LIMITED,Reading,Berkshire,Worker (A rating),Global Business Mobility: Senior or Specialist Worker,,,https://www.bing.com/search?q=LTI+TECHNOLOGY+SOLUTIONS+LIMITED+official+website,,,,https://www.bing.com/search?q=LTI+TECHNOLOGY+SOLUTIONS+LIMITED+careers
LTI TECHNOLOGY SOLUTIONS LIMITED,Reading,Berkshire,Worker (A rating),Skilled Worker,,,https://www.bing.com/search?q=LTI+TECHNOLOGY+SOLUTIONS+LIMITED+official+website,,,,https://www.bing.com/search?q=LTI+TECHNOLOGY+SOLUTIONS+LIMITED+careers
Lubz Telecom Ltd,Reading,Berkshire,Worker (A rating),Skilled Worker,,,https://www.bing.com/search?q=Lubz+Telecom+Ltd+official+website,,,,https://www.bing.com/search?q=Lubz+Telecom+Ltd+careers
Lumentum Technology UK Limited,Towcester,Northants,Worker (A rating),Skilled Worker,,,https://www.bing.com/search?q=Lumentum+Technology+UK+Limited+official+website,,,,https://www.bing.com/search?q=Lumentum+Technology+UK+Limited+careers
Lumico Digital Limited,Lee-on-the-Solent,Hampshire,Worker (A rating),Skilled Worker,,,https://www.bing.com/search?q=Lumico+Digital+Limited+official+website,,,,https://www.bing.com/search?q=Lumico+Digital+Limited+careers
Luminance Technologies Ltd,London,,Worker (A rating),Skilled Worker,,,https://www.bing.com/search?q=Luminance+Technologies+Ltd+official+website,,,,https://www.bing.com/search?q=Luminance+Technologies+Ltd+careers
LUMIO TECHNOLOGIES LTD,Clevedon,,Worker (A rating),Skilled Worker,,,https://www.bing.com/search?q=LUMIO+TECHNOLOGIES+LTD+official+website,,,,https://www.bing.com/search?q=LUMIO+TECHNOLOGIES+LTD+careers
LUUX Digital Media Limited,London,,Worker (A rating),Skilled Worker,,,https://www.bing.com/search?q=LUUX+Digital+Media+Limited+official+website,,,,https://www.bing.com/search?q=LUUX+Digital+Media+Limited+careers
Luvia Digital Ltd,Milton Keynes,,Worker (A rating),Skilled Worker,,,https://www.bing.com/search?q=Luvia+Digital+Ltd+official+website,,,,https://www.bing.com/search?q=Luvia+Digital+Ltd+careers
Lydia Digital Ltd,London,,Worker (A rating),Skilled Worker,,,https://www.bing.com/search?q=Lydia+Digital+Ltd+official+website,,,,https://www.bing.com/search?q=Lydia+Digital+Ltd+careers
LYFE TECHNOLOGY LIMITED,Bristol,,Worker (A rating),Skilled Worker,,,https://www.bing.com/search?q=LYFE+TECHNOLOGY+LIMITED+official+website,,,,https://www.bing.com/search?q=LYFE+TECHNOLOGY+LIMITED+careers
Lytham St Annes Primary Care Network Limited,Lytham St Annes,Lancashire,Worker (A rating),Skilled Worker,,,https://www.bing.com/search?q=Lytham+St+Annes+Primary+Care+Network+Limited+official+website,,,,https://www.bing.com/search?q=Lytham+St+Annes+Primary+Care+Network+Limited+careers
M & M CYBER CAFE LTD,London,,Worker (A rating),Skilled Worker,,,https://www.bing.com/search?q=M+%26+M+CYBER+CAFE+LTD+official+website,,,,https://www.bing.com/search?q=M+%26+M+CYBER+CAFE+LTD+careers
M3 TECHNOLOGY LTD,London,,Worker (A rating),Skilled Worker,,,https://www.bing.com/search?q=M3+TECHNOLOGY+LTD+official+website,,,,https://www.bing.com/search?q=M3+TECHNOLOGY+LTD+careers
Maanvi Technologies Limited,West Bromwich,West Midlands,Worker (A rating),Skilled Worker,,,https://www.bing.com/search?q=Maanvi+Technologies+Limited+official+website,,,,https://www.bing.com/search?q=Maanvi+Technologies+Limited+careers
MAARAN TECHNOLOGIES LIMITED,Romford,London,Worker (A rating),Skilled Worker,,,https://www.bing.com/search?q=MAARAN+TECHNOLOGIES+LIMITED+official+website,,,,https://www.bing.com/search?q=MAARAN+TECHNOLOGIES+LIMITED+careers
Machine Medicine Technologies Ltd,London,,Worker (A rating),Skilled Worker,,,https://www.bing.com/search?q=Machine+Medicine+Technologies+Ltd+official+website,,,,https://www.bing.com/search?q=Machine+Medicine+Technologies+Ltd+careers
Macro Infotech Limited,London,,Worker (A rating),Skilled Worker,,,https://www.bing.com/search?q=Macro+Infotech+Limited+official+website,,,,https://www.bing.com/search?q=Macro+Infotech+Limited+careers
Madhav Software Solutions Limited,Slough,,Worker (A rating),Skilled Worker,,,https://www.bing.com/search?q=Madhav+Software+Solutions+Limited+official+website,,,,https://www.bing.com/search?q=Madhav+Software+Solutions+Limited+careers
Madic Technologies Limited,Guildford,,Worker (A rating),Global Business Mobility: Senior or Specialist Worker,,,https://www.bing.com/search?q=Madic+Technologies+Limited+official+website,,,,https://www.bing.com/search?q=Madic+Technologies+Limited+careers
Madic Technologies Limited,Guildford,,Worker (A rating),Skilled Worker,,,https://www.bing.com/search?q=Madic+Technologies+Limited+official+website,,,,https://www.bing.com/search?q=Madic+Technologies+Limited+careers
Magentus Software Limited,Mansfield,,Worker (A rating),Global Business Mobility: Senior or Specialist Worker,,,https://www.bing.com/search?q=Magentus+Software+Limited+official+website,,,,https://www.bing.com/search?q=Magentus+Software+Limited+careers
MAGIC SOFTWARE SERVICES LTD,LONDON,,Worker (A rating),Skilled Worker,,,https://www.bing.com/search?q=MAGIC+SOFTWARE+SERVICES+LTD+official+website,,,,https://www.bing.com/search?q=MAGIC+SOFTWARE+SERVICES+LTD+careers
MAGIC SOFTWARE SERVICES LTD,LONDON,,Worker (A rating),Global Business Mobility: Senior or Specialist Worker,,,https://www.bing.com/search?q=MAGIC+SOFTWARE+SERVICES+LTD+official+website,,,,https://www.bing.com/search?q=MAGIC+SOFTWARE+SERVICES+LTD+careers
Magna Software Ltd,Banbridge,County Down,Worker (A rating),Skilled Worker,,,https://www.bing.com/search?q=Magna+Software+Ltd+official+website,,,,https://www.bing.com/search?q=Magna+Software+Ltd+careers
Magnetic Systems Technology Limited,Rotherham,,Worker (A rating),Skilled Worker,,,https://www.bing.com/search?q=Magnetic+Systems+Technology+Limited+official+website,,,,https://www.bing.com/search?q=Magnetic+Systems+Technology+Limited+careers
MAGNUM NETWORKS LIMITED,Sutton,London,Worker (A rating),Skilled Worker,,,https://www.bing.com/search?q=MAGNUM+NETWORKS+LIMITED+official+website,,,,https://www.bing.com/search?q=MAGNUM+NETWORKS+LIMITED+careers
MAGNUS INFOTECH LIMITED,Romford,,Worker (A rating),Skilled Worker,,,https://www.bing.com/search?q=MAGNUS+INFOTECH+LIMITED+official+website,,,,https://www.bing.com/search?q=MAGNUS+INFOTECH+LIMITED+careers
MAIA Technology Limited,London,,Worker (A rating),Skilled Worker,,,https://www.bing.com/search?q=MAIA+Technology+Limited+official+website,,,,https://www.bing.com/search?q=MAIA+Technology+Limited+careers
Mailing Technology & Sup[port Ltd,Romford,Essex,Worker (A rating),Skilled Worker,,,https://www.bing.com/search?q=Mailing+Technology+%26+Sup%5Bport+Ltd+official+website,,,,https://www.bing.com/search?q=Mailing+Technology+%26+Sup%5Bport+Ltd+careers
MAISHA TECHNOLOGY LIMITED,London,,Worker (A rating),Skilled Worker,,,https://www.bing.com/search?q=MAISHA+TECHNOLOGY+LIMITED+official+website,,,,https://www.bing.com/search?q=MAISHA+TECHNOLOGY+LIMITED+careers
MANNAT TECHNOLOGIES LIMITED,BRISTOL,,Worker (A rating),Skilled Worker,,,https://www.bing.com/search?q=MANNAT+TECHNOLOGIES+LIMITED+official+website,,,,https://www.bing.com/search?q=MANNAT+TECHNOLOGIES+LIMITED+careers
Manor Telecom Services LTD T/A Manors Group,Southall,,Worker (A rating),Skilled Worker,,,https://www.bing.com/search?q=Manor+Telecom+Services+LTD+T%2FA+Manors+Group+official+website,,,,https://www.bing.com/search?q=Manor+Telecom+Services+LTD+T%2FA+Manors+Group+careers
Mantic Technologies Limited,London,,Worker (A rating),Skilled Worker,,,https://www.bing.com/search?q=Mantic+Technologies+Limited+official+website,,,,https://www.bing.com/search?q=Mantic+Technologies+Limited+careers
MANTILLA NETWORK LTD,Manchester,Greater Manchester,Worker (A rating),Skilled Worker,,,https://www.bing.com/search?q=MANTILLA+NETWORK+LTD+official+website,,,,https://www.bing.com/search?q=MANTILLA+NETWORK+LTD+careers
MantraRaj Infotech Ltd,Southend- on-Sea,,Worker (A rating),Skilled Worker,,,https://www.bing.com/search?q=MantraRaj+Infotech+Ltd+official+website,,,,https://www.bing.com/search?q=MantraRaj+Infotech+Ltd+careers
MAPP Digital UK Ltd,London,,Worker (A rating),Global Business Mobility: Senior or Specialist Worker,,,https://www.bing.com/search?q=MAPP+Digital+UK+Ltd+official+website,,,,https://www.bing.com/search?q=MAPP+Digital+UK+Ltd+careers
MAPP Digital UK Ltd,London,,Worker (A rating),Skilled Worker,,,https://www.bing.com/search?q=MAPP+Digital+UK+Ltd+official+website,,,,https://www.bing.com/search?q=MAPP+Digital+UK+Ltd+careers
MAQ TECHNOLOGIES LIMITED,Walsall,West Midlands,Worker (A rating),Skilled Worker,,,https://www.bing.com/search?q=MAQ+TECHNOLOGIES+LIMITED+official+website,,,,https://www.bing.com/search?q=MAQ+TECHNOLOGIES+LIMITED+careers
MARCOM DIGITAL SOLUTIONS LTD,COVENTRY,WEST MIDLANDS,Worker (A rating),Skilled Worker,,,https://www.bing.com/search?q=MARCOM+DIGITAL+SOLUTIONS+LTD+official+website,,,,https://www.bing.com/search?q=MARCOM+DIGITAL+SOLUTIONS+LTD+careers
Marine Systems Technology Ltd,Winsford,Cheshire,Worker (A rating),Global Business Mobility: Senior or Specialist Worker,,,https://www.bing.com/search?q=Marine+Systems+Technology+Ltd+official+website,,,,https://www.bing.com/search?q=Marine+Systems+Technology+Ltd+careers
Marine Systems Technology Ltd,Winsford,Cheshire,Worker (A rating),Skilled Worker,,,https://www.bing.com/search?q=Marine+Systems+Technology+Ltd+official+website,,,,https://www.bing.com/search?q=Marine+Systems+Technology+Ltd+careers
Marino Software LimitedMari,London,,Worker (A rating),Skilled Worker,,,https://www.bing.com/search?q=Marino+Software+LimitedMari+official+website,,,,https://www.bing.com/search?q=Marino+Software+LimitedMari+careers
Market Cloud Ltd,London,,Worker (A rating),Skilled Worker,,,https://www.bing.com/search?q=Market+Cloud+Ltd+official+website,,,,https://www.bing.com/search?q=Market+Cloud+Ltd+careers
MARKET MAKERS AI LIMITED,London,,Worker (A rating),Skilled Worker,,,https://www.bing.com/search?q=MARKET+MAKERS+AI+LIMITED+official+website,,,,https://www.bing.com/search?q=MARKET+MAKERS+AI+LIMITED+careers
Markethub Technologies Ltd,London,,Worker (A rating),Skilled Worker,,,https://www.bing.com/search?q=Markethub+Technologies+Ltd+official+website,,,,https://www.bing.com/search?q=Markethub+Technologies+Ltd+careers
Marlan Maritime Technologies Ltd,Liverpool,Merseyside,Worker (A rating),Skilled Worker,,,https://www.bing.com/search?q=Marlan+Maritime+Technologies+Ltd+official+website,,,,https://www.bing.com/search?q=Marlan+Maritime+Technologies+Ltd+careers
Marquis Technologies Limited,London,,Worker (A rating),Global Business Mobility: Senior or Specialist Worker,,,https://www.bing.com/search?q=Marquis+Technologies+Limited+official+website,,,,https://www.bing.com/search?q=Marquis+Technologies+Limited+careers
Marquis Technologies Limited,London,,Worker (A rating),Skilled Worker,,,https://www.bing.com/search?q=Marquis+Technologies+Limited+official+website,,,,https://www.bing.com/search?q=Marquis+Technologies+Limited+careers
MARS DIGITAL SOLUTIONS LTD,Manchester,Greater Manchester,Worker (A rating),Skilled Worker,,,https://www.bing.com/search?q=MARS+DIGITAL+SOLUTIONS+LTD+official+website,,,,https://www.bing.com/search?q=MARS+DIGITAL+SOLUTIONS+LTD+careers
Marshmallow Technology Ltd,London,,Worker (A rating),Skilled Worker,,,https://www.bing.com/search?q=Marshmallow+Technology+Ltd+official+website,,,,https://www.bing.com/search?q=Marshmallow+Technology+Ltd+careers
Mart Network Solutions Limited,West Drayton,Middlesex,Worker (A rating),Skilled Worker,,,https://www.bing.com/search?q=Mart+Network+Solutions+Limited+official+website,,,,https://www.bing.com/search?q=Mart+Network+Solutions+Limited+careers
Marx Technology Consulting Ltd,London,,Worker (A rating),Skilled Worker,,,https://www.bing.com/search?q=Marx+Technology+Consulting+Ltd+official+website,,,,https://www.bing.com/search?q=Marx+Technology+Consulting+Ltd+careers
Master Electronic Technology Ltd,Bilston,,Worker (A rating),Skilled Worker,,,https://www.bing.com/search?q=Master+Electronic+Technology+Ltd+official+website,,,,https://www.bing.com/search?q=Master+Electronic+Technology+Ltd+careers
MASTER SOFTWARE SOLUTIONS LTD,READING,,Worker (A rating),Skilled Worker,,,https://www.bing.com/search?q=MASTER+SOFTWARE+SOLUTIONS+LTD+official+website,,,,https://www.bing.com/search?q=MASTER+SOFTWARE+SOLUTIONS+LTD+careers
MASTER TRADE NETWORK LTD T/A MFG,London,,Worker (A rating),Skilled Worker,,,https://www.bing.com/search?q=MASTER+TRADE+NETWORK+LTD+T%2FA+MFG+official+website,,,,https://www.bing.com/search?q=MASTER+TRADE+NETWORK+LTD+T%2FA+MFG+careers
MASZ TECHNOLOGIES LIMITED,Leicester,,Worker (A rating),Skilled Worker,,,https://www.bing.com/search?q=MASZ+TECHNOLOGIES+LIMITED+official+website,,,,https://www.bing.com/search?q=MASZ+TECHNOLOGIES+LIMITED+careers
Matfron Automation Technology Limited,London,,Worker (A rating),Skilled Worker,,,https://www.bing.com/search?q=Matfron+Automation+Technology+Limited+official+website,,,,https://www.bing.com/search?q=Matfron+Automation+Technology+Limited+careers
Matfron Automation Technology Limited,London,,Worker (A rating),Global Business Mobility: UK Expansion Worker,,,https://www.bing.com/search?q=Matfron+Automation+Technology+Limited+official+website,,,,https://www.bing.com/search?q=Matfron+Automation+Technology+Limited+careers
Matrix Technology Solutions Limited,Halifax,West Yorkshire,Worker (A rating),Skilled Worker,,,https://www.bing.com/search?q=Matrix+Technology+Solutions+Limited+official+website,,,,https://www.bing.com/search?q=Matrix+Technology+Solutions+Limited+careers
Matrixx Software Europe Llimited,Ipswich,,Worker (A rating),Skilled Worker,,,https://www.bing.com/search?q=Matrixx+Software+Europe+Llimited+official+website,,,,https://www.bing.com/search?q=Matrixx+Software+Europe+Llimited+careers
Maven Technology Limited,London,,Worker (A rating),Skilled Worker,,,https://www.bing.com/search?q=Maven+Technology+Limited+official+website,,,,https://www.bing.com/search?q=Maven+Technology+Limited+careers
Mavens Cloud Ltd,Altrincham,Cheshire,Worker (A rating),Skilled Worker,,,https://www.bing.com/search?q=Mavens+Cloud+Ltd+official+website,,,,https://www.bing.com/search?q=Mavens+Cloud+Ltd+careers
Maxon Computer Limited,Cranfield,Bedfordshire,Worker (A rating),Skilled Worker,,,https://www.bing.com/search?q=Maxon+Computer+Limited+official+website,,,,https://www.bing.com/search?q=Maxon+Computer+Limited+careers
Maya Technologies Limited,London Heathrow,,Worker (A rating),Global Business Mobility: Senior or Specialist Worker,,,https://www.bing.com/search?q=Maya+Technologies+Limited+official+website,,,,https://www.bing.com/search?q=Maya+Technologies+Limited+careers
Maya Technologies Limited,London Heathrow,,Worker (A rating),Skilled Worker,,,https://www.bing.com/search?q=Maya+Technologies+Limited+official+website,,,,https://www.bing.com/search?q=Maya+Technologies+Limited+careers
MBS Survey Software Ltd,STEYNING,WEST SUSSEX,Worker (A rating),Skilled Worker,,,https://www.bing.com/search?q=MBS+Survey+Software+Ltd+official+website,,,,https://www.bing.com/search?q=MBS+Survey+Software+Ltd+careers
MCDOWELL DIGITAL MEDIA LTD,London,,Worker (A rating),Skilled Worker,,,https://www.bing.com/search?q=MCDOWELL+DIGITAL+MEDIA+LTD+official+website,,,,https://www.bing.com/search?q=MCDOWELL+DIGITAL+MEDIA+LTD+careers
MCS Rental Software Limited,Maidenhead,Berkshire,Worker (A rating),Skilled Worker,,,https://www.bing.com/search?q=MCS+Rental+Software+Limited+official+website,,,,https://www.bing.com/search?q=MCS+Rental+Software+Limited+careers
MDI Networks Limited,Portsmouth,Hampshire,Worker (A rating),Skilled Worker,,,https://www.bing.com/search?q=MDI+Networks+Limited+official+website,,,,https://www.bing.com/search?q=MDI+Networks+Limited+careers
MDX Technology Limited,London,,Worker (A rating),Skilled Worker,,,https://www.bing.com/search?q=MDX+Technology+Limited+official+website,,,,https://www.bing.com/search?q=MDX+Technology+Limited+careers
MECHSMERIZE TECHNOLOGIES LTD,ILFORD,ESSEX,Worker (A rating),Skilled Worker,,,https://www.bing.com/search?q=MECHSMERIZE+TECHNOLOGIES+LTD+official+website,,,,https://www.bing.com/search?q=MECHSMERIZE+TECHNOLOGIES+LTD+careers
Medequip Assistive Technology Limited,Harmondsworth,,Worker (A rating),Skilled Worker,,,https://www.bing.com/search?q=Medequip+Assistive+Technology+Limited+official+website,,,,https://www.bing.com/search?q=Medequip+Assistive+Technology+Limited+careers
Medevice Digital Ltd.,Cambourne,Cambridgeshire,Worker (A rating),Skilled Worker,,,https://www.bing.com/search?q=Medevice+Digital+Ltd.+official+website,,,,https://www.bing.com/search?q=Medevice+Digital+Ltd.+careers
Medialake AI Limited,London,,Worker (A rating),Skilled Worker,,,https://www.bing.com/search?q=Medialake+AI+Limited+official+website,,,,https://www.bing.com/search?q=Medialake+AI+Limited+careers
Medical Research Network,Milton Keynes,Bucks,Worker (A rating),Skilled Worker,,,https://www.bing.com/search?q=Medical+Research+Network+official+website,,,,https://www.bing.com/search?q=Medical+Research+Network+careers
MEDICASIMPLE HEALTHCARE TECHNOLOGIES LIMITED,London,,Worker (A rating),Skilled Worker,,,https://www.bing.com/search?q=MEDICASIMPLE+HEALTHCARE+TECHNOLOGIES+LIMITED+official+website,,,,https://www.bing.com/search?q=MEDICASIMPLE+HEALTHCARE+TECHNOLOGIES+LIMITED+careers
Medius Software Limited,Manchester,,Worker (A rating),Skilled Worker,,,https://www.bing.com/search?q=Medius+Software+Limited+official+website,,,,https://www.bing.com/search?q=Medius+Software+Limited+careers
Medly AI Limited,London,,Worker (A rating),Skilled Worker,,,https://www.bing.com/search?q=Medly+AI+Limited+official+website,,,,https://www.bing.com/search?q=Medly+AI+Limited+careers
MEDPAL AI PLC,London,,Worker (A rating),Skilled Worker,,,https://www.bing.com/search?q=MEDPAL+AI+PLC+official+website,,,,https://www.bing.com/search?q=MEDPAL+AI+PLC+careers
Medwise AI Limited,Leeds,,Worker (A rating),Skilled Worker,,,https://www.bing.com/search?q=Medwise+AI+Limited+official+website,,,,https://www.bing.com/search?q=Medwise+AI+Limited+careers
Meen Technologies Ltd,Hatfield,Hertfordshire,Worker (A rating),Skilled Worker,,,https://www.bing.com/search?q=Meen+Technologies+Ltd+official+website,,,,https://www.bing.com/search?q=Meen+Technologies+Ltd+careers
Mentat Technology Limited,Byfield,northamptonshire,Worker (A rating),Skilled Worker,,,https://www.bing.com/search?q=Mentat+Technology+Limited+official+website,,,,https://www.bing.com/search?q=Mentat+Technology+Limited+careers
MER MARINE TECHNOLOGIES LTD,London,,Worker (A rating),Skilled Worker,,,https://www.bing.com/search?q=MER+MARINE+TECHNOLOGIES+LTD+official+website,,,,https://www.bing.com/search?q=MER+MARINE+TECHNOLOGIES+LTD+careers
Mercury Computer Systems Limited,Reading,Berkshire,Worker (A rating),Global Business Mobility: Senior or Specialist Worker,,,https://www.bing.com/search?q=Mercury+Computer+Systems+Limited+official+website,,,,https://www.bing.com/search?q=Mercury+Computer+Systems+Limited+careers
Mercury Computer Systems Limited,Reading,Berkshire,Worker (A rating),Skilled Worker,,,https://www.bing.com/search?q=Mercury+Computer+Systems+Limited+official+website,,,,https://www.bing.com/search?q=Mercury+Computer+Systems+Limited+careers
MERCURY DIGITAL ASSETS LIMITED,London,,Worker (A rating),Skilled Worker,,,https://www.bing.com/search?q=MERCURY+DIGITAL+ASSETS+LIMITED+official+website,,,,https://www.bing.com/search?q=MERCURY+DIGITAL+ASSETS+LIMITED+careers
Meridian Lightweight Technologies UK Ltd,Sutton-in-Ashfield,Nottinghamshire,Worker (A rating),Skilled Worker,,,https://www.bing.com/search?q=Meridian+Lightweight+Technologies+UK+Ltd+official+website,,,,https://www.bing.com/search?q=Meridian+Lightweight+Technologies+UK+Ltd+careers
Meridian Lightweight Technologies UK Ltd,Sutton-in-Ashfield,Nottinghamshire,Worker (A rating),Global Business Mobility: Senior or Specialist Worker,,,https://www.bing.com/search?q=Meridian+Lightweight+Technologies+UK+Ltd+official+website,,,,https://www.bing.com/search?q=Meridian+Lightweight+Technologies+UK+Ltd+careers
MESH AI LIMITED,LONDON,,Worker (A rating),Skilled Worker,,,https://www.bing.com/search?q=MESH+AI+LIMITED+official+website,,,,https://www.bing.com/search?q=MESH+AI+LIMITED+careers
Meshprime Technologies Ltd,London,,Worker (A rating),Skilled Worker,,,https://www.bing.com/search?q=Meshprime+Technologies+Ltd+official+website,,,,https://www.bing.com/search?q=Meshprime+Technologies+Ltd+careers
MESOO DIGITAL LTD,London,,Worker (A rating),Skilled Worker,,,https://www.bing.com/search?q=MESOO+DIGITAL+LTD+official+website,,,,https://www.bing.com/search?q=MESOO+DIGITAL+LTD+careers
Meta Data Systems Ltd,London,,Worker (A rating),Skilled Worker,,,https://www.bing.com/search?q=Meta+Data+Systems+Ltd+official+website,,,,https://www.bing.com/search?q=Meta+Data+Systems+Ltd+careers
Meta Solution Technologies Ltd,London,,Worker (A rating),Skilled Worker,,,https://www.bing.com/search?q=Meta+Solution+Technologies+Ltd+official+website,,,,https://www.bing.com/search?q=Meta+Solution+Technologies+Ltd+careers
METALS FOCUS DATA LIMITED,London,,Worker (A rating),Skilled Worker,,,https://www.bing.com/search?q=METALS+FOCUS+DATA+LIMITED+official+website,,,,https://www.bing.com/search?q=METALS+FOCUS+DATA+LIMITED+careers
Methodica Technologies Limited,Nottingham,,Worker (A rating),Skilled Worker,,,https://www.bing.com/search?q=Methodica+Technologies+Limited+official+website,,,,https://www.bing.com/search?q=Methodica+Technologies+Limited+careers
Methods Business and Digital Technology,London,Greater London,Worker (A rating),Skilled Worker,,,https://www.bing.com/search?q=Methods+Business+and+Digital+Technology+official+website,,,,https://www.bing.com/search?q=Methods+Business+and+Digital+Technology+careers
Meticulous Ai Limited,London,,Worker (A rating),Skilled Worker,,,https://www.bing.com/search?q=Meticulous+Ai+Limited+official+website,,,,https://www.bing.com/search?q=Meticulous+Ai+Limited+careers
Metrikus Software Limited,London,,Worker (A rating),Skilled Worker,,,https://www.bing.com/search?q=Metrikus+Software+Limited+official+website,,,,https://www.bing.com/search?q=Metrikus+Software+Limited+careers
Metrol Technology Ltd,Aberdeen,,Worker (A rating),Global Business Mobility: Senior or Specialist Worker,,,https://www.bing.com/search?q=Metrol+Technology+Ltd+official+website,,,,https://www.bing.com/search?q=Metrol+Technology+Ltd+careers
Metrol Technology Ltd,Aberdeen,,Worker (A rating),Skilled Worker,,,https://www.bing.com/search?q=Metrol+Technology+Ltd+official+website,,,,https://www.bing.com/search?q=Metrol+Technology+Ltd+careers
Metropress Limited t/a Auction Technology Group,London,,Worker (A rating),Global Business Mobility: Senior or Specialist Worker,,,https://www.bing.com/search?q=Metropress+Limited+t%2Fa+Auction+Technology+Group+official+website,,,,https://www.bing.com/search?q=Metropress+Limited+t%2Fa+Auction+Technology+Group+careers
Metropress Limited t/a Auction Technology Group,London,,Worker (A rating),Skilled Worker,,,https://www.bing.com/search?q=Metropress+Limited+t%2Fa+Auction+Technology+Group+official+website,,,,https://www.bing.com/search?q=Metropress+Limited+t%2Fa+Auction+Technology+Group+careers
MF Telecom Services Limited,Kent,,Worker (A rating),Skilled Worker,,,https://www.bing.com/search?q=MF+Telecom+Services+Limited+official+website,,,,https://www.bing.com/search?q=MF+Telecom+Services+Limited+careers
MGH Technology Solutions Ltd,Cobham,GB,Worker (A rating),Skilled Worker,,,https://www.bing.com/search?q=MGH+Technology+Solutions+Ltd+official+website,,,,https://www.bing.com/search?q=MGH+Technology+Solutions+Ltd+careers
MGS TECHNOLOGIES LIMITED,Surbiton,SURREY,Worker (A rating),Skilled Worker,,,https://www.bing.com/search?q=MGS+TECHNOLOGIES+LIMITED+official+website,,,,https://www.bing.com/search?q=MGS+TECHNOLOGIES+LIMITED+careers
MHT Technology Limited,Richmond,North Yorkshire,Worker (A rating),Skilled Worker,,,https://www.bing.com/search?q=MHT+Technology+Limited+official+website,,,,https://www.bing.com/search?q=MHT+Technology+Limited+careers
MHZ TECHNOLOGIES LTD,"Wilton,  Salisbury",Wiltshire,Worker (A rating),Skilled Worker,,,https://www.bing.com/search?q=MHZ+TECHNOLOGIES+LTD+official+website,,,,https://www.bing.com/search?q=MHZ+TECHNOLOGIES+LTD+careers
Micro Precision Gear Technology Limited,Hemel Hempstead,,Worker (A rating),Skilled Worker,,,https://www.bing.com/search?q=Micro+Precision+Gear+Technology+Limited+official+website,,,,https://www.bing.com/search?q=Micro+Precision+Gear+Technology+Limited+careers
Micro Technology Services Ltd,Wigston,Leicestershire,Worker (A rating),Skilled Worker,,,https://www.bing.com/search?q=Micro+Technology+Services+Ltd+official+website,,,,https://www.bing.com/search?q=Micro+Technology+Services+Ltd+careers
Micro365 Technologies Ltd,Manchester,,Worker (A rating),Skilled Worker,,,https://www.bing.com/search?q=Micro365+Technologies+Ltd+official+website,,,,https://www.bing.com/search?q=Micro365+Technologies+Ltd+careers
MicroFast Technologies Limited,Harrow,,Worker (A rating),Skilled Worker,,,https://www.bing.com/search?q=MicroFast+Technologies+Limited+official+website,,,,https://www.bing.com/search?q=MicroFast+Technologies+Limited+careers
Midland Telecom Networks Group Ltd,Birmingham,West Midlands,Worker (A rating),Skilled Worker,,,https://www.bing.com/search?q=Midland+Telecom+Networks+Group+Ltd+official+website,,,,https://www.bing.com/search?q=Midland+Telecom+Networks+Group+Ltd+careers
"Mignon Technologies Ltd, T.A. Literal Labs",Newcastle upon Tyne,,Worker (A rating),Skilled Worker,,,https://www.bing.com/search?q=Mignon+Technologies+Ltd%2C+T.A.+Literal+Labs+official+website,,,,https://www.bing.com/search?q=Mignon+Technologies+Ltd%2C+T.A.+Literal+Labs+careers
MIITERA TECHNOLOGIES Ltd,STRATFORD UPON AVON,WARWICKSHIRE,Worker (A rating),Skilled Worker,,,https://www.bing.com/search?q=MIITERA+TECHNOLOGIES+Ltd+official+website,,,,https://www.bing.com/search?q=MIITERA+TECHNOLOGIES+Ltd+careers
Mijo Krish Infotech Limited,Bristol,,Worker (A rating),Skilled Worker,,,https://www.bing.com/search?q=Mijo+Krish+Infotech+Limited+official+website,,,,https://www.bing.com/search?q=Mijo+Krish+Infotech+Limited+careers
Milestone Technologies UK Limited,Pinner,,Worker (A rating),Skilled Worker,,,https://www.bing.com/search?q=Milestone+Technologies+UK+Limited+official+website,,,,https://www.bing.com/search?q=Milestone+Technologies+UK+Limited+careers
Mindbay Technologies Ltd,London,,Worker (A rating),Skilled Worker,,,https://www.bing.com/search?q=Mindbay+Technologies+Ltd+official+website,,,,https://www.bing.com/search?q=Mindbay+Technologies+Ltd+careers
Mindful Technologies Limited,Birmingham,,Worker (A rating),Skilled Worker,,,https://www.bing.com/search?q=Mindful+Technologies+Limited+official+website,,,,https://www.bing.com/search?q=Mindful+Technologies+Limited+careers
MindLink Software Limited,London,,Worker (A rating),Skilled Worker,,,https://www.bing.com/search?q=MindLink+Software+Limited+official+website,,,,https://www.bing.com/search?q=MindLink+Software+Limited+careers
MindMill (HR) Software Ltd,Belfast,Antrim,Worker (A rating),Skilled Worker,,,https://www.bing.com/search?q=MindMill+%28HR%29+Software+Ltd+official+website,,,,https://www.bing.com/search?q=MindMill+%28HR%29+Software+Ltd+careers
MINDPATH TECHNOLOGY LIMITED,London,,Worker (A rating),Skilled Worker,,,https://www.bing.com/search?q=MINDPATH+TECHNOLOGY+LIMITED+official+website,,,,https://www.bing.com/search?q=MINDPATH+TECHNOLOGY+LIMITED+careers
MINDRANK TECHNOLOGIES LIMITED,Manchester,,Worker (A rating),Skilled Worker,,,https://www.bing.com/search?q=MINDRANK+TECHNOLOGIES+LIMITED+official+website,,,,https://www.bing.com/search?q=MINDRANK+TECHNOLOGIES+LIMITED+careers
MINDS TECHNOLOGIES LIMITED,Hounslow,,Worker (A rating),Skilled Worker,,,https://www.bing.com/search?q=MINDS+TECHNOLOGIES+LIMITED+official+website,,,,https://www.bing.com/search?q=MINDS+TECHNOLOGIES+LIMITED+careers
MINDSET AI LTD,London,,Worker (A rating),Skilled Worker,,,https://www.bing.com/search?q=MINDSET+AI+LTD+official+website,,,,https://www.bing.com/search?q=MINDSET+AI+LTD+careers
Mindset Technologies Limited (trading as Mindstep),London,,Worker (A rating),Skilled Worker,,,https://www.bing.com/search?q=Mindset+Technologies+Limited+%28trading+as+Mindstep%29+official+website,,,,https://www.bing.com/search?q=Mindset+Technologies+Limited+%28trading+as+Mindstep%29+careers
Minna Technologies Limited,Warwick,,Worker (A rating),Skilled Worker,,,https://www.bing.com/search?q=Minna+Technologies+Limited+official+website,,,,https://www.bing.com/search?q=Minna+Technologies+Limited+careers
MINNU SOFTWARE SOLUTIONS PRIVATE LIMITED,Coventry,,Worker (A rating),Skilled Worker,,,https://www.bing.com/search?q=MINNU+SOFTWARE+SOLUTIONS+PRIVATE+LIMITED+official+website,,,,https://www.bing.com/search?q=MINNU+SOFTWARE+SOLUTIONS+PRIVATE+LIMITED+careers
MINSTER COMPUTER SYSTEMS LIMITED,Lichfield,Staffordshire,Worker (A rating),Skilled Worker,,,https://www.bing.com/search?q=MINSTER+COMPUTER+SYSTEMS+LIMITED+official+website,,,,https://www.bing.com/search?q=MINSTER+COMPUTER+SYSTEMS+LIMITED+careers
Minster Software Ltd,Reading,,Worker (A rating),Skilled Worker,,,https://www.bing.com/search?q=Minster+Software+Ltd+official+website,,,,https://www.bing.com/search?q=Minster+Software+Ltd+careers
MINT MANAGEMENT TECHNOLOGY UK (PTY) LIMITED,England,,Worker (A rating),Global Business Mobility: Senior or Specialist Worker,,,https://www.bing.com/search?q=MINT+MANAGEMENT+TECHNOLOGY+UK+%28PTY%29+LIMITED+official+website,,,,https://www.bing.com/search?q=MINT+MANAGEMENT+TECHNOLOGY+UK+%28PTY%29+LIMITED+careers
MINT MANAGEMENT TECHNOLOGY UK (PTY) LIMITED,England,,Worker (A rating),Skilled Worker,,,https://www.bing.com/search?q=MINT+MANAGEMENT+TECHNOLOGY+UK+%28PTY%29+LIMITED+official+website,,,,https://www.bing.com/search?q=MINT+MANAGEMENT+TECHNOLOGY+UK+%28PTY%29+LIMITED+careers
MiQ Digital Limited,London,,Worker (A rating),Global Business Mobility: Senior or Specialist Worker,,,https://www.bing.com/search?q=MiQ+Digital+Limited+official+website,,,,https://www.bing.com/search?q=MiQ+Digital+Limited+careers
MiQ Digital Limited,London,,Worker (A rating),Skilled Worker,,,https://www.bing.com/search?q=MiQ+Digital+Limited+official+website,,,,https://www.bing.com/search?q=MiQ+Digital+Limited+careers
Mirion Technologies (IST) Limited,Farnborough,,Worker (A rating),Global Business Mobility: Senior or Specialist Worker,,,https://www.bing.com/search?q=Mirion+Technologies+%28IST%29+Limited+official+website,,,,https://www.bing.com/search?q=Mirion+Technologies+%28IST%29+Limited+careers
Mirion Technologies (IST) Limited,Farnborough,,Worker (A rating),Skilled Worker,,,https://www.bing.com/search?q=Mirion+Technologies+%28IST%29+Limited+official+website,,,,https://www.bing.com/search?q=Mirion+Technologies+%28IST%29+Limited+careers
Miro Technologies Limited,Bristol,Somerset,Worker (A rating),Global Business Mobility: Senior or Specialist Worker,,,https://www.bing.com/search?q=Miro+Technologies+Limited+official+website,,,,https://www.bing.com/search?q=Miro+Technologies+Limited+careers
Miro Technologies Limited,Bristol,Somerset,Worker (A rating),Skilled Worker,,,https://www.bing.com/search?q=Miro+Technologies+Limited+official+website,,,,https://www.bing.com/search?q=Miro+Technologies+Limited+careers
Mission Zero Technologies Ltd,London,,Worker (A rating),Skilled Worker,,,https://www.bing.com/search?q=Mission+Zero+Technologies+Ltd+official+website,,,,https://www.bing.com/search?q=Mission+Zero+Technologies+Ltd+careers
Mistral AI UK Limited,London,,Worker (A rating),Global Business Mobility: Senior or Specialist Worker,,,https://www.bing.com/search?q=Mistral+AI+UK+Limited+official+website,,,,https://www.bing.com/search?q=Mistral+AI+UK+Limited+careers
Mistral AI UK Limited,London,,Worker (A rating),Skilled Worker,,,https://www.bing.com/search?q=Mistral+AI+UK+Limited+official+website,,,,https://www.bing.com/search?q=Mistral+AI+UK+Limited+careers
Mitto Technologies Limited,London,,Worker (A rating),Skilled Worker,,,https://www.bing.com/search?q=Mitto+Technologies+Limited+official+website,,,,https://www.bing.com/search?q=Mitto+Technologies+Limited+careers
MJ Data Solutions Ltd,Ruislip,England,Worker (A rating),Skilled Worker,,,https://www.bing.com/search?q=MJ+Data+Solutions+Ltd+official+website,,,,https://www.bing.com/search?q=MJ+Data+Solutions+Ltd+careers
MK ALL NETWORK COMMUNICATIONS LTD,Cardiff,,Worker (A rating),Skilled Worker,,,https://www.bing.com/search?q=MK+ALL+NETWORK+COMMUNICATIONS+LTD+official+website,,,,https://www.bing.com/search?q=MK+ALL+NETWORK+COMMUNICATIONS+LTD+careers
MLL Telecom Limited,Marlow,Bucks,Worker (A rating),Skilled Worker,,,https://www.bing.com/search?q=MLL+Telecom+Limited+official+website,,,,https://www.bing.com/search?q=MLL+Telecom+Limited+careers
MLT Digital Ltd,Glasgow,,Worker (A rating),Skilled Worker,,,https://www.bing.com/search?q=MLT+Digital+Ltd+official+website,,,,https://www.bing.com/search?q=MLT+Digital+Ltd+careers
MoA Technology Ltd,Oxford,Oxfordshire,Worker (A rating),Skilled Worker,,,https://www.bing.com/search?q=MoA+Technology+Ltd+official+website,,,,https://www.bing.com/search?q=MoA+Technology+Ltd+careers
MOBILE & COMPUTER SHOP LIMITED,Edmonton Green,,Worker (A rating),Skilled Worker,,,https://www.bing.com/search?q=MOBILE+%26+COMPUTER+SHOP+LIMITED+official+website,,,,https://www.bing.com/search?q=MOBILE+%26+COMPUTER+SHOP+LIMITED+careers
Mobile Broadband Network Limited,Reading,,Worker (A rating),Skilled Worker,,,https://www.bing.com/search?q=Mobile+Broadband+Network+Limited+official+website,,,,https://www.bing.com/search?q=Mobile+Broadband+Network+Limited+careers
MOBILE TECHNOLOGIES LTD,London,United Kingdom,Worker (A rating),Skilled Worker,,,https://www.bing.com/search?q=MOBILE+TECHNOLOGIES+LTD+official+website,,,,https://www.bing.com/search?q=MOBILE+TECHNOLOGIES+LTD+careers
Mobility Cyber Labs Ltd,Milton Keynes,Buckinghamshire,Worker (A rating),Skilled Worker,,,https://www.bing.com/search?q=Mobility+Cyber+Labs+Ltd+official+website,,,,https://www.bing.com/search?q=Mobility+Cyber+Labs+Ltd+careers
Modetour Network UK Ltd,LONDON,,Worker (A rating),Global Business Mobility: Senior or Specialist Worker,,,https://www.bing.com/search?q=Modetour+Network+UK+Ltd+official+website,,,,https://www.bing.com/search?q=Modetour+Network+UK+Ltd+careers
Modetour Network UK Ltd,LONDON,,Worker (A rating),Skilled Worker,,,https://www.bing.com/search?q=Modetour+Network+UK+Ltd+official+website,,,,https://www.bing.com/search?q=Modetour+Network+UK+Ltd+careers
Modulr Technology Ltd,Edinburgh,,Worker (A rating),Skilled Worker,,,https://www.bing.com/search?q=Modulr+Technology+Ltd+official+website,,,,https://www.bing.com/search?q=Modulr+Technology+Ltd+careers
MOF Technologies Limited,Newtownabbey,,Worker (A rating),Skilled Worker,,,https://www.bing.com/search?q=MOF+Technologies+Limited+official+website,,,,https://www.bing.com/search?q=MOF+Technologies+Limited+careers
MOMENTUM AI LIMITED,London,,Worker (A rating),Skilled Worker,,,https://www.bing.com/search?q=MOMENTUM+AI+LIMITED+official+website,,,,https://www.bing.com/search?q=MOMENTUM+AI+LIMITED+careers
Momentum Data Ltd,St Albans,Hertfordshire,Worker (A rating),Skilled Worker,,,https://www.bing.com/search?q=Momentum+Data+Ltd+official+website,,,,https://www.bing.com/search?q=Momentum+Data+Ltd+careers
Moneyhub Financial Technology Ltd,Bristol,,Worker (A rating),Skilled Worker,,,https://www.bing.com/search?q=Moneyhub+Financial+Technology+Ltd+official+website,,,,https://www.bing.com/search?q=Moneyhub+Financial+Technology+Ltd+careers
Moneynmore Technologies Limited,Reading,,Worker (A rating),Skilled Worker,,,https://www.bing.com/search?q=Moneynmore+Technologies+Limited+official+website,,,,https://www.bing.com/search?q=Moneynmore+Technologies+Limited+careers
MONIEPOINT TECHNOLOGIES UK LTD,London,,Worker (A rating),Skilled Worker,,,https://www.bing.com/search?q=MONIEPOINT+TECHNOLOGIES+UK+LTD+official+website,,,,https://www.bing.com/search?q=MONIEPOINT+TECHNOLOGIES+UK+LTD+careers
Monitor Computer Systems,YORK,North Yorkshire,Worker (A rating),Skilled Worker,,,https://www.bing.com/search?q=Monitor+Computer+Systems+official+website,,,,https://www.bing.com/search?q=Monitor+Computer+Systems+careers
Monofloor Technology Ltd,Ivybridge,,Temporary Worker (A rating),Global Business Mobility: Service Supplier,,,https://www.bing.com/search?q=Monofloor+Technology+Ltd+official+website,,,,https://www.bing.com/search?q=Monofloor+Technology+Ltd+careers
Monument Technology Limited,London,,Worker (A rating),Skilled Worker,,,https://www.bing.com/search?q=Monument+Technology+Limited+official+website,,,,https://www.bing.com/search?q=Monument+Technology+Limited+careers
Moore Global Network Limited,London,,Worker (A rating),Skilled Worker,,,https://www.bing.com/search?q=Moore+Global+Network+Limited+official+website,,,,https://www.bing.com/search?q=Moore+Global+Network+Limited+careers
Morning Data Ltd,London,London,Worker (A rating),Skilled Worker,,,https://www.bing.com/search?q=Morning+Data+Ltd+official+website,,,,https://www.bing.com/search?q=Morning+Data+Ltd+careers
Motherson Technology Services United Kingdom Limited,Wokingham,,Worker (A rating),Skilled Worker,,,https://www.bing.com/search?q=Motherson+Technology+Services+United+Kingdom+Limited+official+website,,,,https://www.bing.com/search?q=Motherson+Technology+Services+United+Kingdom+Limited+careers
Motive Technology UK Limited,London,,Worker (A rating),Global Business Mobility: Senior or Specialist Worker,,,https://www.bing.com/search?q=Motive+Technology+UK+Limited+official+website,,,,https://www.bing.com/search?q=Motive+Technology+UK+Limited+careers
Motive Technology UK Limited,London,,Worker (A rating),Skilled Worker,,,https://www.bing.com/search?q=Motive+Technology+UK+Limited+official+website,,,,https://www.bing.com/search?q=Motive+Technology+UK+Limited+careers
Motor Repair Network,Halfiax,,Worker (A rating),Skilled Worker,,,https://www.bing.com/search?q=Motor+Repair+Network+official+website,,,,https://www.bing.com/search?q=Motor+Repair+Network+careers
Motorsport Network Media UK Ltd,London,,Worker (A rating),Skilled Worker,,,https://www.bing.com/search?q=Motorsport+Network+Media+UK+Ltd+official+website,,,,https://www.bing.com/search?q=Motorsport+Network+Media+UK+Ltd+careers
Mount Digital Solutions Limited,Manchester,,Worker (A rating),Skilled Worker,,,https://www.bing.com/search?q=Mount+Digital+Solutions+Limited+official+website,,,,https://www.bing.com/search?q=Mount+Digital+Solutions+Limited+careers
Move AI Ltd,London,,Worker (A rating),Skilled Worker,,,https://www.bing.com/search?q=Move+AI+Ltd+official+website,,,,https://www.bing.com/search?q=Move+AI+Ltd+careers
MRI Software Limited,London,,Worker (A rating),Skilled Worker,,,https://www.bing.com/search?q=MRI+Software+Limited+official+website,,,,https://www.bing.com/search?q=MRI+Software+Limited+careers
MRI Software Limited,London,,Worker (A rating),Global Business Mobility: Senior or Specialist Worker,,,https://www.bing.com/search?q=MRI+Software+Limited+official+website,,,,https://www.bing.com/search?q=MRI+Software+Limited+careers
MS InfoTech Limted,AYLESBURY,,Worker (A rating),Skilled Worker,,,https://www.bing.com/search?q=MS+InfoTech+Limted+official+website,,,,https://www.bing.com/search?q=MS+InfoTech+Limted+careers
MSC NETWORK LIMITED,ILFORD,,Worker (A rating),Skilled Worker,,,https://www.bing.com/search?q=MSC+NETWORK+LIMITED+official+website,,,,https://www.bing.com/search?q=MSC+NETWORK+LIMITED+careers
MSG NETWORK LTD,ELGIN,Morayshire,Worker (A rating),Skilled Worker,,,https://www.bing.com/search?q=MSG+NETWORK+LTD+official+website,,,,https://www.bing.com/search?q=MSG+NETWORK+LTD+careers
MSI Computer (UK) Ltd,London,,Worker (A rating),Global Business Mobility: Senior or Specialist Worker,,,https://www.bing.com/search?q=MSI+Computer+%28UK%29+Ltd+official+website,,,,https://www.bing.com/search?q=MSI+Computer+%28UK%29+Ltd+careers
MSI Computer (UK) Ltd,London,,Temporary Worker (A rating),Global Business Mobility: Graduate Trainee,,,https://www.bing.com/search?q=MSI+Computer+%28UK%29+Ltd+official+website,,,,https://www.bing.com/search?q=MSI+Computer+%28UK%29+Ltd+careers
MSI Computer (UK) Ltd,London,,Worker (A rating),Skilled Worker,,,https://www.bing.com/search?q=MSI+Computer+%28UK%29+Ltd+official+website,,,,https://www.bing.com/search?q=MSI+Computer+%28UK%29+Ltd+careers
MSP Technologies Ltd,Carnforth,Cumbria,Worker (A rating),Skilled Worker,,,https://www.bing.com/search?q=MSP+Technologies+Ltd+official+website,,,,https://www.bing.com/search?q=MSP+Technologies+Ltd+careers
MST Ltd - Marine Specialised Technology Ltd,Bromborough,Wirral,Worker (A rating),Skilled Worker,,,https://www.bing.com/search?q=MST+Ltd+-+Marine+Specialised+Technology+Ltd+official+website,,,,https://www.bing.com/search?q=MST+Ltd+-+Marine+Specialised+Technology+Ltd+careers
MSWIPE TECHNOLOGIES (UK) PRIVATE LIMITED,Edgware,,Worker (A rating),Skilled Worker,,,https://www.bing.com/search?q=MSWIPE+TECHNOLOGIES+%28UK%29+PRIVATE+LIMITED+official+website,,,,https://www.bing.com/search?q=MSWIPE+TECHNOLOGIES+%28UK%29+PRIVATE+LIMITED+careers
MTI Welding Technologies Limited,Dudley,West Midlands,Worker (A rating),Skilled Worker,,,https://www.bing.com/search?q=MTI+Welding+Technologies+Limited+official+website,,,,https://www.bing.com/search?q=MTI+Welding+Technologies+Limited+careers
MTV Networks Europe,London,,Worker (A rating),Global Business Mobility: Senior or Specialist Worker,,,https://www.bing.com/search?q=MTV+Networks+Europe+official+website,,,,https://www.bing.com/search?q=MTV+Networks+Europe+careers
MTV Networks Europe,London,,Worker (A rating),Skilled Worker,,,https://www.bing.com/search?q=MTV+Networks+Europe+official+website,,,,https://www.bing.com/search?q=MTV+Networks+Europe+careers
Multi Technologies Limited,Manchester,,Worker (A rating),Skilled Worker,,,https://www.bing.com/search?q=Multi+Technologies+Limited+official+website,,,,https://www.bing.com/search?q=Multi+Technologies+Limited+careers
Mundo Livre Digital Ltd,Warwick,,Worker (A rating),Skilled Worker,,,https://www.bing.com/search?q=Mundo+Livre+Digital+Ltd+official+website,,,,https://www.bing.com/search?q=Mundo+Livre+Digital+Ltd+careers
Mura Technology Limited,Cleveland,,Worker (A rating),Skilled Worker,,,https://www.bing.com/search?q=Mura+Technology+Limited+official+website,,,,https://www.bing.com/search?q=Mura+Technology+Limited+careers
Muraai Information Technologies Limited,Coventry,West Midlands,Worker (A rating),Skilled Worker,,,https://www.bing.com/search?q=Muraai+Information+Technologies+Limited+official+website,,,,https://www.bing.com/search?q=Muraai+Information+Technologies+Limited+careers
Mushroom Technologies Ltd,Rainham,Essex,Worker (A rating),Skilled Worker,,,https://www.bing.com/search?q=Mushroom+Technologies+Ltd+official+website,,,,https://www.bing.com/search?q=Mushroom+Technologies+Ltd+careers
MUSIC EDUCATION TECHNOLOGIES LIMITED,London,,Worker (A rating),Skilled Worker,,,https://www.bing.com/search?q=MUSIC+EDUCATION+TECHNOLOGIES+LIMITED+official+website,,,,https://www.bing.com/search?q=MUSIC+EDUCATION+TECHNOLOGIES+LIMITED+careers
My Data Technologies Limited,Hounslow,Middlesex,Worker (A rating),Skilled Worker,,,https://www.bing.com/search?q=My+Data+Technologies+Limited+official+website,,,,https://www.bing.com/search?q=My+Data+Technologies+Limited+careers
My Digital Accounts Limited,Cheadle Hulme,,Worker (A rating),Global Business Mobility: Senior or Specialist Worker,,,https://www.bing.com/search?q=My+Digital+Accounts+Limited+official+website,,,,https://www.bing.com/search?q=My+Digital+Accounts+Limited+careers
My Digital Accounts Limited,Cheadle Hulme,,Worker (A rating),Skilled Worker,,,https://www.bing.com/search?q=My+Digital+Accounts+Limited+official+website,,,,https://www.bing.com/search?q=My+Digital+Accounts+Limited+careers
MY DIGITAL COLLEGE LTD (Trading as Purlos),London,,Worker (A rating),Skilled Worker,,,https://www.bing.com/search?q=MY+DIGITAL+COLLEGE+LTD+%28Trading+as+Purlos%29+official+website,,,,https://www.bing.com/search?q=MY+DIGITAL+COLLEGE+LTD+%28Trading+as+Purlos%29+careers
My Digital Hero Consulting LTD,Harrogate,,Worker (A rating),Skilled Worker,,,https://www.bing.com/search?q=My+Digital+Hero+Consulting+LTD+official+website,,,,https://www.bing.com/search?q=My+Digital+Hero+Consulting+LTD+careers
MYCARDIUM AI LIMITED,Liverpool,,Worker (A rating),Skilled Worker,,,https://www.bing.com/search?q=MYCARDIUM+AI+LIMITED+official+website,,,,https://www.bing.com/search?q=MYCARDIUM+AI+LIMITED+careers
Mycelium Network Ltd,Sheffield,,Worker (A rating),Skilled Worker,,,https://www.bing.com/search?q=Mycelium+Network+Ltd+official+website,,,,https://www.bing.com/search?q=Mycelium+Network+Ltd+careers
Myrtle Software Limited,Cambridge,Cambridgeshire,Worker (A rating),Skilled Worker,,,https://www.bing.com/search?q=Myrtle+Software+Limited+official+website,,,,https://www.bing.com/search?q=Myrtle+Software+Limited+careers
MYRTLE SOFTWARE SOLUTIONS LIMITED,London,,Worker (A rating),Skilled Worker,,,https://www.bing.com/search?q=MYRTLE+SOFTWARE+SOLUTIONS+LIMITED+official+website,,,,https://www.bing.com/search?q=MYRTLE+SOFTWARE+SOLUTIONS+LIMITED+careers
MYSTIC AI LIMITED,Bath,,Worker (A rating),Skilled Worker,,,https://www.bing.com/search?q=MYSTIC+AI+LIMITED+official+website,,,,https://www.bing.com/search?q=MYSTIC+AI+LIMITED+careers
MYTOWN TECHNOLOGIES LTD,London,,Worker (A rating),Skilled Worker,,,https://www.bing.com/search?q=MYTOWN+TECHNOLOGIES+LTD+official+website,,,,https://www.bing.com/search?q=MYTOWN+TECHNOLOGIES+LTD+careers
MyWay Digital Health Ltd,Dundee,Angus,Worker (A rating),Skilled Worker,,,https://www.bing.com/search?q=MyWay+Digital+Health+Ltd+official+website,,,,https://www.bing.com/search?q=MyWay+Digital+Health+Ltd+careers
N-able Technologies Ltd,Dundee,,Worker (A rating),Skilled Worker,,,https://www.bing.com/search?q=N-able+Technologies+Ltd+official+website,,,,https://www.bing.com/search?q=N-able+Technologies+Ltd+careers
N-IX TECHNOLOGIES LIMITED,London,,Worker (A rating),Skilled Worker,,,https://www.bing.com/search?q=N-IX+TECHNOLOGIES+LIMITED+official+website,,,,https://www.bing.com/search?q=N-IX+TECHNOLOGIES+LIMITED+careers
N2 Technology Consulting Ltd,Harrow,,Worker (A rating),Skilled Worker,,,https://www.bing.com/search?q=N2+Technology+Consulting+Ltd+official+website,,,,https://www.bing.com/search?q=N2+Technology+Consulting+Ltd+careers
NADIRAH TECHNOLOGIES LIMITED,High Wycombe,,Worker (A rating),Skilled Worker,,,https://www.bing.com/search?q=NADIRAH+TECHNOLOGIES+LIMITED+official+website,,,,https://www.bing.com/search?q=NADIRAH+TECHNOLOGIES+LIMITED+careers
NAFT TRADING & TECHNOLOGY CO LIMITED,LONDON,,Worker (A rating),Global Business Mobility: Senior or Specialist Worker,,,https://www.bing.com/search?q=NAFT+TRADING+%26+TECHNOLOGY+CO+LIMITED+official+website,,,,https://www.bing.com/search?q=NAFT+TRADING+%26+TECHNOLOGY+CO+LIMITED+careers
NAFT TRADING & TECHNOLOGY CO LIMITED,LONDON,,Worker (A rating),Skilled Worker,,,https://www.bing.com/search?q=NAFT+TRADING+%26+TECHNOLOGY+CO+LIMITED+official+website,,,,https://www.bing.com/search?q=NAFT+TRADING+%26+TECHNOLOGY+CO+LIMITED+careers
NAG Technologies Limited,Maidenhead,,Worker (A rating),Skilled Worker,,,https://www.bing.com/search?q=NAG+Technologies+Limited+official+website,,,,https://www.bing.com/search?q=NAG+Technologies+Limited+careers
Nagarro Software Ltd,London,,Worker (A rating),Skilled Worker,,,https://www.bing.com/search?q=Nagarro+Software+Ltd+official+website,,,,https://www.bing.com/search?q=Nagarro+Software+Ltd+careers
Nagarro Software Ltd,London,,Worker (A rating),Global Business Mobility: Senior or Specialist Worker,,,https://www.bing.com/search?q=Nagarro+Software+Ltd+official+website,,,,https://www.bing.com/search?q=Nagarro+Software+Ltd+careers
Naib Technologies Limited,Birmingham,,Worker (A rating),Global Business Mobility: UK Expansion Worker,,,https://www.bing.com/search?q=Naib+Technologies+Limited+official+website,,,,https://www.bing.com/search?q=Naib+Technologies+Limited+careers
Naina Technologies Ltd,London,,Worker (A rating),Skilled Worker,,,https://www.bing.com/search?q=Naina+Technologies+Ltd+official+website,,,,https://www.bing.com/search?q=Naina+Technologies+Ltd+careers
Namo Technologies Ltd,Watford,,Worker (A rating),Skilled Worker,,,https://www.bing.com/search?q=Namo+Technologies+Ltd+official+website,,,,https://www.bing.com/search?q=Namo+Technologies+Ltd+careers
Nannyplus Network Ltd,London,,Worker (A rating),Skilled Worker,,,https://www.bing.com/search?q=Nannyplus+Network+Ltd+official+website,,,,https://www.bing.com/search?q=Nannyplus+Network+Ltd+careers
Nano AI LTD,London,,Worker (A rating),Skilled Worker,,,https://www.bing.com/search?q=Nano+AI+LTD+official+website,,,,https://www.bing.com/search?q=Nano+AI+LTD+careers
Nanoco Technologies Limited,Runcorn,Cheshire,Worker (A rating),Skilled Worker,,,https://www.bing.com/search?q=Nanoco+Technologies+Limited+official+website,,,,https://www.bing.com/search?q=Nanoco+Technologies+Limited+careers
NanoString Technologies Europe Limited,Bristol,,Worker (A rating),Global Business Mobility: Senior or Specialist Worker,,,https://www.bing.com/search?q=NanoString+Technologies+Europe+Limited+official+website,,,,https://www.bing.com/search?q=NanoString+Technologies+Europe+Limited+careers
NanoString Technologies Europe Limited,Bristol,,Worker (A rating),Skilled Worker,,,https://www.bing.com/search?q=NanoString+Technologies+Europe+Limited+official+website,,,,https://www.bing.com/search?q=NanoString+Technologies+Europe+Limited+careers
Nanotemper Technologies Ltd,London,,Worker (A rating),Skilled Worker,,,https://www.bing.com/search?q=Nanotemper+Technologies+Ltd+official+website,,,,https://www.bing.com/search?q=Nanotemper+Technologies+Ltd+careers
Napier Technologies Limited,London,County (optional),Worker (A rating),Skilled Worker,,,https://www.bing.com/search?q=Napier+Technologies+Limited+official+website,,,,https://www.bing.com/search?q=Napier+Technologies+Limited+careers
Narla Technologies Ltd,Newcastle,Staffordshire,Worker (A rating),Skilled Worker,,,https://www.bing.com/search?q=Narla+Technologies+Ltd+official+website,,,,https://www.bing.com/search?q=Narla+Technologies+Ltd+careers
Nash Technologies and Consulting Limited,Birmingham,,Worker (A rating),Skilled Worker,,,https://www.bing.com/search?q=Nash+Technologies+and+Consulting+Limited+official+website,,,,https://www.bing.com/search?q=Nash+Technologies+and+Consulting+Limited+careers
NATIONAL SUPPLY CHAIN NETWORKS UK LTD,Birmingham,West Midlands,Worker (A rating),Skilled Worker,,,https://www.bing.com/search?q=NATIONAL+SUPPLY+CHAIN+NETWORKS+UK+LTD+official+website,,,,https://www.bing.com/search?q=NATIONAL+SUPPLY+CHAIN+NETWORKS+UK+LTD+careers
Native AI Ltd,London,,Worker (A rating),Skilled Worker,,,https://www.bing.com/search?q=Native+AI+Ltd+official+website,,,,https://www.bing.com/search?q=Native+AI+Ltd+careers
Nav Infotech Ltd,Slough,,Worker (A rating),Skilled Worker,,,https://www.bing.com/search?q=Nav+Infotech+Ltd+official+website,,,,https://www.bing.com/search?q=Nav+Infotech+Ltd+careers
Navigate Digital,London,,Worker (A rating),Skilled Worker,,,https://www.bing.com/search?q=Navigate+Digital+official+website,,,,https://www.bing.com/search?q=Navigate+Digital+careers
NAVIS SOFTWARE UK LIMITED,LONDON,,Worker (A rating),Global Business Mobility: Senior or Specialist Worker,,,https://www.bing.com/search?q=NAVIS+SOFTWARE+UK+LIMITED+official+website,,,,https://www.bing.com/search?q=NAVIS+SOFTWARE+UK+LIMITED+careers
NAVIS SOFTWARE UK LIMITED,LONDON,,Worker (A rating),Skilled Worker,,,https://www.bing.com/search?q=NAVIS+SOFTWARE+UK+LIMITED+official+website,,,,https://www.bing.com/search?q=NAVIS+SOFTWARE+UK+LIMITED+careers
Navitas Digital Safety Ltd,Coalville,,Worker (A rating),Skilled Worker,,,https://www.bing.com/search?q=Navitas+Digital+Safety+Ltd+official+website,,,,https://www.bing.com/search?q=Navitas+Digital+Safety+Ltd+careers
Navys Technologies Limited,London,,Worker (A rating),Skilled Worker,,,https://www.bing.com/search?q=Navys+Technologies+Limited+official+website,,,,https://www.bing.com/search?q=Navys+Technologies+Limited+careers
NDL Software Ltd,WETHERBY,West Yorkshire,Worker (A rating),Skilled Worker,,,https://www.bing.com/search?q=NDL+Software+Ltd+official+website,,,,https://www.bing.com/search?q=NDL+Software+Ltd+careers
Neara Software Ltd,Reading,Berkshire,Worker (A rating),Skilled Worker,,,https://www.bing.com/search?q=Neara+Software+Ltd+official+website,,,,https://www.bing.com/search?q=Neara+Software+Ltd+careers
NEC Software Solutions UK Ltd,Hemel Hempstead,Hertfordshire,Worker (A rating),Skilled Worker,,,https://www.bing.com/search?q=NEC+Software+Solutions+UK+Ltd+official+website,,,,https://www.bing.com/search?q=NEC+Software+Solutions+UK+Ltd+careers
"NEC Telecom MODUS, Ltd",Leatherhead,Surrey,Worker (A rating),Global Business Mobility: Senior or Specialist Worker,,,https://www.bing.com/search?q=NEC+Telecom+MODUS%2C+Ltd+official+website,,,,https://www.bing.com/search?q=NEC+Telecom+MODUS%2C+Ltd+careers
"NEC Telecom MODUS, Ltd",Leatherhead,Surrey,Worker (A rating),Skilled Worker,,,https://www.bing.com/search?q=NEC+Telecom+MODUS%2C+Ltd+official+website,,,,https://www.bing.com/search?q=NEC+Telecom+MODUS%2C+Ltd+careers
Nendrasys Technologies UK Limited,Milton Keynes,Buckinghamshire,Worker (A rating),Global Business Mobility: Senior or Specialist Worker,,,https://www.bing.com/search?q=Nendrasys+Technologies+UK+Limited+official+website,,,,https://www.bing.com/search?q=Nendrasys+Technologies+UK+Limited+careers
Nendrasys Technologies UK Limited,Milton Keynes,Buckinghamshire,Worker (A rating),Skilled Worker,,,https://www.bing.com/search?q=Nendrasys+Technologies+UK+Limited+official+website,,,,https://www.bing.com/search?q=Nendrasys+Technologies+UK+Limited+careers
Neo Technology Limited,London,Greater London,Worker (A rating),Skilled Worker,,,https://www.bing.com/search?q=Neo+Technology+Limited+official+website,,,,https://www.bing.com/search?q=Neo+Technology+Limited+careers
Neo-Global Technology Ltd,Hallow,Essex,Worker (A rating),Skilled Worker,,,https://www.bing.com/search?q=Neo-Global+Technology+Ltd+official+website,,,,https://www.bing.com/search?q=Neo-Global+Technology+Ltd+careers
Neos Networks Limited,Perth,,Worker (A rating),Skilled Worker,,,https://www.bing.com/search?q=Neos+Networks+Limited+official+website,,,,https://www.bing.com/search?q=Neos+Networks+Limited+careers
Neosalpha Technologies Limited,Maidenhead,Berkshire,Worker (A rating),Global Business Mobility: Senior or Specialist Worker,,,https://www.bing.com/search?q=Neosalpha+Technologies+Limited+official+website,,,,https://www.bing.com/search?q=Neosalpha+Technologies+Limited+careers
Neosalpha Technologies Limited,Maidenhead,Berkshire,Worker (A rating),Skilled Worker,,,https://www.bing.com/search?q=Neosalpha+Technologies+Limited+official+website,,,,https://www.bing.com/search?q=Neosalpha+Technologies+Limited+careers
Nephos Technologies,London,---,Worker (A rating),Skilled Worker,,,https://www.bing.com/search?q=Nephos+Technologies+official+website,,,,https://www.bing.com/search?q=Nephos+Technologies+careers
Nervecentre Software Ltd,Wokingham,,Worker (A rating),Skilled Worker,,,https://www.bing.com/search?q=Nervecentre+Software+Ltd+official+website,,,,https://www.bing.com/search?q=Nervecentre+Software+Ltd+careers
Nest Digital Limited,London,,Worker (A rating),Global Business Mobility: Senior or Specialist Worker,,,https://www.bing.com/search?q=Nest+Digital+Limited+official+website,,,,https://www.bing.com/search?q=Nest+Digital+Limited+careers
Nest Digital Limited,London,,Worker (A rating),Skilled Worker,,,https://www.bing.com/search?q=Nest+Digital+Limited+official+website,,,,https://www.bing.com/search?q=Nest+Digital+Limited+careers
NET AI TECH LTD,EDINBURGH,Scotland,Worker (A rating),Skilled Worker,,,https://www.bing.com/search?q=NET+AI+TECH+LTD+official+website,,,,https://www.bing.com/search?q=NET+AI+TECH+LTD+careers
Net Zero Technology Centre Limited,Aberdeen,,Worker (A rating),Skilled Worker,,,https://www.bing.com/search?q=Net+Zero+Technology+Centre+Limited+official+website,,,,https://www.bing.com/search?q=Net+Zero+Technology+Centre+Limited+careers
Netcore Cloud Limited,London,,Worker (A rating),Skilled Worker,,,https://www.bing.com/search?q=Netcore+Cloud+Limited+official+website,,,,https://www.bing.com/search?q=Netcore+Cloud+Limited+careers
NetCracker Technology EMEA Ltd,Histon,Cambridgeshire,Worker (A rating),Global Business Mobility: Senior or Specialist Worker,,,https://www.bing.com/search?q=NetCracker+Technology+EMEA+Ltd+official+website,,,,https://www.bing.com/search?q=NetCracker+Technology+EMEA+Ltd+careers
NetCracker Technology EMEA Ltd,Histon,Cambridgeshire,Worker (A rating),Skilled Worker,,,https://www.bing.com/search?q=NetCracker+Technology+EMEA+Ltd+official+website,,,,https://www.bing.com/search?q=NetCracker+Technology+EMEA+Ltd+careers
NetMind.AI Ltd,London,,Worker (A rating),Skilled Worker,https://netmind.ai,derived_from_company_name_domain,https://www.bing.com/search?q=NetMind.AI+Ltd+official+website,,https://netmind.ai,https://netmind.ai/careers,https://www.bing.com/search?q=NetMind.AI+Ltd+careers
Netsol Technologies Europe Limited,Horsham,,Worker (A rating),Skilled Worker,,,https://www.bing.com/search?q=Netsol+Technologies+Europe+Limited+official+website,,,,https://www.bing.com/search?q=Netsol+Technologies+Europe+Limited+careers
Netsol Technologies Europe Limited,Horsham,,Worker (A rating),Global Business Mobility: Senior or Specialist Worker,,,https://www.bing.com/search?q=Netsol+Technologies+Europe+Limited+official+website,,,,https://www.bing.com/search?q=Netsol+Technologies+Europe+Limited+careers
Network 2 Supplies Ltd,Bury St Edmunds,Suffolk,Worker (A rating),Skilled Worker,,,https://www.bing.com/search?q=Network+2+Supplies+Ltd+official+website,,,,https://www.bing.com/search?q=Network+2+Supplies+Ltd+careers
Network Access Associates Limited,London,,Worker (A rating),Skilled Worker,,,https://www.bing.com/search?q=Network+Access+Associates+Limited+official+website,,,,https://www.bing.com/search?q=Network+Access+Associates+Limited+careers
Network Access Associates Limited,London,,Worker (A rating),Global Business Mobility: Senior or Specialist Worker,,,https://www.bing.com/search?q=Network+Access+Associates+Limited+official+website,,,,https://www.bing.com/search?q=Network+Access+Associates+Limited+careers
Network Centric Support,London,,Worker (A rating),Skilled Worker,,,https://www.bing.com/search?q=Network+Centric+Support+official+website,,,,https://www.bing.com/search?q=Network+Centric+Support+careers
Network Communication Systems Ltd,Doncaster,United Kingdom,Worker (A rating),Skilled Worker,,,https://www.bing.com/search?q=Network+Communication+Systems+Ltd+official+website,,,,https://www.bing.com/search?q=Network+Communication+Systems+Ltd+careers
Network DNA Ltd,Aberdeen,,Worker (A rating),Skilled Worker,,,https://www.bing.com/search?q=Network+DNA+Ltd+official+website,,,,https://www.bing.com/search?q=Network+DNA+Ltd+careers
NETWORK DRY CLEANERS LTD,BUSHEY,,Worker (A rating),Skilled Worker,,,https://www.bing.com/search?q=NETWORK+DRY+CLEANERS+LTD+official+website,,,,https://www.bing.com/search?q=NETWORK+DRY+CLEANERS+LTD+careers
Network Energy Limited,Wembley,,Worker (A rating),Skilled Worker,,,https://www.bing.com/search?q=Network+Energy+Limited+official+website,,,,https://www.bing.com/search?q=Network+Energy+Limited+careers
Network Fantasy Holdings Limited,London,,Worker (A rating),Skilled Worker,,,https://www.bing.com/search?q=Network+Fantasy+Holdings+Limited+official+website,,,,https://www.bing.com/search?q=Network+Fantasy+Holdings+Limited+careers
NETWORK FOOD DISTRIBUTION LTD,LONDON,,Worker (A rating),Skilled Worker,,,https://www.bing.com/search?q=NETWORK+FOOD+DISTRIBUTION+LTD+official+website,,,,https://www.bing.com/search?q=NETWORK+FOOD+DISTRIBUTION+LTD+careers
NETWORK GUARD (UK) LIMITED,LONDON,,Worker (A rating),Skilled Worker,,,https://www.bing.com/search?q=NETWORK+GUARD+%28UK%29+LIMITED+official+website,,,,https://www.bing.com/search?q=NETWORK+GUARD+%28UK%29+LIMITED+careers
NETWORK HEALTHCARE (KENT) LTD,"BROMLEY, KENT",,Worker (A rating),Skilled Worker,,,https://www.bing.com/search?q=NETWORK+HEALTHCARE+%28KENT%29+LTD+official+website,,,,https://www.bing.com/search?q=NETWORK+HEALTHCARE+%28KENT%29+LTD+careers
Network Healthcare Professionals Ltd,Slough,,Worker (A rating),Skilled Worker,,,https://www.bing.com/search?q=Network+Healthcare+Professionals+Ltd+official+website,,,,https://www.bing.com/search?q=Network+Healthcare+Professionals+Ltd+careers
NETWORK HEATING & GAS LTD,Coventry,,Worker (A rating),Skilled Worker,,,https://www.bing.com/search?q=NETWORK+HEATING+%26+GAS+LTD+official+website,,,,https://www.bing.com/search?q=NETWORK+HEATING+%26+GAS+LTD+careers
Network Homecare Ltd,Edgware,,Worker (A rating),Skilled Worker,,,https://www.bing.com/search?q=Network+Homecare+Ltd+official+website,,,,https://www.bing.com/search?q=Network+Homecare+Ltd+careers
Network Links Ltd,Warrington,,Worker (A rating),Skilled Worker,,,https://www.bing.com/search?q=Network+Links+Ltd+official+website,,,,https://www.bing.com/search?q=Network+Links+Ltd+careers
Network Merchants Limited,Bristol,,Worker (A rating),Skilled Worker,,,https://www.bing.com/search?q=Network+Merchants+Limited+official+website,,,,https://www.bing.com/search?q=Network+Merchants+Limited+careers
Network Plus Ltd,Newtown,Powys,Worker (A rating),Skilled Worker,,,https://www.bing.com/search?q=Network+Plus+Ltd+official+website,,,,https://www.bing.com/search?q=Network+Plus+Ltd+careers
NETWORK POINT LIMITED,London,,Worker (A rating),Skilled Worker,,,https://www.bing.com/search?q=NETWORK+POINT+LIMITED+official+website,,,,https://www.bing.com/search?q=NETWORK+POINT+LIMITED+careers
NETWORK PROPERTY SOLUTIONS LTD,Brierley Hill,West Midlands,Worker (A rating),Skilled Worker,,,https://www.bing.com/search?q=NETWORK+PROPERTY+SOLUTIONS+LTD+official+website,,,,https://www.bing.com/search?q=NETWORK+PROPERTY+SOLUTIONS+LTD+careers
Network Rail Infrastructure,Manchetser,,Worker (A rating),Skilled Worker,,,https://www.bing.com/search?q=Network+Rail+Infrastructure+official+website,,,,https://www.bing.com/search?q=Network+Rail+Infrastructure+careers
NETWORK SCIENCE LTD,London,,Worker (A rating),Skilled Worker,,,https://www.bing.com/search?q=NETWORK+SCIENCE+LTD+official+website,,,,https://www.bing.com/search?q=NETWORK+SCIENCE+LTD+careers
NETWORK SOLUTIONS COURIER & LOGISTICS LTD,Park Royal,London,Worker (A rating),Skilled Worker,,,https://www.bing.com/search?q=NETWORK+SOLUTIONS+COURIER+%26+LOGISTICS+LTD+official+website,,,,https://www.bing.com/search?q=NETWORK+SOLUTIONS+COURIER+%26+LOGISTICS+LTD+careers
Network Specialists Limited,Birmingham,,Worker (A rating),Skilled Worker,,,https://www.bing.com/search?q=Network+Specialists+Limited+official+website,,,,https://www.bing.com/search?q=Network+Specialists+Limited+careers
Neurapses Technologies Ltd,Wimbledon,London,Worker (A rating),Skilled Worker,,,https://www.bing.com/search?q=Neurapses+Technologies+Ltd+official+website,,,,https://www.bing.com/search?q=Neurapses+Technologies+Ltd+careers
Neutronic Technologies Ltd,Warrington,Cheshire,Worker (A rating),Skilled Worker,,,https://www.bing.com/search?q=Neutronic+Technologies+Ltd+official+website,,,,https://www.bing.com/search?q=Neutronic+Technologies+Ltd+careers
NEVIS WEALTH TECHNOLOGY LTD,London,,Worker (A rating),Skilled Worker,,,https://www.bing.com/search?q=NEVIS+WEALTH+TECHNOLOGY+LTD+official+website,,,,https://www.bing.com/search?q=NEVIS+WEALTH+TECHNOLOGY+LTD+careers
New Media Technology Ltd,Uxbridge,,Worker (A rating),Skilled Worker,,,https://www.bing.com/search?q=New+Media+Technology+Ltd+official+website,,,,https://www.bing.com/search?q=New+Media+Technology+Ltd+careers
New Model Institute for Technology and Engineering,Hereford,Herefordshire,Worker (A rating),Skilled Worker,,,https://www.bing.com/search?q=New+Model+Institute+for+Technology+and+Engineering+official+website,,,,https://www.bing.com/search?q=New+Model+Institute+for+Technology+and+Engineering+careers
NEW TIMES TECHNOLOGY GROUP LIMITED,London,,Worker (A rating),Skilled Worker,,,https://www.bing.com/search?q=NEW+TIMES+TECHNOLOGY+GROUP+LIMITED+official+website,,,,https://www.bing.com/search?q=NEW+TIMES+TECHNOLOGY+GROUP+LIMITED+careers
New World Software Europe Limited,Swindon,Wiltshire,Worker (A rating),Skilled Worker,,,https://www.bing.com/search?q=New+World+Software+Europe+Limited+official+website,,,,https://www.bing.com/search?q=New+World+Software+Europe+Limited+careers
Newbury Digital Limited,Newbury,Berks,Worker (A rating),Skilled Worker,,,https://www.bing.com/search?q=Newbury+Digital+Limited+official+website,,,,https://www.bing.com/search?q=Newbury+Digital+Limited+careers
Newsco Software Limited,Dumfries,Dumfries and Galloway,Worker (A rating),Skilled Worker,,,https://www.bing.com/search?q=Newsco+Software+Limited+official+website,,,,https://www.bing.com/search?q=Newsco+Software+Limited+careers
Nexcade AI Limited,London,,Worker (A rating),Skilled Worker,,,https://www.bing.com/search?q=Nexcade+AI+Limited+official+website,,,,https://www.bing.com/search?q=Nexcade+AI+Limited+careers
Nexer Digital Ltd,Macclesfield,Cheshire,Worker (A rating),Skilled Worker,,,https://www.bing.com/search?q=Nexer+Digital+Ltd+official+website,,,,https://www.bing.com/search?q=Nexer+Digital+Ltd+careers
Nexfibre Networks Limited,London,,Worker (A rating),Skilled Worker,,,https://www.bing.com/search?q=Nexfibre+Networks+Limited+official+website,,,,https://www.bing.com/search?q=Nexfibre+Networks+Limited+careers
NEXPIN TECHNOLOGY LTD,London,,Worker (A rating),Skilled Worker,,,https://www.bing.com/search?q=NEXPIN+TECHNOLOGY+LTD+official+website,,,,https://www.bing.com/search?q=NEXPIN+TECHNOLOGY+LTD+careers
NEXT TECHNOLOGIES LTD,Hounslow,Middlesex,Worker (A rating),Skilled Worker,,,https://www.bing.com/search?q=NEXT+TECHNOLOGIES+LTD+official+website,,,,https://www.bing.com/search?q=NEXT+TECHNOLOGIES+LTD+careers
Nextgen Technology Limited,Wokingham,Berkshire,Worker (A rating),Skilled Worker,,,https://www.bing.com/search?q=Nextgen+Technology+Limited+official+website,,,,https://www.bing.com/search?q=Nextgen+Technology+Limited+careers
NextLevel Pro Ltd t/a Guard dog Digital,Ipswich,Suffolk,Worker (A rating),Skilled Worker,,,https://www.bing.com/search?q=NextLevel+Pro+Ltd+t%2Fa+Guard+dog+Digital+official+website,,,,https://www.bing.com/search?q=NextLevel+Pro+Ltd+t%2Fa+Guard+dog+Digital+careers
NextLevel Software Innovations,Stafford,,Worker (A rating),Skilled Worker,,,https://www.bing.com/search?q=NextLevel+Software+Innovations+official+website,,,,https://www.bing.com/search?q=NextLevel+Software+Innovations+careers
NextMove Software Limited,Cambridge,,Worker (A rating),Skilled Worker,,,https://www.bing.com/search?q=NextMove+Software+Limited+official+website,,,,https://www.bing.com/search?q=NextMove+Software+Limited+careers
NextPharma Technologies Holding Limited,London,,Worker (A rating),Skilled Worker,,,https://www.bing.com/search?q=NextPharma+Technologies+Holding+Limited+official+website,,,,https://www.bing.com/search?q=NextPharma+Technologies+Holding+Limited+careers
NEXTPLAN TECHNOLOGY AND MOBILE LTD,BRISTOL,,Worker (A rating),Skilled Worker,,,https://www.bing.com/search?q=NEXTPLAN+TECHNOLOGY+AND+MOBILE+LTD+official+website,,,,https://www.bing.com/search?q=NEXTPLAN+TECHNOLOGY+AND+MOBILE+LTD+careers
NEXUCLOUD AI LIMITED,Stockport,,Worker (A rating),Skilled Worker,,,https://www.bing.com/search?q=NEXUCLOUD+AI+LIMITED+official+website,,,,https://www.bing.com/search?q=NEXUCLOUD+AI+LIMITED+careers
Nexus Cyber security,London,,Worker (A rating),Skilled Worker,,,https://www.bing.com/search?q=Nexus+Cyber+security+official+website,,,,https://www.bing.com/search?q=Nexus+Cyber+security+careers
NG Network Consultancy Ltd.,London,,Worker (A rating),Skilled Worker,,,https://www.bing.com/search?q=NG+Network+Consultancy+Ltd.+official+website,,,,https://www.bing.com/search?q=NG+Network+Consultancy+Ltd.+careers
NHC Technology Ltd,Denbigh,Denbighshire,Worker (A rating),Skilled Worker,,,https://www.bing.com/search?q=NHC+Technology+Ltd+official+website,,,,https://www.bing.com/search?q=NHC+Technology+Ltd+careers
NI-LUX SOFTWARE LTD,Middlesex,,Worker (A rating),Skilled Worker,,,https://www.bing.com/search?q=NI-LUX+SOFTWARE+LTD+official+website,,,,https://www.bing.com/search?q=NI-LUX+SOFTWARE+LTD+careers
Nibble Technology Limited,London,,Worker (A rating),Skilled Worker,,,https://www.bing.com/search?q=Nibble+Technology+Limited+official+website,,,,https://www.bing.com/search?q=Nibble+Technology+Limited+careers
Nickel Digital Asset Management Limited,London,,Worker (A rating),Skilled Worker,,,https://www.bing.com/search?q=Nickel+Digital+Asset+Management+Limited+official+website,,,,https://www.bing.com/search?q=Nickel+Digital+Asset+Management+Limited+careers
NIE Networks,Belfast,,Worker (A rating),Skilled Worker,,,https://www.bing.com/search?q=NIE+Networks+official+website,,,,https://www.bing.com/search?q=NIE+Networks+careers
Nihon Cyber Defence Ltd,Belfast,,Temporary Worker (A rating),Global Business Mobility: Graduate Trainee,,,https://www.bing.com/search?q=Nihon+Cyber+Defence+Ltd+official+website,,,,https://www.bing.com/search?q=Nihon+Cyber+Defence+Ltd+careers
Nihon Cyber Defence Ltd,Belfast,,Worker (A rating),Global Business Mobility: Senior or Specialist Worker,,,https://www.bing.com/search?q=Nihon+Cyber+Defence+Ltd+official+website,,,,https://www.bing.com/search?q=Nihon+Cyber+Defence+Ltd+careers
Nihon Cyber Defence Ltd,Belfast,,Worker (A rating),Skilled Worker,,,https://www.bing.com/search?q=Nihon+Cyber+Defence+Ltd+official+website,,,,https://www.bing.com/search?q=Nihon+Cyber+Defence+Ltd+careers
Nikao Technology Limited,London,,Worker (A rating),Skilled Worker,,,https://www.bing.com/search?q=Nikao+Technology+Limited+official+website,,,,https://www.bing.com/search?q=Nikao+Technology+Limited+careers
Nimbus Digital & Technology Innovations,Stratford-upon-Avon,Warwickshire,Worker (A rating),Skilled Worker,,,https://www.bing.com/search?q=Nimbus+Digital+%26+Technology+Innovations+official+website,,,,https://www.bing.com/search?q=Nimbus+Digital+%26+Technology+Innovations+careers
Nippon Television Network London Bureau T/A Nippon TV (NNN) London,London,,Worker (A rating),Skilled Worker,,,https://www.bing.com/search?q=Nippon+Television+Network+London+Bureau+T%2FA+Nippon+TV+%28NNN%29+London+official+website,,,,https://www.bing.com/search?q=Nippon+Television+Network+London+Bureau+T%2FA+Nippon+TV+%28NNN%29+London+careers
Nippon Television Network London Bureau T/A Nippon TV (NNN) London,London,,Worker (A rating),Global Business Mobility: Senior or Specialist Worker,,,https://www.bing.com/search?q=Nippon+Television+Network+London+Bureau+T%2FA+Nippon+TV+%28NNN%29+London+official+website,,,,https://www.bing.com/search?q=Nippon+Television+Network+London+Bureau+T%2FA+Nippon+TV+%28NNN%29+London+careers
Nish Infotech Ltd,Orpington,,Worker (A rating),Skilled Worker,,,https://www.bing.com/search?q=Nish+Infotech+Ltd+official+website,,,,https://www.bing.com/search?q=Nish+Infotech+Ltd+careers
Nishkkalaa Technologies Ltd,Reading,,Worker (A rating),Skilled Worker,,,https://www.bing.com/search?q=Nishkkalaa+Technologies+Ltd+official+website,,,,https://www.bing.com/search?q=Nishkkalaa+Technologies+Ltd+careers
NITHREE TECHNOLOGY LIMITED,Reading,,Worker (A rating),Skilled Worker,,,https://www.bing.com/search?q=NITHREE+TECHNOLOGY+LIMITED+official+website,,,,https://www.bing.com/search?q=NITHREE+TECHNOLOGY+LIMITED+careers
Nityo Infotech Ltd,Reading,Berkshire,Worker (A rating),Global Business Mobility: Senior or Specialist Worker,,,https://www.bing.com/search?q=Nityo+Infotech+Ltd+official+website,,,,https://www.bing.com/search?q=Nityo+Infotech+Ltd+careers
Nityo Infotech Ltd,Reading,Berkshire,Worker (A rating),Skilled Worker,,,https://www.bing.com/search?q=Nityo+Infotech+Ltd+official+website,,,,https://www.bing.com/search?q=Nityo+Infotech+Ltd+careers
NIX TECHNOLOGY UK LTD,Birmingham,West Midlands,Worker (A rating),Skilled Worker,,,https://www.bing.com/search?q=NIX+TECHNOLOGY+UK+LTD+official+website,,,,https://www.bing.com/search?q=NIX+TECHNOLOGY+UK+LTD+careers
Niya Network LTD,London,London,Worker (A rating),Skilled Worker,,,https://www.bing.com/search?q=Niya+Network+LTD+official+website,,,,https://www.bing.com/search?q=Niya+Network+LTD+careers
Niyanth Media & Technology Limited,Southall,,Worker (A rating),Skilled Worker,,,https://www.bing.com/search?q=Niyanth+Media+%26+Technology+Limited+official+website,,,,https://www.bing.com/search?q=Niyanth+Media+%26+Technology+Limited+careers
NJ DIGITAL SOLUTIONS LTD,Ilford,,Worker (A rating),Skilled Worker,,,https://www.bing.com/search?q=NJ+DIGITAL+SOLUTIONS+LTD+official+website,,,,https://www.bing.com/search?q=NJ+DIGITAL+SOLUTIONS+LTD+careers
NK Computer Services Limited,London,,Worker (A rating),Skilled Worker,,,https://www.bing.com/search?q=NK+Computer+Services+Limited+official+website,,,,https://www.bing.com/search?q=NK+Computer+Services+Limited+careers
NL Technologies Limited,Isleworth,,Worker (A rating),Skilled Worker,,,https://www.bing.com/search?q=NL+Technologies+Limited+official+website,,,,https://www.bing.com/search?q=NL+Technologies+Limited+careers
nlyte Software Limited,London,,Worker (A rating),Global Business Mobility: Senior or Specialist Worker,,,https://www.bing.com/search?q=nlyte+Software+Limited+official+website,,,,https://www.bing.com/search?q=nlyte+Software+Limited+careers
nlyte Software Limited,London,,Worker (A rating),Skilled Worker,,,https://www.bing.com/search?q=nlyte+Software+Limited+official+website,,,,https://www.bing.com/search?q=nlyte+Software+Limited+careers
NM Software Solutions Ltd,Newcastle Upon Tyne,,Worker (A rating),Skilled Worker,,,https://www.bing.com/search?q=NM+Software+Solutions+Ltd+official+website,,,,https://www.bing.com/search?q=NM+Software+Solutions+Ltd+careers
Noddington Technologies Limited,London,,Worker (A rating),Skilled Worker,,,https://www.bing.com/search?q=Noddington+Technologies+Limited+official+website,,,,https://www.bing.com/search?q=Noddington+Technologies+Limited+careers
Nodes Technologies Limited,Reading,,Worker (A rating),Global Business Mobility: Senior or Specialist Worker,,,https://www.bing.com/search?q=Nodes+Technologies+Limited+official+website,,,,https://www.bing.com/search?q=Nodes+Technologies+Limited+careers
Nodes Technologies Limited,Reading,,Worker (A rating),Skilled Worker,,,https://www.bing.com/search?q=Nodes+Technologies+Limited+official+website,,,,https://www.bing.com/search?q=Nodes+Technologies+Limited+careers
NodeWeave Technologies Limited,Faversham,Kent,Worker (A rating),Skilled Worker,,,https://www.bing.com/search?q=NodeWeave+Technologies+Limited+official+website,,,,https://www.bing.com/search?q=NodeWeave+Technologies+Limited+careers
Nomad Digital Limited,Derby,Derbyshire,Worker (A rating),Global Business Mobility: Senior or Specialist Worker,,,https://www.bing.com/search?q=Nomad+Digital+Limited+official+website,,,,https://www.bing.com/search?q=Nomad+Digital+Limited+careers
Nomad Digital Limited,Derby,Derbyshire,Worker (A rating),Skilled Worker,,,https://www.bing.com/search?q=Nomad+Digital+Limited+official+website,,,,https://www.bing.com/search?q=Nomad+Digital+Limited+careers
NONIUS HOSPITALITY TECHNOLOGY UK LTD,London,LONDON,Worker (A rating),Skilled Worker,,,https://www.bing.com/search?q=NONIUS+HOSPITALITY+TECHNOLOGY+UK+LTD+official+website,,,,https://www.bing.com/search?q=NONIUS+HOSPITALITY+TECHNOLOGY+UK+LTD+careers
Nono Network Ltd.,London,,Worker (A rating),Skilled Worker,,,https://www.bing.com/search?q=Nono+Network+Ltd.+official+website,,,,https://www.bing.com/search?q=Nono+Network+Ltd.+careers
NONVIA TECHNOLOGY LIMITED,York,,Worker (A rating),Skilled Worker,,,https://www.bing.com/search?q=NONVIA+TECHNOLOGY+LIMITED+official+website,,,,https://www.bing.com/search?q=NONVIA+TECHNOLOGY+LIMITED+careers
NORTH EAST BRAND IQ TECHNOLOGIES LTD,Sunderland,,Worker (A rating),Skilled Worker,,,https://www.bing.com/search?q=NORTH+EAST+BRAND+IQ+TECHNOLOGIES+LTD+official+website,,,,https://www.bing.com/search?q=NORTH+EAST+BRAND+IQ+TECHNOLOGIES+LTD+careers
North Wind Digital Limited,East Cowes,Isle of Wright,Worker (A rating),Skilled Worker,,,https://www.bing.com/search?q=North+Wind+Digital+Limited+official+website,,,,https://www.bing.com/search?q=North+Wind+Digital+Limited+careers
Northern Data Services (UK) Limited,London,,Worker (A rating),Skilled Worker,,,https://www.bing.com/search?q=Northern+Data+Services+%28UK%29+Limited+official+website,,,,https://www.bing.com/search?q=Northern+Data+Services+%28UK%29+Limited+careers
Northern Gas Networks Ltd,Leeds,West Yorkshire,Worker (A rating),Skilled Worker,,,https://www.bing.com/search?q=Northern+Gas+Networks+Ltd+official+website,,,,https://www.bing.com/search?q=Northern+Gas+Networks+Ltd+careers
Northern Gas Networks Ltd,Leeds,West Yorkshire,Worker (A rating),Global Business Mobility: Senior or Specialist Worker,,,https://www.bing.com/search?q=Northern+Gas+Networks+Ltd+official+website,,,,https://www.bing.com/search?q=Northern+Gas+Networks+Ltd+careers
Northfleet Technology College,Northfleet,Kent,Worker (A rating),Skilled Worker,,,https://www.bing.com/search?q=Northfleet+Technology+College+official+website,,,,https://www.bing.com/search?q=Northfleet+Technology+College+careers
Northslope Technologies Limited,Bristol,,Worker (A rating),Global Business Mobility: Senior or Specialist Worker,,,https://www.bing.com/search?q=Northslope+Technologies+Limited+official+website,,,,https://www.bing.com/search?q=Northslope+Technologies+Limited+careers
Northslope Technologies Limited,Bristol,,Worker (A rating),Skilled Worker,,,https://www.bing.com/search?q=Northslope+Technologies+Limited+official+website,,,,https://www.bing.com/search?q=Northslope+Technologies+Limited+careers
NOTHING TECHNOLOGY LIMITED,London,,Worker (A rating),Skilled Worker,,,https://www.bing.com/search?q=NOTHING+TECHNOLOGY+LIMITED+official+website,,,,https://www.bing.com/search?q=NOTHING+TECHNOLOGY+LIMITED+careers
Nova Pangaea Technologies (UK) Limited,Redcar,,Worker (A rating),Skilled Worker,,,https://www.bing.com/search?q=Nova+Pangaea+Technologies+%28UK%29+Limited+official+website,,,,https://www.bing.com/search?q=Nova+Pangaea+Technologies+%28UK%29+Limited+careers
NOVANTA TECHNOLOGIES UK LIMITED,Stockport,,Worker (A rating),Global Business Mobility: Senior or Specialist Worker,,,https://www.bing.com/search?q=NOVANTA+TECHNOLOGIES+UK+LIMITED+official+website,,,,https://www.bing.com/search?q=NOVANTA+TECHNOLOGIES+UK+LIMITED+careers
NOVANTA TECHNOLOGIES UK LIMITED,Stockport,,Worker (A rating),Skilled Worker,,,https://www.bing.com/search?q=NOVANTA+TECHNOLOGIES+UK+LIMITED+official+website,,,,https://www.bing.com/search?q=NOVANTA+TECHNOLOGIES+UK+LIMITED+careers
Novas High Technology Ltd,Aylesford,Kent,Worker (A rating),Skilled Worker,,,https://www.bing.com/search?q=Novas+High+Technology+Ltd+official+website,,,,https://www.bing.com/search?q=Novas+High+Technology+Ltd+careers
Novastar Infotech Limited,Milton Keynes,,Worker (A rating),Skilled Worker,,,https://www.bing.com/search?q=Novastar+Infotech+Limited+official+website,,,,https://www.bing.com/search?q=Novastar+Infotech+Limited+careers
Novee AI Limited,London,,Worker (A rating),Skilled Worker,,,https://www.bing.com/search?q=Novee+AI+Limited+official+website,,,,https://www.bing.com/search?q=Novee+AI+Limited+careers
Novi Digital Limited,Lancaster,Lancashire,Worker (A rating),Skilled Worker,,,https://www.bing.com/search?q=Novi+Digital+Limited+official+website,,,,https://www.bing.com/search?q=Novi+Digital+Limited+careers
Novira Technologies Limited,Newport,,Worker (A rating),Skilled Worker,,,https://www.bing.com/search?q=Novira+Technologies+Limited+official+website,,,,https://www.bing.com/search?q=Novira+Technologies+Limited+careers
Novo Technologies Ltd,Cheltenham,"Gloucestershire,",Worker (A rating),Skilled Worker,,,https://www.bing.com/search?q=Novo+Technologies+Ltd+official+website,,,,https://www.bing.com/search?q=Novo+Technologies+Ltd+careers
NOVOTECH DIGITAL LTD,London,,Worker (A rating),Skilled Worker,,,https://www.bing.com/search?q=NOVOTECH+DIGITAL+LTD+official+website,,,,https://www.bing.com/search?q=NOVOTECH+DIGITAL+LTD+careers
Novyy Technologies Limited,Preston,,Worker (A rating),Skilled Worker,,,https://www.bing.com/search?q=Novyy+Technologies+Limited+official+website,,,,https://www.bing.com/search?q=Novyy+Technologies+Limited+careers
NRX Digital Limited,Essex,,Worker (A rating),Skilled Worker,,,https://www.bing.com/search?q=NRX+Digital+Limited+official+website,,,,https://www.bing.com/search?q=NRX+Digital+Limited+careers
"Ntropy Network, Inc",London,,Worker (A rating),Skilled Worker,,,https://www.bing.com/search?q=Ntropy+Network%2C+Inc+official+website,,,,https://www.bing.com/search?q=Ntropy+Network%2C+Inc+careers
NTT Cloud Communications UK Ltd,London,,Worker (A rating),Skilled Worker,,,https://www.bing.com/search?q=NTT+Cloud+Communications+UK+Ltd+official+website,,,,https://www.bing.com/search?q=NTT+Cloud+Communications+UK+Ltd+careers
NTT Cloud Communications UK Ltd,London,,Worker (A rating),Global Business Mobility: Senior or Specialist Worker,,,https://www.bing.com/search?q=NTT+Cloud+Communications+UK+Ltd+official+website,,,,https://www.bing.com/search?q=NTT+Cloud+Communications+UK+Ltd+careers
NTT Data Business Solutions Limited,London,,Worker (A rating),Global Business Mobility: Senior or Specialist Worker,,,https://www.bing.com/search?q=NTT+Data+Business+Solutions+Limited+official+website,,,,https://www.bing.com/search?q=NTT+Data+Business+Solutions+Limited+careers
NTT Data Business Solutions Limited,London,,Worker (A rating),Skilled Worker,,,https://www.bing.com/search?q=NTT+Data+Business+Solutions+Limited+official+website,,,,https://www.bing.com/search?q=NTT+Data+Business+Solutions+Limited+careers
NTT DATA Services UK Limited,London,,Worker (A rating),Skilled Worker,,,https://www.bing.com/search?q=NTT+DATA+Services+UK+Limited+official+website,,,,https://www.bing.com/search?q=NTT+DATA+Services+UK+Limited+careers
NTT DATA Services UK Limited,London,,Worker (A rating),Global Business Mobility: Senior or Specialist Worker,,,https://www.bing.com/search?q=NTT+DATA+Services+UK+Limited+official+website,,,,https://www.bing.com/search?q=NTT+DATA+Services+UK+Limited+careers
NTT DATA UK LIMITED,London,,Worker (A rating),Global Business Mobility: Senior or Specialist Worker,,,https://www.bing.com/search?q=NTT+DATA+UK+LIMITED+official+website,,,,https://www.bing.com/search?q=NTT+DATA+UK+LIMITED+careers
NTT DATA UK LIMITED,London,,Worker (A rating),Skilled Worker,,,https://www.bing.com/search?q=NTT+DATA+UK+LIMITED+official+website,,,,https://www.bing.com/search?q=NTT+DATA+UK+LIMITED+careers
NTT Global Data Centers EMEA UK Ltd,Hemel Hempstead,Hertfordshire,Worker (A rating),Global Business Mobility: Senior or Specialist Worker,,,https://www.bing.com/search?q=NTT+Global+Data+Centers+EMEA+UK+Ltd+official+website,,,,https://www.bing.com/search?q=NTT+Global+Data+Centers+EMEA+UK+Ltd+careers
NTT Global Data Centers EMEA UK Ltd,Hemel Hempstead,Hertfordshire,Worker (A rating),Skilled Worker,,,https://www.bing.com/search?q=NTT+Global+Data+Centers+EMEA+UK+Ltd+official+website,,,,https://www.bing.com/search?q=NTT+Global+Data+Centers+EMEA+UK+Ltd+careers
nTtau Digital Ltd,Oxford,,Worker (A rating),Skilled Worker,,,https://www.bing.com/search?q=nTtau+Digital+Ltd+official+website,,,,https://www.bing.com/search?q=nTtau+Digital+Ltd+careers
Nuffield Technologies Ltd,Poole,Dorset,Worker (A rating),Skilled Worker,,,https://www.bing.com/search?q=Nuffield+Technologies+Ltd+official+website,,,,https://www.bing.com/search?q=Nuffield+Technologies+Ltd+careers
Nugi Technologies UK Ltd,Ealing,,Worker (A rating),Skilled Worker,,,https://www.bing.com/search?q=Nugi+Technologies+UK+Ltd+official+website,,,,https://www.bing.com/search?q=Nugi+Technologies+UK+Ltd+careers
NUMBER SEVEN FOOD TECHNOLOGY LIMITED,London,United Kingdom,Worker (A rating),Skilled Worker,,,https://www.bing.com/search?q=NUMBER+SEVEN+FOOD+TECHNOLOGY+LIMITED+official+website,,,,https://www.bing.com/search?q=NUMBER+SEVEN+FOOD+TECHNOLOGY+LIMITED+careers
NumberEight Technologies Ltd,Norfolk,,Worker (A rating),Skilled Worker,,,https://www.bing.com/search?q=NumberEight+Technologies+Ltd+official+website,,,,https://www.bing.com/search?q=NumberEight+Technologies+Ltd+careers
Numerix Software LTD,London,,Worker (A rating),Skilled Worker,,,https://www.bing.com/search?q=Numerix+Software+LTD+official+website,,,,https://www.bing.com/search?q=Numerix+Software+LTD+careers
Nuprint Technologies Ltd,Londonderry,Londonderry,Worker (A rating),Skilled Worker,,,https://www.bing.com/search?q=Nuprint+Technologies+Ltd+official+website,,,,https://www.bing.com/search?q=Nuprint+Technologies+Ltd+careers
Nwave Technologies Ltd,London,,Worker (A rating),Skilled Worker,,,https://www.bing.com/search?q=Nwave+Technologies+Ltd+official+website,,,,https://www.bing.com/search?q=Nwave+Technologies+Ltd+careers
NXT Infotech Limited,Dartford,,Worker (A rating),Skilled Worker,,,https://www.bing.com/search?q=NXT+Infotech+Limited+official+website,,,,https://www.bing.com/search?q=NXT+Infotech+Limited+careers
NY TECH DIGITAL LTD,London,,Worker (A rating),Skilled Worker,,,https://www.bing.com/search?q=NY+TECH+DIGITAL+LTD+official+website,,,,https://www.bing.com/search?q=NY+TECH+DIGITAL+LTD+careers
Nyas Technology Limited,London,,Worker (A rating),Global Business Mobility: Senior or Specialist Worker,,,https://www.bing.com/search?q=Nyas+Technology+Limited+official+website,,,,https://www.bing.com/search?q=Nyas+Technology+Limited+careers
Nyas Technology Limited,London,,Worker (A rating),Skilled Worker,,,https://www.bing.com/search?q=Nyas+Technology+Limited+official+website,,,,https://www.bing.com/search?q=Nyas+Technology+Limited+careers
Oak Smart Technology Limited,Leicester,,Worker (A rating),Skilled Worker,,,https://www.bing.com/search?q=Oak+Smart+Technology+Limited+official+website,,,,https://www.bing.com/search?q=Oak+Smart+Technology+Limited+careers
Obelisk Networks (UK) Ltd,Fareham,,Worker (A rating),Skilled Worker,,,https://www.bing.com/search?q=Obelisk+Networks+%28UK%29+Ltd+official+website,,,,https://www.bing.com/search?q=Obelisk+Networks+%28UK%29+Ltd+careers
Ocean Blue Software Limited,Bristol,Bristol,Worker (A rating),Skilled Worker,,,https://www.bing.com/search?q=Ocean+Blue+Software+Limited+official+website,,,,https://www.bing.com/search?q=Ocean+Blue+Software+Limited+careers
Ocean Network Express (Europe) Limited,London,,Worker (A rating),Global Business Mobility: Senior or Specialist Worker,,,https://www.bing.com/search?q=Ocean+Network+Express+%28Europe%29+Limited+official+website,,,,https://www.bing.com/search?q=Ocean+Network+Express+%28Europe%29+Limited+careers
Ocean Network Express (Europe) Limited,London,,Worker (A rating),Skilled Worker,,,https://www.bing.com/search?q=Ocean+Network+Express+%28Europe%29+Limited+official+website,,,,https://www.bing.com/search?q=Ocean+Network+Express+%28Europe%29+Limited+careers
Oceanic Technologies Limited,Watford,Hertfordshire,Worker (A rating),Skilled Worker,,,https://www.bing.com/search?q=Oceanic+Technologies+Limited+official+website,,,,https://www.bing.com/search?q=Oceanic+Technologies+Limited+careers
Ocula Technologies Limited,Barnes,London,Worker (A rating),Skilled Worker,,,https://www.bing.com/search?q=Ocula+Technologies+Limited+official+website,,,,https://www.bing.com/search?q=Ocula+Technologies+Limited+careers
Oculo Technologies Ltd,London,,Worker (A rating),Skilled Worker,,,https://www.bing.com/search?q=Oculo+Technologies+Ltd+official+website,,,,https://www.bing.com/search?q=Oculo+Technologies+Ltd+careers
Odfjell Technology (UK) Ltd,Aberdeen,Scotland,Worker (A rating),Global Business Mobility: Senior or Specialist Worker,,,https://www.bing.com/search?q=Odfjell+Technology+%28UK%29+Ltd+official+website,,,,https://www.bing.com/search?q=Odfjell+Technology+%28UK%29+Ltd+careers
Odfjell Technology (UK) Ltd,Aberdeen,Scotland,Worker (A rating),Skilled Worker,,,https://www.bing.com/search?q=Odfjell+Technology+%28UK%29+Ltd+official+website,,,,https://www.bing.com/search?q=Odfjell+Technology+%28UK%29+Ltd+careers
Odfjell Technology Ltd,Aberdeen,Scotland,Worker (A rating),Global Business Mobility: Senior or Specialist Worker,,,https://www.bing.com/search?q=Odfjell+Technology+Ltd+official+website,,,,https://www.bing.com/search?q=Odfjell+Technology+Ltd+careers
Odfjell Technology Ltd,Aberdeen,Scotland,Worker (A rating),Skilled Worker,,,https://www.bing.com/search?q=Odfjell+Technology+Ltd+official+website,,,,https://www.bing.com/search?q=Odfjell+Technology+Ltd+careers
Odqa Renewable Energy Technologies Limited,Oxford,Oxfordshire,Worker (A rating),Skilled Worker,,,https://www.bing.com/search?q=Odqa+Renewable+Energy+Technologies+Limited+official+website,,,,https://www.bing.com/search?q=Odqa+Renewable+Energy+Technologies+Limited+careers
Odyssey Computing Limited,London,,Worker (A rating),Global Business Mobility: Senior or Specialist Worker,,,https://www.bing.com/search?q=Odyssey+Computing+Limited+official+website,,,,https://www.bing.com/search?q=Odyssey+Computing+Limited+careers
Odyssey Computing Limited,London,,Worker (A rating),Skilled Worker,,,https://www.bing.com/search?q=Odyssey+Computing+Limited+official+website,,,,https://www.bing.com/search?q=Odyssey+Computing+Limited+careers
OE TECHNOLOGY LTD,Cambridge,,Worker (A rating),Skilled Worker,,,https://www.bing.com/search?q=OE+TECHNOLOGY+LTD+official+website,,,,https://www.bing.com/search?q=OE+TECHNOLOGY+LTD+careers
OEE Container Technology Limited,Carlisle,Cumbria,Worker (A rating),Skilled Worker,,,https://www.bing.com/search?q=OEE+Container+Technology+Limited+official+website,,,,https://www.bing.com/search?q=OEE+Container+Technology+Limited+careers
Olive Technologies Ltd,Reading,,Worker (A rating),Skilled Worker,,,https://www.bing.com/search?q=Olive+Technologies+Ltd+official+website,,,,https://www.bing.com/search?q=Olive+Technologies+Ltd+careers
Olix Computing Limited,London,,Worker (A rating),Skilled Worker,,,https://www.bing.com/search?q=Olix+Computing+Limited+official+website,,,,https://www.bing.com/search?q=Olix+Computing+Limited+careers
Omim Technology Limited t/a Mimo,London,,Worker (A rating),Global Business Mobility: Senior or Specialist Worker,,,https://www.bing.com/search?q=Omim+Technology+Limited+t%2Fa+Mimo+official+website,,,,https://www.bing.com/search?q=Omim+Technology+Limited+t%2Fa+Mimo+careers
Omim Technology Limited t/a Mimo,London,,Worker (A rating),Skilled Worker,,,https://www.bing.com/search?q=Omim+Technology+Limited+t%2Fa+Mimo+official+website,,,,https://www.bing.com/search?q=Omim+Technology+Limited+t%2Fa+Mimo+careers
Omnia Smart technologies Ltd,Fleet,,Worker (A rating),Skilled Worker,,,https://www.bing.com/search?q=Omnia+Smart+technologies+Ltd+official+website,,,,https://www.bing.com/search?q=Omnia+Smart+technologies+Ltd+careers
ONEAFRICA TECHNOLOGIES LTD,MANCHESTER,,Worker (A rating),Global Business Mobility: Senior or Specialist Worker,,,https://www.bing.com/search?q=ONEAFRICA+TECHNOLOGIES+LTD+official+website,,,,https://www.bing.com/search?q=ONEAFRICA+TECHNOLOGIES+LTD+careers
ONEAFRICA TECHNOLOGIES LTD,MANCHESTER,,Worker (A rating),Skilled Worker,,,https://www.bing.com/search?q=ONEAFRICA+TECHNOLOGIES+LTD+official+website,,,,https://www.bing.com/search?q=ONEAFRICA+TECHNOLOGIES+LTD+careers
ONEAPPS ENTERPRISE TECHNOLOGIES LTD,Sutton,,Worker (A rating),Skilled Worker,,,https://www.bing.com/search?q=ONEAPPS+ENTERPRISE+TECHNOLOGIES+LTD+official+website,,,,https://www.bing.com/search?q=ONEAPPS+ENTERPRISE+TECHNOLOGIES+LTD+careers
Oneio Cloud UK Limited,London,,Worker (A rating),Global Business Mobility: UK Expansion Worker,,,https://www.bing.com/search?q=Oneio+Cloud+UK+Limited+official+website,,,,https://www.bing.com/search?q=Oneio+Cloud+UK+Limited+careers
Oneshot.ai Limited,Gerrards Cross,Buckinghamshire,Worker (A rating),Skilled Worker,https://oneshot.ai,derived_from_company_name_domain,https://www.bing.com/search?q=Oneshot.ai+Limited+official+website,,https://oneshot.ai,https://oneshot.ai/careers,https://www.bing.com/search?q=Oneshot.ai+Limited+careers
OneStock Software Ltd,London,,Worker (A rating),Global Business Mobility: Senior or Specialist Worker,,,https://www.bing.com/search?q=OneStock+Software+Ltd+official+website,,,,https://www.bing.com/search?q=OneStock+Software+Ltd+careers
OneStock Software Ltd,London,,Worker (A rating),Skilled Worker,,,https://www.bing.com/search?q=OneStock+Software+Ltd+official+website,,,,https://www.bing.com/search?q=OneStock+Software+Ltd+careers
OneTrust Technology Limited,London,,Worker (A rating),Skilled Worker,,,https://www.bing.com/search?q=OneTrust+Technology+Limited+official+website,,,,https://www.bing.com/search?q=OneTrust+Technology+Limited+careers
OneTrust Technology Limited,London,,Worker (A rating),Global Business Mobility: Senior or Specialist Worker,,,https://www.bing.com/search?q=OneTrust+Technology+Limited+official+website,,,,https://www.bing.com/search?q=OneTrust+Technology+Limited+careers
Onevoice Digital Limited,Manchester,,Worker (A rating),Skilled Worker,,,https://www.bing.com/search?q=Onevoice+Digital+Limited+official+website,,,,https://www.bing.com/search?q=Onevoice+Digital+Limited+careers
ONSECURITY TECHNOLOGY LIMITED,Bristol,,Worker (A rating),Skilled Worker,,,https://www.bing.com/search?q=ONSECURITY+TECHNOLOGY+LIMITED+official+website,,,,https://www.bing.com/search?q=ONSECURITY+TECHNOLOGY+LIMITED+careers
Ontik Technologies Limited,London,,Worker (A rating),Skilled Worker,,,https://www.bing.com/search?q=Ontik+Technologies+Limited+official+website,,,,https://www.bing.com/search?q=Ontik+Technologies+Limited+careers
ONVU TECHNOLOGIES LIMITED,LONDON,,Worker (A rating),Skilled Worker,,,https://www.bing.com/search?q=ONVU+TECHNOLOGIES+LIMITED+official+website,,,,https://www.bing.com/search?q=ONVU+TECHNOLOGIES+LIMITED+careers
Onvu Technologies Limited,London,,Worker (A rating),Skilled Worker,,,https://www.bing.com/search?q=Onvu+Technologies+Limited+official+website,,,,https://www.bing.com/search?q=Onvu+Technologies+Limited+careers
Onward Technologies Ltd,Birmingham,,Worker (A rating),Global Business Mobility: Senior or Specialist Worker,,,https://www.bing.com/search?q=Onward+Technologies+Ltd+official+website,,,,https://www.bing.com/search?q=Onward+Technologies+Ltd+careers
Onward Technologies Ltd,Birmingham,,Worker (A rating),Skilled Worker,,,https://www.bing.com/search?q=Onward+Technologies+Ltd+official+website,,,,https://www.bing.com/search?q=Onward+Technologies+Ltd+careers
Open Box Software Limited,Rochester,Kent,Worker (A rating),Global Business Mobility: Senior or Specialist Worker,,,https://www.bing.com/search?q=Open+Box+Software+Limited+official+website,,,,https://www.bing.com/search?q=Open+Box+Software+Limited+careers
Open Box Software Limited,Rochester,Kent,Worker (A rating),Skilled Worker,,,https://www.bing.com/search?q=Open+Box+Software+Limited+official+website,,,,https://www.bing.com/search?q=Open+Box+Software+Limited+careers
Open College Network London Region,London,,Worker (A rating),Skilled Worker,,,https://www.bing.com/search?q=Open+College+Network+London+Region+official+website,,,,https://www.bing.com/search?q=Open+College+Network+London+Region+careers
Open Data Services Cooperative Limited,Manchester,,Worker (A rating),Skilled Worker,,,https://www.bing.com/search?q=Open+Data+Services+Cooperative+Limited+official+website,,,,https://www.bing.com/search?q=Open+Data+Services+Cooperative+Limited+careers
Open Education AI CIC,Covent Garden,LONDON,Worker (A rating),Skilled Worker,,,https://www.bing.com/search?q=Open+Education+AI+CIC+official+website,,,,https://www.bing.com/search?q=Open+Education+AI+CIC+careers
Open Network Systems Limited,London,,Worker (A rating),Skilled Worker,,,https://www.bing.com/search?q=Open+Network+Systems+Limited+official+website,,,,https://www.bing.com/search?q=Open+Network+Systems+Limited+careers
Open Technology Services UK Limited,London,,Worker (A rating),Skilled Worker,,,https://www.bing.com/search?q=Open+Technology+Services+UK+Limited+official+website,,,,https://www.bing.com/search?q=Open+Technology+Services+UK+Limited+careers
Open Trade Technology Ltd,Altrincham,Cheshire,Worker (A rating),Skilled Worker,,,https://www.bing.com/search?q=Open+Trade+Technology+Ltd+official+website,,,,https://www.bing.com/search?q=Open+Trade+Technology+Ltd+careers
Opencast Software Europe Limited,Newcastle-Upon-Tyne,Tyne & Wear,Worker (A rating),Skilled Worker,,,https://www.bing.com/search?q=Opencast+Software+Europe+Limited+official+website,,,,https://www.bing.com/search?q=Opencast+Software+Europe+Limited+careers
OpenDialog AI Limited,London,,Worker (A rating),Skilled Worker,,,https://www.bing.com/search?q=OpenDialog+AI+Limited+official+website,,,,https://www.bing.com/search?q=OpenDialog+AI+Limited+careers
OPENSOFT TECHNOLOGIES LIMITED,Worcester Park,,Worker (A rating),Skilled Worker,,,https://www.bing.com/search?q=OPENSOFT+TECHNOLOGIES+LIMITED+official+website,,,,https://www.bing.com/search?q=OPENSOFT+TECHNOLOGIES+LIMITED+careers
Opinr UK Software Limited,London,,Worker (A rating),Skilled Worker,,,https://www.bing.com/search?q=Opinr+UK+Software+Limited+official+website,,,,https://www.bing.com/search?q=Opinr+UK+Software+Limited+careers
Opteran Technologies Ltd,Sheffield,,Worker (A rating),Skilled Worker,,,https://www.bing.com/search?q=Opteran+Technologies+Ltd+official+website,,,,https://www.bing.com/search?q=Opteran+Technologies+Ltd+careers
Optimal Technologies Limited,Letchworth Garden City,,Worker (A rating),Skilled Worker,,,https://www.bing.com/search?q=Optimal+Technologies+Limited+official+website,,,,https://www.bing.com/search?q=Optimal+Technologies+Limited+careers
Options Technology Limited,London,,Worker (A rating),Global Business Mobility: Senior or Specialist Worker,,,https://www.bing.com/search?q=Options+Technology+Limited+official+website,,,,https://www.bing.com/search?q=Options+Technology+Limited+careers
Options Technology Limited,London,,Worker (A rating),Skilled Worker,,,https://www.bing.com/search?q=Options+Technology+Limited+official+website,,,,https://www.bing.com/search?q=Options+Technology+Limited+careers
Optix Software Ltd,York,North Yorkshire,Worker (A rating),Skilled Worker,,,https://www.bing.com/search?q=Optix+Software+Ltd+official+website,,,,https://www.bing.com/search?q=Optix+Software+Ltd+careers
Optometric Technology Group Ltd,London,,Worker (A rating),Skilled Worker,,,https://www.bing.com/search?q=Optometric+Technology+Group+Ltd+official+website,,,,https://www.bing.com/search?q=Optometric+Technology+Group+Ltd+careers
Optrak Distribution Software Limited,Ware,Hertfordshire,Worker (A rating),Skilled Worker,,,https://www.bing.com/search?q=Optrak+Distribution+Software+Limited+official+website,,,,https://www.bing.com/search?q=Optrak+Distribution+Software+Limited+careers
Opus Power Networks Ltd,Limavady,Londonderry,Worker (A rating),Skilled Worker,,,https://www.bing.com/search?q=Opus+Power+Networks+Ltd+official+website,,,,https://www.bing.com/search?q=Opus+Power+Networks+Ltd+careers
Oracle Financial Services Software B.V.,London,,Worker (A rating),Global Business Mobility: Senior or Specialist Worker,,,https://www.bing.com/search?q=Oracle+Financial+Services+Software+B.V.+official+website,,,,https://www.bing.com/search?q=Oracle+Financial+Services+Software+B.V.+careers
Oracle Financial Services Software B.V.,London,,Worker (A rating),Skilled Worker,,,https://www.bing.com/search?q=Oracle+Financial+Services+Software+B.V.+official+website,,,,https://www.bing.com/search?q=Oracle+Financial+Services+Software+B.V.+careers
Orbit Financial Technology Limited,London,,Worker (A rating),Skilled Worker,,,https://www.bing.com/search?q=Orbit+Financial+Technology+Limited+official+website,,,,https://www.bing.com/search?q=Orbit+Financial+Technology+Limited+careers
ORCA Computing LTD,London,London,Worker (A rating),Skilled Worker,,,https://www.bing.com/search?q=ORCA+Computing+LTD+official+website,,,,https://www.bing.com/search?q=ORCA+Computing+LTD+careers
Oriole Networks Ltd,London,,Worker (A rating),Skilled Worker,,,https://www.bing.com/search?q=Oriole+Networks+Ltd+official+website,,,,https://www.bing.com/search?q=Oriole+Networks+Ltd+careers
Orion Technologies Limited,London,,Worker (A rating),Skilled Worker,,,https://www.bing.com/search?q=Orion+Technologies+Limited+official+website,,,,https://www.bing.com/search?q=Orion+Technologies+Limited+careers
Orluna LED Technologies Limited,Dunstable,,Worker (A rating),Skilled Worker,,,https://www.bing.com/search?q=Orluna+LED+Technologies+Limited+official+website,,,,https://www.bing.com/search?q=Orluna+LED+Technologies+Limited+careers
Orpheus Technology Limited,London,,Worker (A rating),Skilled Worker,,,https://www.bing.com/search?q=Orpheus+Technology+Limited+official+website,,,,https://www.bing.com/search?q=Orpheus+Technology+Limited+careers
Ortus Technology Ltd,Sudbury,Suffolk,Worker (A rating),Skilled Worker,,,https://www.bing.com/search?q=Ortus+Technology+Ltd+official+website,,,,https://www.bing.com/search?q=Ortus+Technology+Ltd+careers
OSF DIGITAL UK LTD,London,,Worker (A rating),Skilled Worker,,,https://www.bing.com/search?q=OSF+DIGITAL+UK+LTD+official+website,,,,https://www.bing.com/search?q=OSF+DIGITAL+UK+LTD+careers
Osmosys Software Solutions UK Limited,"London,",,Worker (A rating),Global Business Mobility: Senior or Specialist Worker,,,https://www.bing.com/search?q=Osmosys+Software+Solutions+UK+Limited+official+website,,,,https://www.bing.com/search?q=Osmosys+Software+Solutions+UK+Limited+careers
Osmosys Software Solutions UK Limited,"London,",,Worker (A rating),Skilled Worker,,,https://www.bing.com/search?q=Osmosys+Software+Solutions+UK+Limited+official+website,,,,https://www.bing.com/search?q=Osmosys+Software+Solutions+UK+Limited+careers
OSS Digital Consulting Limited,Feltham,Hounslow,Worker (A rating),Skilled Worker,,,https://www.bing.com/search?q=OSS+Digital+Consulting+Limited+official+website,,,,https://www.bing.com/search?q=OSS+Digital+Consulting+Limited+careers
OTO Technologies Limited,Blackburn,,Worker (A rating),Skilled Worker,,,https://www.bing.com/search?q=OTO+Technologies+Limited+official+website,,,,https://www.bing.com/search?q=OTO+Technologies+Limited+careers
Otta Technology Limited t/a Otta,London,,Worker (A rating),Skilled Worker,,,https://www.bing.com/search?q=Otta+Technology+Limited+t%2Fa+Otta+official+website,,,,https://www.bing.com/search?q=Otta+Technology+Limited+t%2Fa+Otta+careers
Outpost Technologies Ltd,London,,Worker (A rating),Skilled Worker,,,https://www.bing.com/search?q=Outpost+Technologies+Ltd+official+website,,,,https://www.bing.com/search?q=Outpost+Technologies+Ltd+careers
Overthrow Digital Ltd,London,Greater London,Worker (A rating),Skilled Worker,,,https://www.bing.com/search?q=Overthrow+Digital+Ltd+official+website,,,,https://www.bing.com/search?q=Overthrow+Digital+Ltd+careers
Oxford Expression Technologies Ltd,Oxford,Oxfordshire,Worker (A rating),Skilled Worker,,,https://www.bing.com/search?q=Oxford+Expression+Technologies+Ltd+official+website,,,,https://www.bing.com/search?q=Oxford+Expression+Technologies+Ltd+careers
Oxford Gene Technology IP Limited,Kidlington,Oxfordshire,Worker (A rating),Global Business Mobility: Senior or Specialist Worker,,,https://www.bing.com/search?q=Oxford+Gene+Technology+IP+Limited+official+website,,,,https://www.bing.com/search?q=Oxford+Gene+Technology+IP+Limited+careers
Oxford Gene Technology IP Limited,Kidlington,Oxfordshire,Worker (A rating),Skilled Worker,,,https://www.bing.com/search?q=Oxford+Gene+Technology+IP+Limited+official+website,,,,https://www.bing.com/search?q=Oxford+Gene+Technology+IP+Limited+careers
Oxford Nanopore Technologies plc.,Oxford,Oxfordshire,Worker (A rating),Skilled Worker,,,https://www.bing.com/search?q=Oxford+Nanopore+Technologies+plc.+official+website,,,,https://www.bing.com/search?q=Oxford+Nanopore+Technologies+plc.+careers
Oxford Semantic Technologies Limited,Oxford,,Worker (A rating),Skilled Worker,,,https://www.bing.com/search?q=Oxford+Semantic+Technologies+Limited+official+website,,,,https://www.bing.com/search?q=Oxford+Semantic+Technologies+Limited+careers
Oxmit Technologies Limited,Cheadle,,Worker (A rating),Skilled Worker,,,https://www.bing.com/search?q=Oxmit+Technologies+Limited+official+website,,,,https://www.bing.com/search?q=Oxmit+Technologies+Limited+careers
Oxvalue.AI Limited,Oxfordshire,,Worker (A rating),Skilled Worker,https://oxvalue.ai,derived_from_company_name_domain,https://www.bing.com/search?q=Oxvalue.AI+Limited+official+website,,https://oxvalue.ai,https://oxvalue.ai/careers,https://www.bing.com/search?q=Oxvalue.AI+Limited+careers
OYO Technology and Hospitality (UK) Ltd,London,,Worker (A rating),Global Business Mobility: Senior or Specialist Worker,,,https://www.bing.com/search?q=OYO+Technology+and+Hospitality+%28UK%29+Ltd+official+website,,,,https://www.bing.com/search?q=OYO+Technology+and+Hospitality+%28UK%29+Ltd+careers
OYO Technology and Hospitality (UK) Ltd,London,,Worker (A rating),Skilled Worker,,,https://www.bing.com/search?q=OYO+Technology+and+Hospitality+%28UK%29+Ltd+official+website,,,,https://www.bing.com/search?q=OYO+Technology+and+Hospitality+%28UK%29+Ltd+careers
Ozone Financial Technology Limited,London,,Worker (A rating),Skilled Worker,,,https://www.bing.com/search?q=Ozone+Financial+Technology+Limited+official+website,,,,https://www.bing.com/search?q=Ozone+Financial+Technology+Limited+careers
Pacific Green Technologies (UK) Limited,London,,Worker (A rating),Skilled Worker,,,https://www.bing.com/search?q=Pacific+Green+Technologies+%28UK%29+Limited+official+website,,,,https://www.bing.com/search?q=Pacific+Green+Technologies+%28UK%29+Limited+careers
PACKWOOD TECHNOLOGY LTD,Birmingham,,Worker (A rating),Skilled Worker,,,https://www.bing.com/search?q=PACKWOOD+TECHNOLOGY+LTD+official+website,,,,https://www.bing.com/search?q=PACKWOOD+TECHNOLOGY+LTD+careers
PALABRA.AI LTD,London,,Worker (A rating),Skilled Worker,https://palabra.ai,derived_from_company_name_domain,https://www.bing.com/search?q=PALABRA.AI+LTD+official+website,,https://palabra.ai,https://palabra.ai/careers,https://www.bing.com/search?q=PALABRA.AI+LTD+careers
Palantir Technologies UK Limited,London,,Worker (A rating),Global Business Mobility: Senior or Specialist Worker,,,https://www.bing.com/search?q=Palantir+Technologies+UK+Limited+official+website,,,,https://www.bing.com/search?q=Palantir+Technologies+UK+Limited+careers
Palantir Technologies UK Limited,London,,Worker (A rating),Skilled Worker,,,https://www.bing.com/search?q=Palantir+Technologies+UK+Limited+official+website,,,,https://www.bing.com/search?q=Palantir+Technologies+UK+Limited+careers
Palm Technologies Limited,London,,Worker (A rating),Skilled Worker,,,https://www.bing.com/search?q=Palm+Technologies+Limited+official+website,,,,https://www.bing.com/search?q=Palm+Technologies+Limited+careers
Palmer Energy Technology Limited,London,,Worker (A rating),Skilled Worker,,,https://www.bing.com/search?q=Palmer+Energy+Technology+Limited+official+website,,,,https://www.bing.com/search?q=Palmer+Energy+Technology+Limited+careers
Palmtree Networks Limited,Milton Keynes,Buckinghamshire,Worker (A rating),Skilled Worker,,,https://www.bing.com/search?q=Palmtree+Networks+Limited+official+website,,,,https://www.bing.com/search?q=Palmtree+Networks+Limited+careers
PALO ALTO NETWORKS (UK) LIMITED,London,,Worker (A rating),Global Business Mobility: Senior or Specialist Worker,,,https://www.bing.com/search?q=PALO+ALTO+NETWORKS+%28UK%29+LIMITED+official+website,,,,https://www.bing.com/search?q=PALO+ALTO+NETWORKS+%28UK%29+LIMITED+careers
PALO ALTO NETWORKS (UK) LIMITED,London,,Worker (A rating),Skilled Worker,,,https://www.bing.com/search?q=PALO+ALTO+NETWORKS+%28UK%29+LIMITED+official+website,,,,https://www.bing.com/search?q=PALO+ALTO+NETWORKS+%28UK%29+LIMITED+careers
Pangaea Data Ltd,London,,Worker (A rating),Skilled Worker,,,https://www.bing.com/search?q=Pangaea+Data+Ltd+official+website,,,,https://www.bing.com/search?q=Pangaea+Data+Ltd+careers
Pangaea Data Ltd,London,,Worker (A rating),Global Business Mobility: Senior or Specialist Worker,,,https://www.bing.com/search?q=Pangaea+Data+Ltd+official+website,,,,https://www.bing.com/search?q=Pangaea+Data+Ltd+careers
Papaya Technologies Ltd,St. Albans,,Worker (A rating),Skilled Worker,,,https://www.bing.com/search?q=Papaya+Technologies+Ltd+official+website,,,,https://www.bing.com/search?q=Papaya+Technologies+Ltd+careers
Papillon Digital Ltd,London,,Worker (A rating),Skilled Worker,,,https://www.bing.com/search?q=Papillon+Digital+Ltd+official+website,,,,https://www.bing.com/search?q=Papillon+Digital+Ltd+careers
Paradigm Flow Technologies Limited,Aberdeen,,Worker (A rating),Global Business Mobility: Senior or Specialist Worker,,,https://www.bing.com/search?q=Paradigm+Flow+Technologies+Limited+official+website,,,,https://www.bing.com/search?q=Paradigm+Flow+Technologies+Limited+careers
Paradigm Flow Technologies Limited,Aberdeen,,Worker (A rating),Skilled Worker,,,https://www.bing.com/search?q=Paradigm+Flow+Technologies+Limited+official+website,,,,https://www.bing.com/search?q=Paradigm+Flow+Technologies+Limited+careers
Param Info Technology Services Ltd,Brentford,,Worker (A rating),Skilled Worker,,,https://www.bing.com/search?q=Param+Info+Technology+Services+Ltd+official+website,,,,https://www.bing.com/search?q=Param+Info+Technology+Services+Ltd+careers
PARAM TECHNOLOGIES LIMITED,"Ilford,",,Worker (A rating),Skilled Worker,,,https://www.bing.com/search?q=PARAM+TECHNOLOGIES+LIMITED+official+website,,,,https://www.bing.com/search?q=PARAM+TECHNOLOGIES+LIMITED+careers
Parametric Technology (UK) Limited,Bristol,,Worker (A rating),Global Business Mobility: Senior or Specialist Worker,,,https://www.bing.com/search?q=Parametric+Technology+%28UK%29+Limited+official+website,,,,https://www.bing.com/search?q=Parametric+Technology+%28UK%29+Limited+careers
Parametric Technology (UK) Limited,Bristol,,Worker (A rating),Skilled Worker,,,https://www.bing.com/search?q=Parametric+Technology+%28UK%29+Limited+official+website,,,,https://www.bing.com/search?q=Parametric+Technology+%28UK%29+Limited+careers
Parity Technologies Limited,London,,Worker (A rating),Skilled Worker,,,https://www.bing.com/search?q=Parity+Technologies+Limited+official+website,,,,https://www.bing.com/search?q=Parity+Technologies+Limited+careers
Park Place Technologies Limited,London,,Worker (A rating),Skilled Worker,,,https://www.bing.com/search?q=Park+Place+Technologies+Limited+official+website,,,,https://www.bing.com/search?q=Park+Place+Technologies+Limited+careers
Partnership Network Events Ltd,Crawley,West Sussex,Worker (A rating),Skilled Worker,,,https://www.bing.com/search?q=Partnership+Network+Events+Ltd+official+website,,,,https://www.bing.com/search?q=Partnership+Network+Events+Ltd+careers
Passenger Transport Software Limited,London,,Worker (A rating),Skilled Worker,,,https://www.bing.com/search?q=Passenger+Transport+Software+Limited+official+website,,,,https://www.bing.com/search?q=Passenger+Transport+Software+Limited+careers
Passion Digital Ltd,London,,Worker (A rating),Skilled Worker,,,https://www.bing.com/search?q=Passion+Digital+Ltd+official+website,,,,https://www.bing.com/search?q=Passion+Digital+Ltd+careers
PASSION TECHNOLOGIES LTD,Chigwell,England,Worker (A rating),Skilled Worker,,,https://www.bing.com/search?q=PASSION+TECHNOLOGIES+LTD+official+website,,,,https://www.bing.com/search?q=PASSION+TECHNOLOGIES+LTD+careers
PATHFINDER TECHNOLOGY LIMITED,Chesham,,Worker (A rating),Skilled Worker,,,https://www.bing.com/search?q=PATHFINDER+TECHNOLOGY+LIMITED+official+website,,,,https://www.bing.com/search?q=PATHFINDER+TECHNOLOGY+LIMITED+careers
Patika Global Technology Limited,London,,Worker (A rating),Skilled Worker,,,https://www.bing.com/search?q=Patika+Global+Technology+Limited+official+website,,,,https://www.bing.com/search?q=Patika+Global+Technology+Limited+careers
Patina Cloud Services Limited,Stretford,Manchester,Worker (A rating),Skilled Worker,,,https://www.bing.com/search?q=Patina+Cloud+Services+Limited+official+website,,,,https://www.bing.com/search?q=Patina+Cloud+Services+Limited+careers
Patron Network Ltd.,Manchester,Lancashire,Worker (A rating),Skilled Worker,,,https://www.bing.com/search?q=Patron+Network+Ltd.+official+website,,,,https://www.bing.com/search?q=Patron+Network+Ltd.+careers
Paxos Technology Limited,London,Berkshire,Worker (A rating),Global Business Mobility: Senior or Specialist Worker,,,https://www.bing.com/search?q=Paxos+Technology+Limited+official+website,,,,https://www.bing.com/search?q=Paxos+Technology+Limited+careers
Paxos Technology Limited,London,Berkshire,Worker (A rating),Skilled Worker,,,https://www.bing.com/search?q=Paxos+Technology+Limited+official+website,,,,https://www.bing.com/search?q=Paxos+Technology+Limited+careers
Paye Pass Software Solutions Limited,Liverpool,Merseyside,Worker (A rating),Skilled Worker,,,https://www.bing.com/search?q=Paye+Pass+Software+Solutions+Limited+official+website,,,,https://www.bing.com/search?q=Paye+Pass+Software+Solutions+Limited+careers
Paymob Technology Limited,London,Greater London,Worker (A rating),Skilled Worker,,,https://www.bing.com/search?q=Paymob+Technology+Limited+official+website,,,,https://www.bing.com/search?q=Paymob+Technology+Limited+careers
Paysecure Technology Ltd,LONDON,,Worker (A rating),Skilled Worker,,,https://www.bing.com/search?q=Paysecure+Technology+Ltd+official+website,,,,https://www.bing.com/search?q=Paysecure+Technology+Ltd+careers
PC TECHNOLOGY LTD,Birmingham,West Midlands,Worker (A rating),Skilled Worker,,,https://www.bing.com/search?q=PC+TECHNOLOGY+LTD+official+website,,,,https://www.bing.com/search?q=PC+TECHNOLOGY+LTD+careers
Peach Loves Digital Limited,Southampton,,Worker (A rating),Skilled Worker,,,https://www.bing.com/search?q=Peach+Loves+Digital+Limited+official+website,,,,https://www.bing.com/search?q=Peach+Loves+Digital+Limited+careers
Peacock Technology Limited,Stirling,,Worker (A rating),Skilled Worker,,,https://www.bing.com/search?q=Peacock+Technology+Limited+official+website,,,,https://www.bing.com/search?q=Peacock+Technology+Limited+careers
Peak AI Limited,Manchester,,Worker (A rating),Skilled Worker,,,https://www.bing.com/search?q=Peak+AI+Limited+official+website,,,,https://www.bing.com/search?q=Peak+AI+Limited+careers
PEAK CYBER ACADEMY LTD,London,,Worker (A rating),Skilled Worker,,,https://www.bing.com/search?q=PEAK+CYBER+ACADEMY+LTD+official+website,,,,https://www.bing.com/search?q=PEAK+CYBER+ACADEMY+LTD+careers
Peak Digital Ltd,Northampton,Northamptonshire,Worker (A rating),Skilled Worker,,,https://www.bing.com/search?q=Peak+Digital+Ltd+official+website,,,,https://www.bing.com/search?q=Peak+Digital+Ltd+careers
PEARL SMILE DIGITAL DENTAL LAB LTD,"Birmingham,",,Worker (A rating),Skilled Worker,,,https://www.bing.com/search?q=PEARL+SMILE+DIGITAL+DENTAL+LAB+LTD+official+website,,,,https://www.bing.com/search?q=PEARL+SMILE+DIGITAL+DENTAL+LAB+LTD+careers
Penfold Technology Limited,London,,Worker (A rating),Skilled Worker,,,https://www.bing.com/search?q=Penfold+Technology+Limited+official+website,,,,https://www.bing.com/search?q=Penfold+Technology+Limited+careers
PennEngineering Fastening Technologies (Europe) Ltd,Burnley,,Worker (A rating),Global Business Mobility: Senior or Specialist Worker,,,https://www.bing.com/search?q=PennEngineering+Fastening+Technologies+%28Europe%29+Ltd+official+website,,,,https://www.bing.com/search?q=PennEngineering+Fastening+Technologies+%28Europe%29+Ltd+careers
PennEngineering Fastening Technologies (Europe) Ltd,Burnley,,Worker (A rating),Skilled Worker,,,https://www.bing.com/search?q=PennEngineering+Fastening+Technologies+%28Europe%29+Ltd+official+website,,,,https://www.bing.com/search?q=PennEngineering+Fastening+Technologies+%28Europe%29+Ltd+careers
Peregrine Technologies UK Ltd,London,,Worker (A rating),Global Business Mobility: Senior or Specialist Worker,,,https://www.bing.com/search?q=Peregrine+Technologies+UK+Ltd+official+website,,,,https://www.bing.com/search?q=Peregrine+Technologies+UK+Ltd+careers
Peregrine Technologies UK Ltd,London,,Worker (A rating),Skilled Worker,,,https://www.bing.com/search?q=Peregrine+Technologies+UK+Ltd+official+website,,,,https://www.bing.com/search?q=Peregrine+Technologies+UK+Ltd+careers
Perfect Data Solutions Limited,Whiteley,Hampshire,Worker (A rating),Skilled Worker,,,https://www.bing.com/search?q=Perfect+Data+Solutions+Limited+official+website,,,,https://www.bing.com/search?q=Perfect+Data+Solutions+Limited+careers
Perfect Data Solutions Ltd,Whiteley,Hampshire,Worker (A rating),Skilled Worker,,,https://www.bing.com/search?q=Perfect+Data+Solutions+Ltd+official+website,,,,https://www.bing.com/search?q=Perfect+Data+Solutions+Ltd+careers
PERFECT DIGITAL LTD,London,,Worker (A rating),Skilled Worker,,,https://www.bing.com/search?q=PERFECT+DIGITAL+LTD+official+website,,,,https://www.bing.com/search?q=PERFECT+DIGITAL+LTD+careers
Perforce Software UK Ltd,Bracknell,Berkshire,Worker (A rating),Global Business Mobility: Senior or Specialist Worker,,,https://www.bing.com/search?q=Perforce+Software+UK+Ltd+official+website,,,,https://www.bing.com/search?q=Perforce+Software+UK+Ltd+careers
Perforce Software UK Ltd,Bracknell,Berkshire,Worker (A rating),Skilled Worker,,,https://www.bing.com/search?q=Perforce+Software+UK+Ltd+official+website,,,,https://www.bing.com/search?q=Perforce+Software+UK+Ltd+careers
Permutable Technologies Limited,TEDDINGTON,Middlesex,Worker (A rating),Skilled Worker,,,https://www.bing.com/search?q=Permutable+Technologies+Limited+official+website,,,,https://www.bing.com/search?q=Permutable+Technologies+Limited+careers
PERO TECHNOLOGIES LTD,Crook,County Durham,Worker (A rating),Skilled Worker,,,https://www.bing.com/search?q=PERO+TECHNOLOGIES+LTD+official+website,,,,https://www.bing.com/search?q=PERO+TECHNOLOGIES+LTD+careers
Perplexity AI Ltd,London,,Worker (A rating),Global Business Mobility: Senior or Specialist Worker,,,https://www.bing.com/search?q=Perplexity+AI+Ltd+official+website,,,,https://www.bing.com/search?q=Perplexity+AI+Ltd+careers
Perplexity AI Ltd,London,,Worker (A rating),Skilled Worker,,,https://www.bing.com/search?q=Perplexity+AI+Ltd+official+website,,,,https://www.bing.com/search?q=Perplexity+AI+Ltd+careers
PERSE TECHNOLOGY LIMITED,LONDON,,Worker (A rating),Skilled Worker,,,https://www.bing.com/search?q=PERSE+TECHNOLOGY+LIMITED+official+website,,,,https://www.bing.com/search?q=PERSE+TECHNOLOGY+LIMITED+careers
Persistent Technologies LTD,Slough,,Worker (A rating),Skilled Worker,,,https://www.bing.com/search?q=Persistent+Technologies+LTD+official+website,,,,https://www.bing.com/search?q=Persistent+Technologies+LTD+careers
Personal Computer Music Ltd,London,,Temporary Worker (A rating),Creative Worker,,,https://www.bing.com/search?q=Personal+Computer+Music+Ltd+official+website,,,,https://www.bing.com/search?q=Personal+Computer+Music+Ltd+careers
Personal Computer Music Ltd,London,,Worker (A rating),Skilled Worker,,,https://www.bing.com/search?q=Personal+Computer+Music+Ltd+official+website,,,,https://www.bing.com/search?q=Personal+Computer+Music+Ltd+careers
Personal Data Management Limited t/a IE Hub,Cardiff,South Glamorgan,Worker (A rating),Skilled Worker,,,https://www.bing.com/search?q=Personal+Data+Management+Limited+t%2Fa+IE+Hub+official+website,,,,https://www.bing.com/search?q=Personal+Data+Management+Limited+t%2Fa+IE+Hub+careers
Personetics Technologies (UK) Ltd,London,,Worker (A rating),Skilled Worker,,,https://www.bing.com/search?q=Personetics+Technologies+%28UK%29+Ltd+official+website,,,,https://www.bing.com/search?q=Personetics+Technologies+%28UK%29+Ltd+careers
Personetics Technologies (UK) Ltd,London,,Worker (A rating),Global Business Mobility: Senior or Specialist Worker,,,https://www.bing.com/search?q=Personetics+Technologies+%28UK%29+Ltd+official+website,,,,https://www.bing.com/search?q=Personetics+Technologies+%28UK%29+Ltd+careers
Persys Technologies LTD,Stotfold,,Worker (A rating),Skilled Worker,,,https://www.bing.com/search?q=Persys+Technologies+LTD+official+website,,,,https://www.bing.com/search?q=Persys+Technologies+LTD+careers
Petroleum Software Limited,London,,Worker (A rating),Skilled Worker,,,https://www.bing.com/search?q=Petroleum+Software+Limited+official+website,,,,https://www.bing.com/search?q=Petroleum+Software+Limited+careers
PG DIGITAL LTD,Kent,,Worker (A rating),Skilled Worker,,,https://www.bing.com/search?q=PG+DIGITAL+LTD+official+website,,,,https://www.bing.com/search?q=PG+DIGITAL+LTD+careers
PGP (UK) Ltd t/as Data Innovations,Edinburgh,,Worker (A rating),Skilled Worker,,,https://www.bing.com/search?q=PGP+%28UK%29+Ltd+t%2Fas+Data+Innovations+official+website,,,,https://www.bing.com/search?q=PGP+%28UK%29+Ltd+t%2Fas+Data+Innovations+careers
PH Water Technologies,Farnborough,,Worker (A rating),Skilled Worker,,,https://www.bing.com/search?q=PH+Water+Technologies+official+website,,,,https://www.bing.com/search?q=PH+Water+Technologies+careers
Pharmatelligence Limited t/a Human Data Sciences,Cardiff,Cardiff,Worker (A rating),Skilled Worker,,,https://www.bing.com/search?q=Pharmatelligence+Limited+t%2Fa+Human+Data+Sciences+official+website,,,,https://www.bing.com/search?q=Pharmatelligence+Limited+t%2Fa+Human+Data+Sciences+careers
PHARMIX TECHNOLOGIES LIMITED,Manchester,,Worker (A rating),Skilled Worker,,,https://www.bing.com/search?q=PHARMIX+TECHNOLOGIES+LIMITED+official+website,,,,https://www.bing.com/search?q=PHARMIX+TECHNOLOGIES+LIMITED+careers
Phlux Technology Ltd,Sheffield,,Worker (A rating),Skilled Worker,,,https://www.bing.com/search?q=Phlux+Technology+Ltd+official+website,,,,https://www.bing.com/search?q=Phlux+Technology+Ltd+careers
Phoebus Software Ltd,Solihull,West Midlands,Worker (A rating),Skilled Worker,,,https://www.bing.com/search?q=Phoebus+Software+Ltd+official+website,,,,https://www.bing.com/search?q=Phoebus+Software+Ltd+careers
Phoenix Global Media Network Limited,Harrow,Middlesex,Worker (A rating),Skilled Worker,,,https://www.bing.com/search?q=Phoenix+Global+Media+Network+Limited+official+website,,,,https://www.bing.com/search?q=Phoenix+Global+Media+Network+Limited+careers
PHOENIX OPTICAL TECHNOLOGIES LIMITED,St. Asaph,Denbighshire,Worker (A rating),Skilled Worker,,,https://www.bing.com/search?q=PHOENIX+OPTICAL+TECHNOLOGIES+LIMITED+official+website,,,,https://www.bing.com/search?q=PHOENIX+OPTICAL+TECHNOLOGIES+LIMITED+careers
Phoenix Software Limited,York,North Yorkshire,Worker (A rating),Skilled Worker,,,https://www.bing.com/search?q=Phoenix+Software+Limited+official+website,,,,https://www.bing.com/search?q=Phoenix+Software+Limited+careers
PHONE CLOUD PLUS LTD,"Hull, East Riding Of Yorkshire",,Worker (A rating),Skilled Worker,,,https://www.bing.com/search?q=PHONE+CLOUD+PLUS+LTD+official+website,,,,https://www.bing.com/search?q=PHONE+CLOUD+PLUS+LTD+careers
PHONE N COMPUTER ZONE LTD,Oldham,,Worker (A rating),Skilled Worker,,,https://www.bing.com/search?q=PHONE+N+COMPUTER+ZONE+LTD+official+website,,,,https://www.bing.com/search?q=PHONE+N+COMPUTER+ZONE+LTD+careers
PI SQUARE TECHNOLOGIES UK PVT LTD,Slough,,Worker (A rating),Skilled Worker,,,https://www.bing.com/search?q=PI+SQUARE+TECHNOLOGIES+UK+PVT+LTD+official+website,,,,https://www.bing.com/search?q=PI+SQUARE+TECHNOLOGIES+UK+PVT+LTD+careers
PIANO SOFTWARE LTD,London,,Worker (A rating),Skilled Worker,,,https://www.bing.com/search?q=PIANO+SOFTWARE+LTD+official+website,,,,https://www.bing.com/search?q=PIANO+SOFTWARE+LTD+careers
Pico Technology,Eaton Socon,Cambridgeshire,Worker (A rating),Global Business Mobility: Senior or Specialist Worker,,,https://www.bing.com/search?q=Pico+Technology+official+website,,,,https://www.bing.com/search?q=Pico+Technology+careers
Pico Technology,Eaton Socon,Cambridgeshire,Worker (A rating),Skilled Worker,,,https://www.bing.com/search?q=Pico+Technology+official+website,,,,https://www.bing.com/search?q=Pico+Technology+careers
Picocom Technology Limited,Bristol,,Worker (A rating),Skilled Worker,,,https://www.bing.com/search?q=Picocom+Technology+Limited+official+website,,,,https://www.bing.com/search?q=Picocom+Technology+Limited+careers
PICOLAB TECHNOLOGIES LTD,Liverpool,MERSEYSIDE,Worker (A rating),Skilled Worker,,,https://www.bing.com/search?q=PICOLAB+TECHNOLOGIES+LTD+official+website,,,,https://www.bing.com/search?q=PICOLAB+TECHNOLOGIES+LTD+careers
PICS Telecom International Limited,Severnside,Bristol,Worker (A rating),Skilled Worker,,,https://www.bing.com/search?q=PICS+Telecom+International+Limited+official+website,,,,https://www.bing.com/search?q=PICS+Telecom+International+Limited+careers
Picture Perfect Data Ltd,Wetherby,West Yorkshire,Worker (A rating),Skilled Worker,,,https://www.bing.com/search?q=Picture+Perfect+Data+Ltd+official+website,,,,https://www.bing.com/search?q=Picture+Perfect+Data+Ltd+careers
Pilz Automation Technology LP,CORBY,Northamptonshire,Worker (A rating),Global Business Mobility: Senior or Specialist Worker,,,https://www.bing.com/search?q=Pilz+Automation+Technology+LP+official+website,,,,https://www.bing.com/search?q=Pilz+Automation+Technology+LP+careers
Pilz Automation Technology LP,CORBY,Northamptonshire,Worker (A rating),Skilled Worker,,,https://www.bing.com/search?q=Pilz+Automation+Technology+LP+official+website,,,,https://www.bing.com/search?q=Pilz+Automation+Technology+LP+careers
Pimberly Software Development Limited,Manchester,Greater Manchester,Worker (A rating),Skilled Worker,,,https://www.bing.com/search?q=Pimberly+Software+Development+Limited+official+website,,,,https://www.bing.com/search?q=Pimberly+Software+Development+Limited+careers
Pineapple Technology LTD,London,,Worker (A rating),Skilled Worker,,,https://www.bing.com/search?q=Pineapple+Technology+LTD+official+website,,,,https://www.bing.com/search?q=Pineapple+Technology+LTD+careers
Pinewood Technologies Group PLC,"Annesley, Nottingham",,Worker (A rating),Skilled Worker,,,https://www.bing.com/search?q=Pinewood+Technologies+Group+PLC+official+website,,,,https://www.bing.com/search?q=Pinewood+Technologies+Group+PLC+careers
Pinewood Technologies PLC,Birmingham Business Park,,Worker (A rating),Skilled Worker,,,https://www.bing.com/search?q=Pinewood+Technologies+PLC+official+website,,,,https://www.bing.com/search?q=Pinewood+Technologies+PLC+careers
PingPong Digital Ltd.,Birmingham,West Midlands,Worker (A rating),Global Business Mobility: Senior or Specialist Worker,,,https://www.bing.com/search?q=PingPong+Digital+Ltd.+official+website,,,,https://www.bing.com/search?q=PingPong+Digital+Ltd.+careers
PingPong Digital Ltd.,Birmingham,West Midlands,Worker (A rating),Skilled Worker,,,https://www.bing.com/search?q=PingPong+Digital+Ltd.+official+website,,,,https://www.bing.com/search?q=PingPong+Digital+Ltd.+careers
Pinnacle Computing Support Limited,Belfast,Co Down,Worker (A rating),Skilled Worker,,,https://www.bing.com/search?q=Pinnacle+Computing+Support+Limited+official+website,,,,https://www.bing.com/search?q=Pinnacle+Computing+Support+Limited+careers
Pinnacle Infotech Limited,London,,Worker (A rating),Skilled Worker,,,https://www.bing.com/search?q=Pinnacle+Infotech+Limited+official+website,,,,https://www.bing.com/search?q=Pinnacle+Infotech+Limited+careers
PIONEER NETWORK UK LTD,Wolverhampton,,Worker (A rating),Skilled Worker,,,https://www.bing.com/search?q=PIONEER+NETWORK+UK+LTD+official+website,,,,https://www.bing.com/search?q=PIONEER+NETWORK+UK+LTD+careers
Pioneering Data Tech Ltd,Glasgow,,Worker (A rating),Skilled Worker,,,https://www.bing.com/search?q=Pioneering+Data+Tech+Ltd+official+website,,,,https://www.bing.com/search?q=Pioneering+Data+Tech+Ltd+careers
Pipe Technologies UK Ltd,London,,Worker (A rating),Skilled Worker,,,https://www.bing.com/search?q=Pipe+Technologies+UK+Ltd+official+website,,,,https://www.bing.com/search?q=Pipe+Technologies+UK+Ltd+careers
Pipe Technologies UK Ltd,London,,Worker (A rating),Global Business Mobility: Senior or Specialist Worker,,,https://www.bing.com/search?q=Pipe+Technologies+UK+Ltd+official+website,,,,https://www.bing.com/search?q=Pipe+Technologies+UK+Ltd+careers
PIRAI INFOTECH LIMITED,Bracknell,,Worker (A rating),Skilled Worker,,,https://www.bing.com/search?q=PIRAI+INFOTECH+LIMITED+official+website,,,,https://www.bing.com/search?q=PIRAI+INFOTECH+LIMITED+careers
Pixel Infotech Ltd,Gravesend,Kent,Worker (A rating),Skilled Worker,,,https://www.bing.com/search?q=Pixel+Infotech+Ltd+official+website,,,,https://www.bing.com/search?q=Pixel+Infotech+Ltd+careers
Pixelcode Technologies Limited,"Leyton, London",,Worker (A rating),Skilled Worker,,,https://www.bing.com/search?q=Pixelcode+Technologies+Limited+official+website,,,,https://www.bing.com/search?q=Pixelcode+Technologies+Limited+careers
PJN Infotech Limited,Liverpool,Merseyside,Worker (A rating),Skilled Worker,,,https://www.bing.com/search?q=PJN+Infotech+Limited+official+website,,,,https://www.bing.com/search?q=PJN+Infotech+Limited+careers
Plan System Data Limited t/a Meterpoint,Hertford,,Worker (A rating),Skilled Worker,,,https://www.bing.com/search?q=Plan+System+Data+Limited+t%2Fa+Meterpoint+official+website,,,,https://www.bing.com/search?q=Plan+System+Data+Limited+t%2Fa+Meterpoint+careers
PLANET EDUCATION NETWORKS LTD,London,,Worker (A rating),Skilled Worker,,,https://www.bing.com/search?q=PLANET+EDUCATION+NETWORKS+LTD+official+website,,,,https://www.bing.com/search?q=PLANET+EDUCATION+NETWORKS+LTD+careers
Planit Software Limited,Reading,Berkshire,Worker (A rating),Skilled Worker,,,https://www.bing.com/search?q=Planit+Software+Limited+official+website,,,,https://www.bing.com/search?q=Planit+Software+Limited+careers
Planit Software Limited,Reading,Berkshire,Worker (A rating),Global Business Mobility: Senior or Specialist Worker,,,https://www.bing.com/search?q=Planit+Software+Limited+official+website,,,,https://www.bing.com/search?q=Planit+Software+Limited+careers
Planit Software Testing,Reading,,Worker (A rating),Global Business Mobility: Senior or Specialist Worker,,,https://www.bing.com/search?q=Planit+Software+Testing+official+website,,,,https://www.bing.com/search?q=Planit+Software+Testing+careers
Planit Software Testing,Reading,,Worker (A rating),Skilled Worker,,,https://www.bing.com/search?q=Planit+Software+Testing+official+website,,,,https://www.bing.com/search?q=Planit+Software+Testing+careers
PLANLAB.AI LIMITED,LONDON,,Worker (A rating),Skilled Worker,https://planlab.ai,derived_from_company_name_domain,https://www.bing.com/search?q=PLANLAB.AI+LIMITED+official+website,,https://planlab.ai,https://planlab.ai/careers,https://www.bing.com/search?q=PLANLAB.AI+LIMITED+careers
Planlogic Software Limited,London,,Worker (A rating),Skilled Worker,,,https://www.bing.com/search?q=Planlogic+Software+Limited+official+website,,,,https://www.bing.com/search?q=Planlogic+Software+Limited+careers
Platypus Digital,London,London,Worker (A rating),Skilled Worker,,,https://www.bing.com/search?q=Platypus+Digital+official+website,,,,https://www.bing.com/search?q=Platypus+Digital+careers
Playtech Software Limited,London,,Worker (A rating),Skilled Worker,,,https://www.bing.com/search?q=Playtech+Software+Limited+official+website,,,,https://www.bing.com/search?q=Playtech+Software+Limited+careers
Pleo Technologies Limited,London,,Worker (A rating),Skilled Worker,,,https://www.bing.com/search?q=Pleo+Technologies+Limited+official+website,,,,https://www.bing.com/search?q=Pleo+Technologies+Limited+careers
Pleo Technologies Ltd,Farringdon,,Worker (A rating),Skilled Worker,,,https://www.bing.com/search?q=Pleo+Technologies+Ltd+official+website,,,,https://www.bing.com/search?q=Pleo+Technologies+Ltd+careers
Pleo Technologies Ltd,Farringdon,,Worker (A rating),Global Business Mobility: Senior or Specialist Worker,,,https://www.bing.com/search?q=Pleo+Technologies+Ltd+official+website,,,,https://www.bing.com/search?q=Pleo+Technologies+Ltd+careers
Pluto Data Analytics Limited,Brighton,,Worker (A rating),Skilled Worker,,,https://www.bing.com/search?q=Pluto+Data+Analytics+Limited+official+website,,,,https://www.bing.com/search?q=Pluto+Data+Analytics+Limited+careers
PMB Battery Technologies UK Ltd,Blaenau,Gwent,Worker (A rating),Skilled Worker,,,https://www.bing.com/search?q=PMB+Battery+Technologies+UK+Ltd+official+website,,,,https://www.bing.com/search?q=PMB+Battery+Technologies+UK+Ltd+careers
PMB Battery Technologies UK Ltd,Blaenau,Gwent,Worker (A rating),Global Business Mobility: Senior or Specialist Worker,,,https://www.bing.com/search?q=PMB+Battery+Technologies+UK+Ltd+official+website,,,,https://www.bing.com/search?q=PMB+Battery+Technologies+UK+Ltd+careers
PMY TECHNOLOGIES (UK) LIMITED,London,,Worker (A rating),Skilled Worker,,,https://www.bing.com/search?q=PMY+TECHNOLOGIES+%28UK%29+LIMITED+official+website,,,,https://www.bing.com/search?q=PMY+TECHNOLOGIES+%28UK%29+LIMITED+careers
Pod Digital Marketing Two Limited,Lutterworth,,Worker (A rating),Skilled Worker,,,https://www.bing.com/search?q=Pod+Digital+Marketing+Two+Limited+official+website,,,,https://www.bing.com/search?q=Pod+Digital+Marketing+Two+Limited+careers
Polar Technology Management Group Limited,"Witney, Eynsham",Oxfordshire,Worker (A rating),Skilled Worker,,,https://www.bing.com/search?q=Polar+Technology+Management+Group+Limited+official+website,,,,https://www.bing.com/search?q=Polar+Technology+Management+Group+Limited+careers
Polaris Software Solutions Limited,Banbury,,Worker (A rating),Skilled Worker,,,https://www.bing.com/search?q=Polaris+Software+Solutions+Limited+official+website,,,,https://www.bing.com/search?q=Polaris+Software+Solutions+Limited+careers
Poli Technology Solutions Limited,Southend-On-Sea,Essex,Worker (A rating),Skilled Worker,,,https://www.bing.com/search?q=Poli+Technology+Solutions+Limited+official+website,,,,https://www.bing.com/search?q=Poli+Technology+Solutions+Limited+careers
Polka Dot Data Ltd,Chandlers Ford,Hampshire,Worker (A rating),Skilled Worker,,,https://www.bing.com/search?q=Polka+Dot+Data+Ltd+official+website,,,,https://www.bing.com/search?q=Polka+Dot+Data+Ltd+careers
Pollen Technologies Limited,Stockport,Cheshire,Worker (A rating),Skilled Worker,,,https://www.bing.com/search?q=Pollen+Technologies+Limited+official+website,,,,https://www.bing.com/search?q=Pollen+Technologies+Limited+careers
Polymer Systems Technology Ltd,HIGH WYCOMBE,Buckinghamshire,Worker (A rating),Skilled Worker,,,https://www.bing.com/search?q=Polymer+Systems+Technology+Ltd+official+website,,,,https://www.bing.com/search?q=Polymer+Systems+Technology+Ltd+careers
Polyn Technology Limited,Fitzrovia,London,Worker (A rating),Global Business Mobility: Senior or Specialist Worker,,,https://www.bing.com/search?q=Polyn+Technology+Limited+official+website,,,,https://www.bing.com/search?q=Polyn+Technology+Limited+careers
Polyn Technology Limited,Fitzrovia,London,Worker (A rating),Skilled Worker,,,https://www.bing.com/search?q=Polyn+Technology+Limited+official+website,,,,https://www.bing.com/search?q=Polyn+Technology+Limited+careers
Poolside AI Ltd,London,,Worker (A rating),Skilled Worker,,,https://www.bing.com/search?q=Poolside+AI+Ltd+official+website,,,,https://www.bing.com/search?q=Poolside+AI+Ltd+careers
Porex Technologies Limited,Alness,,Worker (A rating),Skilled Worker,,,https://www.bing.com/search?q=Porex+Technologies+Limited+official+website,,,,https://www.bing.com/search?q=Porex+Technologies+Limited+careers
Poro Technologies Ltd,Cambridge,,Worker (A rating),Skilled Worker,,,https://www.bing.com/search?q=Poro+Technologies+Ltd+official+website,,,,https://www.bing.com/search?q=Poro+Technologies+Ltd+careers
Porous Liquid Technologies Ltd.,Belfast,Antrim,Worker (A rating),Skilled Worker,,,https://www.bing.com/search?q=Porous+Liquid+Technologies+Ltd.+official+website,,,,https://www.bing.com/search?q=Porous+Liquid+Technologies+Ltd.+careers
Portage AI UK Limited,London,,Worker (A rating),Skilled Worker,,,https://www.bing.com/search?q=Portage+AI+UK+Limited+official+website,,,,https://www.bing.com/search?q=Portage+AI+UK+Limited+careers
Portia AI Ltd,London,,Worker (A rating),Skilled Worker,,,https://www.bing.com/search?q=Portia+AI+Ltd+official+website,,,,https://www.bing.com/search?q=Portia+AI+Ltd+careers
PORTLETHEN COMPUTER (SERVICES) LIMITED,Aberdeen,Aberdeenshire,Worker (A rating),Skilled Worker,,,https://www.bing.com/search?q=PORTLETHEN+COMPUTER+%28SERVICES%29+LIMITED+official+website,,,,https://www.bing.com/search?q=PORTLETHEN+COMPUTER+%28SERVICES%29+LIMITED+careers
PORTMAN DIGITAL MARKETING LTD,LONDON,,Worker (A rating),Skilled Worker,,,https://www.bing.com/search?q=PORTMAN+DIGITAL+MARKETING+LTD+official+website,,,,https://www.bing.com/search?q=PORTMAN+DIGITAL+MARKETING+LTD+careers
Portofino Technologies UK Limited,Altrincham,Cheshire,Worker (A rating),Skilled Worker,,,https://www.bing.com/search?q=Portofino+Technologies+UK+Limited+official+website,,,,https://www.bing.com/search?q=Portofino+Technologies+UK+Limited+careers
POSITIVE DIGITAL LIMITED - T/A Brand Potential,London,,Worker (A rating),Skilled Worker,,,https://www.bing.com/search?q=POSITIVE+DIGITAL+LIMITED+-+T%2FA+Brand+Potential+official+website,,,,https://www.bing.com/search?q=POSITIVE+DIGITAL+LIMITED+-+T%2FA+Brand+Potential+careers
Positron Technologies Ltd T/A TaxScouts,London,,Worker (A rating),Skilled Worker,,,https://www.bing.com/search?q=Positron+Technologies+Ltd+T%2FA+TaxScouts+official+website,,,,https://www.bing.com/search?q=Positron+Technologies+Ltd+T%2FA+TaxScouts+careers
Postdot Technologies UK Ltd,London,,Worker (A rating),Skilled Worker,,,https://www.bing.com/search?q=Postdot+Technologies+UK+Ltd+official+website,,,,https://www.bing.com/search?q=Postdot+Technologies+UK+Ltd+careers
Postdot Technologies UK Ltd,London,,Worker (A rating),Global Business Mobility: Senior or Specialist Worker,,,https://www.bing.com/search?q=Postdot+Technologies+UK+Ltd+official+website,,,,https://www.bing.com/search?q=Postdot+Technologies+UK+Ltd+careers
Potenza Technology Ltd,Basildon,Essex,Worker (A rating),Global Business Mobility: Senior or Specialist Worker,,,https://www.bing.com/search?q=Potenza+Technology+Ltd+official+website,,,,https://www.bing.com/search?q=Potenza+Technology+Ltd+careers
Potenza Technology Ltd,Basildon,Essex,Worker (A rating),Skilled Worker,,,https://www.bing.com/search?q=Potenza+Technology+Ltd+official+website,,,,https://www.bing.com/search?q=Potenza+Technology+Ltd+careers
Power CMS Technology Ltd,Richmond,,Worker (A rating),Skilled Worker,,,https://www.bing.com/search?q=Power+CMS+Technology+Ltd+official+website,,,,https://www.bing.com/search?q=Power+CMS+Technology+Ltd+careers
PowerX Technology Limited,London,,Worker (A rating),Skilled Worker,,,https://www.bing.com/search?q=PowerX+Technology+Limited+official+website,,,,https://www.bing.com/search?q=PowerX+Technology+Limited+careers
POWREADY TECHNOLOGIES LTD,London,,Worker (A rating),Skilled Worker,,,https://www.bing.com/search?q=POWREADY+TECHNOLOGIES+LTD+official+website,,,,https://www.bing.com/search?q=POWREADY+TECHNOLOGIES+LTD+careers
PRADHA INFOTECH LTD,Milton Keynes,,Worker (A rating),Skilled Worker,,,https://www.bing.com/search?q=PRADHA+INFOTECH+LTD+official+website,,,,https://www.bing.com/search?q=PRADHA+INFOTECH+LTD+careers
Praktika.ai,St Albans,,Worker (A rating),Skilled Worker,https://praktika.ai,derived_from_company_name_domain,https://www.bing.com/search?q=Praktika.ai+official+website,,https://praktika.ai,https://praktika.ai/careers,https://www.bing.com/search?q=Praktika.ai+careers
Pranava Technologies UK Limited,Reading,,Worker (A rating),Skilled Worker,,,https://www.bing.com/search?q=Pranava+Technologies+UK+Limited+official+website,,,,https://www.bing.com/search?q=Pranava+Technologies+UK+Limited+careers
PRATHAM SOFTWARE LTD,HARROGATE,,Worker (A rating),Skilled Worker,,,https://www.bing.com/search?q=PRATHAM+SOFTWARE+LTD+official+website,,,,https://www.bing.com/search?q=PRATHAM+SOFTWARE+LTD+careers
PRATHAM SOFTWARE LTD,HARROGATE,,Worker (A rating),Global Business Mobility: Senior or Specialist Worker,,,https://www.bing.com/search?q=PRATHAM+SOFTWARE+LTD+official+website,,,,https://www.bing.com/search?q=PRATHAM+SOFTWARE+LTD+careers
Praxis IT Services Limited T/A Praxis Digital,Welling,Kent,Worker (A rating),Skilled Worker,,,https://www.bing.com/search?q=Praxis+IT+Services+Limited+T%2FA+Praxis+Digital+official+website,,,,https://www.bing.com/search?q=Praxis+IT+Services+Limited+T%2FA+Praxis+Digital+careers
Precis Digital Limited,Hertfordshire,,Worker (A rating),Skilled Worker,,,https://www.bing.com/search?q=Precis+Digital+Limited+official+website,,,,https://www.bing.com/search?q=Precis+Digital+Limited+careers
Precisely Software Limited,Reading,Berkshire,Worker (A rating),Skilled Worker,,,https://www.bing.com/search?q=Precisely+Software+Limited+official+website,,,,https://www.bing.com/search?q=Precisely+Software+Limited+careers
Precisely Software Limited,Reading,Berkshire,Worker (A rating),Global Business Mobility: Senior or Specialist Worker,,,https://www.bing.com/search?q=Precisely+Software+Limited+official+website,,,,https://www.bing.com/search?q=Precisely+Software+Limited+careers
Precision Technologies Group (PTG) Ltd,Rochdale,Lancashire,Worker (A rating),Skilled Worker,,,https://www.bing.com/search?q=Precision+Technologies+Group+%28PTG%29+Ltd+official+website,,,,https://www.bing.com/search?q=Precision+Technologies+Group+%28PTG%29+Ltd+careers
Prefrontal AI Ltd,London,,Worker (A rating),Skilled Worker,,,https://www.bing.com/search?q=Prefrontal+AI+Ltd+official+website,,,,https://www.bing.com/search?q=Prefrontal+AI+Ltd+careers
Premier Marketing and Distribution Ltd trading as Renful Premier Technologies,London,,Worker (A rating),Skilled Worker,,,https://www.bing.com/search?q=Premier+Marketing+and+Distribution+Ltd+trading+as+Renful+Premier+Technologies+official+website,,,,https://www.bing.com/search?q=Premier+Marketing+and+Distribution+Ltd+trading+as+Renful+Premier+Technologies+careers
Premise Data UK Limited,London,,Worker (A rating),Skilled Worker,,,https://www.bing.com/search?q=Premise+Data+UK+Limited+official+website,,,,https://www.bing.com/search?q=Premise+Data+UK+Limited+careers
Premonition Software Limited,London,,Worker (A rating),Skilled Worker,,,https://www.bing.com/search?q=Premonition+Software+Limited+official+website,,,,https://www.bing.com/search?q=Premonition+Software+Limited+careers
Prepay Technologies trading as PPS,Swindon,,Worker (A rating),Skilled Worker,,,https://www.bing.com/search?q=Prepay+Technologies+trading+as+PPS+official+website,,,,https://www.bing.com/search?q=Prepay+Technologies+trading+as+PPS+careers
Prepay Technologies trading as PPS,Swindon,,Temporary Worker (A rating),Global Business Mobility: Graduate Trainee,,,https://www.bing.com/search?q=Prepay+Technologies+trading+as+PPS+official+website,,,,https://www.bing.com/search?q=Prepay+Technologies+trading+as+PPS+careers
Prepay Technologies trading as PPS,Swindon,,Worker (A rating),Global Business Mobility: Senior or Specialist Worker,,,https://www.bing.com/search?q=Prepay+Technologies+trading+as+PPS+official+website,,,,https://www.bing.com/search?q=Prepay+Technologies+trading+as+PPS+careers
Presentient Technologies Ltd,London,,Worker (A rating),Skilled Worker,,,https://www.bing.com/search?q=Presentient+Technologies+Ltd+official+website,,,,https://www.bing.com/search?q=Presentient+Technologies+Ltd+careers
Prestige Network Ltd,Newbury,West Berkshire,Worker (A rating),Skilled Worker,,,https://www.bing.com/search?q=Prestige+Network+Ltd+official+website,,,,https://www.bing.com/search?q=Prestige+Network+Ltd+careers
Prevail Technology Limited,Poole,Dorset,Worker (A rating),Skilled Worker,,,https://www.bing.com/search?q=Prevail+Technology+Limited+official+website,,,,https://www.bing.com/search?q=Prevail+Technology+Limited+careers
Prevalent AI Limited,London,,Worker (A rating),Global Business Mobility: Senior or Specialist Worker,,,https://www.bing.com/search?q=Prevalent+AI+Limited+official+website,,,,https://www.bing.com/search?q=Prevalent+AI+Limited+careers
PRICEBUY LIMITED T/A TRAFFIC DATA CENTRE,RUISLIP,,Worker (A rating),Skilled Worker,,,https://www.bing.com/search?q=PRICEBUY+LIMITED+T%2FA+TRAFFIC+DATA+CENTRE+official+website,,,,https://www.bing.com/search?q=PRICEBUY+LIMITED+T%2FA+TRAFFIC+DATA+CENTRE+careers
Prime Focus Technologies UK Limited,Leeds,,Worker (A rating),Skilled Worker,,,https://www.bing.com/search?q=Prime+Focus+Technologies+UK+Limited+official+website,,,,https://www.bing.com/search?q=Prime+Focus+Technologies+UK+Limited+careers
Prime Software Services Ltd,Slough,,Worker (A rating),Skilled Worker,,,https://www.bing.com/search?q=Prime+Software+Services+Ltd+official+website,,,,https://www.bing.com/search?q=Prime+Software+Services+Ltd+careers
Primentoring AI Ltd,London,,Worker (A rating),Skilled Worker,,,https://www.bing.com/search?q=Primentoring+AI+Ltd+official+website,,,,https://www.bing.com/search?q=Primentoring+AI+Ltd+careers
Primetals Technologies Limited,Sheffield,South Yorkshire,Worker (A rating),Skilled Worker,,,https://www.bing.com/search?q=Primetals+Technologies+Limited+official+website,,,,https://www.bing.com/search?q=Primetals+Technologies+Limited+careers
Primetals Technologies Limited,Sheffield,South Yorkshire,Worker (A rating),Global Business Mobility: Senior or Specialist Worker,,,https://www.bing.com/search?q=Primetals+Technologies+Limited+official+website,,,,https://www.bing.com/search?q=Primetals+Technologies+Limited+careers
Private Healthcare Information Network,London,London,Worker (A rating),Skilled Worker,,,https://www.bing.com/search?q=Private+Healthcare+Information+Network+official+website,,,,https://www.bing.com/search?q=Private+Healthcare+Information+Network+careers
Proceed Data Management Limited,London,,Worker (A rating),Skilled Worker,,,https://www.bing.com/search?q=Proceed+Data+Management+Limited+official+website,,,,https://www.bing.com/search?q=Proceed+Data+Management+Limited+careers
Process Plant Computing Limited,Beaconsfield,Buckinghamshire,Worker (A rating),Skilled Worker,,,https://www.bing.com/search?q=Process+Plant+Computing+Limited+official+website,,,,https://www.bing.com/search?q=Process+Plant+Computing+Limited+careers
Procode Technology Limited,Chandlers Ford,,Worker (A rating),Skilled Worker,,,https://www.bing.com/search?q=Procode+Technology+Limited+official+website,,,,https://www.bing.com/search?q=Procode+Technology+Limited+careers
Prodo Digital Marketing Limited,Chester,,Worker (A rating),Skilled Worker,,,https://www.bing.com/search?q=Prodo+Digital+Marketing+Limited+official+website,,,,https://www.bing.com/search?q=Prodo+Digital+Marketing+Limited+careers
PRODO SOCIAL SOFTWARE LTD,Chester,Cheshire,Worker (A rating),Skilled Worker,,,https://www.bing.com/search?q=PRODO+SOCIAL+SOFTWARE+LTD+official+website,,,,https://www.bing.com/search?q=PRODO+SOCIAL+SOFTWARE+LTD+careers
Professional Social Networks Ltd,Shaftsbury,Dorset,Worker (A rating),Skilled Worker,,,https://www.bing.com/search?q=Professional+Social+Networks+Ltd+official+website,,,,https://www.bing.com/search?q=Professional+Social+Networks+Ltd+careers
Profile Software (UK) Limited,London,,Worker (A rating),Skilled Worker,,,https://www.bing.com/search?q=Profile+Software+%28UK%29+Limited+official+website,,,,https://www.bing.com/search?q=Profile+Software+%28UK%29+Limited+careers
Profisee Software UK Limited,London,,Worker (A rating),Global Business Mobility: Senior or Specialist Worker,,,https://www.bing.com/search?q=Profisee+Software+UK+Limited+official+website,,,,https://www.bing.com/search?q=Profisee+Software+UK+Limited+careers
Profisee Software UK Limited,London,,Worker (A rating),Skilled Worker,,,https://www.bing.com/search?q=Profisee+Software+UK+Limited+official+website,,,,https://www.bing.com/search?q=Profisee+Software+UK+Limited+careers
Progressive Technology Limited,Newbury,Berkshire,Worker (A rating),Skilled Worker,,,https://www.bing.com/search?q=Progressive+Technology+Limited+official+website,,,,https://www.bing.com/search?q=Progressive+Technology+Limited+careers
Progressive Technology Solutions Limited,London,,Worker (A rating),Skilled Worker,,,https://www.bing.com/search?q=Progressive+Technology+Solutions+Limited+official+website,,,,https://www.bing.com/search?q=Progressive+Technology+Solutions+Limited+careers
Prohire Software Limited,Sittingbourne,Kent,Worker (A rating),Skilled Worker,,,https://www.bing.com/search?q=Prohire+Software+Limited+official+website,,,,https://www.bing.com/search?q=Prohire+Software+Limited+careers
Project Infinity Technologies Limited,London,,Worker (A rating),Skilled Worker,,,https://www.bing.com/search?q=Project+Infinity+Technologies+Limited+official+website,,,,https://www.bing.com/search?q=Project+Infinity+Technologies+Limited+careers
PROMET TECHNOLOGY LTD,LONDON,,Worker (A rating),Skilled Worker,,,https://www.bing.com/search?q=PROMET+TECHNOLOGY+LTD+official+website,,,,https://www.bing.com/search?q=PROMET+TECHNOLOGY+LTD+careers
Propel Digital,Leighton Buzzard,Beds,Worker (A rating),Skilled Worker,,,https://www.bing.com/search?q=Propel+Digital+official+website,,,,https://www.bing.com/search?q=Propel+Digital+careers
Propello Cloud Ltd,Manchester,,Worker (A rating),Skilled Worker,,,https://www.bing.com/search?q=Propello+Cloud+Ltd+official+website,,,,https://www.bing.com/search?q=Propello+Cloud+Ltd+careers
PROPERTYFLOW TECHNOLOGIES LTD,London,,Worker (A rating),Skilled Worker,,,https://www.bing.com/search?q=PROPERTYFLOW+TECHNOLOGIES+LTD+official+website,,,,https://www.bing.com/search?q=PROPERTYFLOW+TECHNOLOGIES+LTD+careers
Prospect Education (Technology) Trust,London,,Worker (A rating),Skilled Worker,,,https://www.bing.com/search?q=Prospect+Education+%28Technology%29+Trust+official+website,,,,https://www.bing.com/search?q=Prospect+Education+%28Technology%29+Trust+careers
Prosperity Network Ltd,Warrington,Cheshire,Worker (A rating),Skilled Worker,,,https://www.bing.com/search?q=Prosperity+Network+Ltd+official+website,,,,https://www.bing.com/search?q=Prosperity+Network+Ltd+careers
Prosperon Networks Ltd,Worthing,West Sussex,Worker (A rating),Skilled Worker,,,https://www.bing.com/search?q=Prosperon+Networks+Ltd+official+website,,,,https://www.bing.com/search?q=Prosperon+Networks+Ltd+careers
PROSPIRE TECHNOLOGIES LTD,Hull,East Yorkshire,Worker (A rating),Skilled Worker,,,https://www.bing.com/search?q=PROSPIRE+TECHNOLOGIES+LTD+official+website,,,,https://www.bing.com/search?q=PROSPIRE+TECHNOLOGIES+LTD+careers
Protein Technologies Ltd,Manchester,Greater Manchester,Worker (A rating),Skilled Worker,,,https://www.bing.com/search?q=Protein+Technologies+Ltd+official+website,,,,https://www.bing.com/search?q=Protein+Technologies+Ltd+careers
Proton Technologies Ltd,London,,Worker (A rating),Global Business Mobility: Senior or Specialist Worker,,,https://www.bing.com/search?q=Proton+Technologies+Ltd+official+website,,,,https://www.bing.com/search?q=Proton+Technologies+Ltd+careers
Proton Technologies Ltd,London,,Worker (A rating),Skilled Worker,,,https://www.bing.com/search?q=Proton+Technologies+Ltd+official+website,,,,https://www.bing.com/search?q=Proton+Technologies+Ltd+careers
Provility Software Limited,Aldershot,Hampshire,Worker (A rating),Skilled Worker,,,https://www.bing.com/search?q=Provility+Software+Limited+official+website,,,,https://www.bing.com/search?q=Provility+Software+Limited+careers
PTI Digital,London,,Worker (A rating),Skilled Worker,,,https://www.bing.com/search?q=PTI+Digital+official+website,,,,https://www.bing.com/search?q=PTI+Digital+careers
Public Digital Limited,London,,Worker (A rating),Skilled Worker,,,https://www.bing.com/search?q=Public+Digital+Limited+official+website,,,,https://www.bing.com/search?q=Public+Digital+Limited+careers
Pulse Business Software Limited,Malmesbury,,Worker (A rating),Skilled Worker,,,https://www.bing.com/search?q=Pulse+Business+Software+Limited+official+website,,,,https://www.bing.com/search?q=Pulse+Business+Software+Limited+careers
Pulsion Technology Ltd,Glasgow,,Worker (A rating),Skilled Worker,,,https://www.bing.com/search?q=Pulsion+Technology+Ltd+official+website,,,,https://www.bing.com/search?q=Pulsion+Technology+Ltd+careers
Pure Data Centres,London,England,Worker (A rating),Global Business Mobility: Senior or Specialist Worker,,,https://www.bing.com/search?q=Pure+Data+Centres+official+website,,,,https://www.bing.com/search?q=Pure+Data+Centres+careers
Pure Data Centres,London,England,Worker (A rating),Skilled Worker,,,https://www.bing.com/search?q=Pure+Data+Centres+official+website,,,,https://www.bing.com/search?q=Pure+Data+Centres+careers
PUREAN SOLUTIONS AND TECHNOLOGY LTD,Milton Keynes,,Worker (A rating),Skilled Worker,,,https://www.bing.com/search?q=PUREAN+SOLUTIONS+AND+TECHNOLOGY+LTD+official+website,,,,https://www.bing.com/search?q=PUREAN+SOLUTIONS+AND+TECHNOLOGY+LTD+careers
Purify Technology Ltd,Beverley,,Worker (A rating),Skilled Worker,,,https://www.bing.com/search?q=Purify+Technology+Ltd+official+website,,,,https://www.bing.com/search?q=Purify+Technology+Ltd+careers
Push Technology Limited,Reading,Berkshire,Worker (A rating),Skilled Worker,,,https://www.bing.com/search?q=Push+Technology+Limited+official+website,,,,https://www.bing.com/search?q=Push+Technology+Limited+careers
PVS INFOTECH LTD,Coventry,West Midlands,Worker (A rating),Skilled Worker,,,https://www.bing.com/search?q=PVS+INFOTECH+LTD+official+website,,,,https://www.bing.com/search?q=PVS+INFOTECH+LTD+careers
Pylon Technologies UK Ltd,London,,Worker (A rating),Skilled Worker,,,https://www.bing.com/search?q=Pylon+Technologies+UK+Ltd+official+website,,,,https://www.bing.com/search?q=Pylon+Technologies+UK+Ltd+careers
Pylon Technologies UK Ltd,London,,Worker (A rating),Global Business Mobility: Senior or Specialist Worker,,,https://www.bing.com/search?q=Pylon+Technologies+UK+Ltd+official+website,,,,https://www.bing.com/search?q=Pylon+Technologies+UK+Ltd+careers
Pynea Technology Limited,London,,Worker (A rating),Skilled Worker,,,https://www.bing.com/search?q=Pynea+Technology+Limited+official+website,,,,https://www.bing.com/search?q=Pynea+Technology+Limited+careers
QBARTER TECHNOLOGY AND SERVICES LIMITED,Reading,,Worker (A rating),Skilled Worker,,,https://www.bing.com/search?q=QBARTER+TECHNOLOGY+AND+SERVICES+LIMITED+official+website,,,,https://www.bing.com/search?q=QBARTER+TECHNOLOGY+AND+SERVICES+LIMITED+careers
QBS Software Limited,Wembley,London,Worker (A rating),Skilled Worker,,,https://www.bing.com/search?q=QBS+Software+Limited+official+website,,,,https://www.bing.com/search?q=QBS+Software+Limited+careers
QBurst Technologies UK Limited,Salisbusry,,Worker (A rating),Skilled Worker,,,https://www.bing.com/search?q=QBurst+Technologies+UK+Limited+official+website,,,,https://www.bing.com/search?q=QBurst+Technologies+UK+Limited+careers
Qbyte Computing Limited,Stevenage,Hertfordshire,Worker (A rating),Skilled Worker,,,https://www.bing.com/search?q=Qbyte+Computing+Limited+official+website,,,,https://www.bing.com/search?q=Qbyte+Computing+Limited+careers
Qdot Technology Ltd,Kidlington,Oxfordshire,Worker (A rating),Skilled Worker,,,https://www.bing.com/search?q=Qdot+Technology+Ltd+official+website,,,,https://www.bing.com/search?q=Qdot+Technology+Ltd+careers
QGate Software Limited,Winchester,Hampshire,Worker (A rating),Skilled Worker,,,https://www.bing.com/search?q=QGate+Software+Limited+official+website,,,,https://www.bing.com/search?q=QGate+Software+Limited+careers
QIKK NETWORK SOLUTIONS LTD,Sutton-in-Ashfield,,Worker (A rating),Skilled Worker,,,https://www.bing.com/search?q=QIKK+NETWORK+SOLUTIONS+LTD+official+website,,,,https://www.bing.com/search?q=QIKK+NETWORK+SOLUTIONS+LTD+careers
QiO Technologies Ltd,Egham,,Worker (A rating),Skilled Worker,,,https://www.bing.com/search?q=QiO+Technologies+Ltd+official+website,,,,https://www.bing.com/search?q=QiO+Technologies+Ltd+careers
QODEA TECHNOLOGY LIMITED,Manchester,,Worker (A rating),Skilled Worker,,,https://www.bing.com/search?q=QODEA+TECHNOLOGY+LIMITED+official+website,,,,https://www.bing.com/search?q=QODEA+TECHNOLOGY+LIMITED+careers
QUAD NETWORK SOLUTIONS LTD,Swansea,Wales,Worker (A rating),Skilled Worker,,,https://www.bing.com/search?q=QUAD+NETWORK+SOLUTIONS+LTD+official+website,,,,https://www.bing.com/search?q=QUAD+NETWORK+SOLUTIONS+LTD+careers
Qualcomm Technologies International Ltd,Cambridge,,Worker (A rating),Skilled Worker,,,https://www.bing.com/search?q=Qualcomm+Technologies+International+Ltd+official+website,,,,https://www.bing.com/search?q=Qualcomm+Technologies+International+Ltd+careers
Qualcomm Technologies International Ltd,Cambridge,,Worker (A rating),Global Business Mobility: Senior or Specialist Worker,,,https://www.bing.com/search?q=Qualcomm+Technologies+International+Ltd+official+website,,,,https://www.bing.com/search?q=Qualcomm+Technologies+International+Ltd+careers
QUALIENT TECHNOLOGY SOLUTIONS UK LIMITED,READING,BERKSHIRE,Worker (A rating),Skilled Worker,,,https://www.bing.com/search?q=QUALIENT+TECHNOLOGY+SOLUTIONS+UK+LIMITED+official+website,,,,https://www.bing.com/search?q=QUALIENT+TECHNOLOGY+SOLUTIONS+UK+LIMITED+careers
Qualitest Software Testing Limited,London,,Worker (A rating),Global Business Mobility: Senior or Specialist Worker,,,https://www.bing.com/search?q=Qualitest+Software+Testing+Limited+official+website,,,,https://www.bing.com/search?q=Qualitest+Software+Testing+Limited+careers
Qualitest Software Testing Limited,London,,Worker (A rating),Skilled Worker,,,https://www.bing.com/search?q=Qualitest+Software+Testing+Limited+official+website,,,,https://www.bing.com/search?q=Qualitest+Software+Testing+Limited+careers
Quant Network Limited,London,,Worker (A rating),Skilled Worker,,,https://www.bing.com/search?q=Quant+Network+Limited+official+website,,,,https://www.bing.com/search?q=Quant+Network+Limited+careers
Quant Network Limited,London,,Worker (A rating),Global Business Mobility: Senior or Specialist Worker,,,https://www.bing.com/search?q=Quant+Network+Limited+official+website,,,,https://www.bing.com/search?q=Quant+Network+Limited+careers
Quanta Dialysis Technologies Ltd,Warwick,,Worker (A rating),Skilled Worker,,,https://www.bing.com/search?q=Quanta+Dialysis+Technologies+Ltd+official+website,,,,https://www.bing.com/search?q=Quanta+Dialysis+Technologies+Ltd+careers
Quantbot Technologies Ltd,London,,Worker (A rating),Skilled Worker,,,https://www.bing.com/search?q=Quantbot+Technologies+Ltd+official+website,,,,https://www.bing.com/search?q=Quantbot+Technologies+Ltd+careers
Quantcore Technologies Ltd,Glasgow,Scotland,Worker (A rating),Skilled Worker,,,https://www.bing.com/search?q=Quantcore+Technologies+Ltd+official+website,,,,https://www.bing.com/search?q=Quantcore+Technologies+Ltd+careers
QUANTIUM TECHNOLOGY LTD,Haslemere,,Worker (A rating),Skilled Worker,,,https://www.bing.com/search?q=QUANTIUM+TECHNOLOGY+LTD+official+website,,,,https://www.bing.com/search?q=QUANTIUM+TECHNOLOGY+LTD+careers
Quantive Technologies UK Limited,London,,Worker (A rating),Skilled Worker,,,https://www.bing.com/search?q=Quantive+Technologies+UK+Limited+official+website,,,,https://www.bing.com/search?q=Quantive+Technologies+UK+Limited+careers
Quantum I Computing Limited,London,,Worker (A rating),Skilled Worker,,,https://www.bing.com/search?q=Quantum+I+Computing+Limited+official+website,,,,https://www.bing.com/search?q=Quantum+I+Computing+Limited+careers
Quantum Leap Technologies (Holdings) Limited,Aberdeen,,Worker (A rating),Skilled Worker,,,https://www.bing.com/search?q=Quantum+Leap+Technologies+%28Holdings%29+Limited+official+website,,,,https://www.bing.com/search?q=Quantum+Leap+Technologies+%28Holdings%29+Limited+careers
Quantum Motion Technologies Limited,London,,Temporary Worker (A rating),Government Authorised Exchange,,,https://www.bing.com/search?q=Quantum+Motion+Technologies+Limited+official+website,,,,https://www.bing.com/search?q=Quantum+Motion+Technologies+Limited+careers
Quantum Motion Technologies Limited,London,,Worker (A rating),Skilled Worker,,,https://www.bing.com/search?q=Quantum+Motion+Technologies+Limited+official+website,,,,https://www.bing.com/search?q=Quantum+Motion+Technologies+Limited+careers
Quarch Technology Ltd,Aviemore,,Worker (A rating),Skilled Worker,,,https://www.bing.com/search?q=Quarch+Technology+Ltd+official+website,,,,https://www.bing.com/search?q=Quarch+Technology+Ltd+careers
Quartz Digital Ltd,London,,Worker (A rating),Skilled Worker,,,https://www.bing.com/search?q=Quartz+Digital+Ltd+official+website,,,,https://www.bing.com/search?q=Quartz+Digital+Ltd+careers
Qube Research & Technologies Limited,London,,Worker (A rating),Skilled Worker,,,https://www.bing.com/search?q=Qube+Research+%26+Technologies+Limited+official+website,,,,https://www.bing.com/search?q=Qube+Research+%26+Technologies+Limited+careers
Quera Computing UK Limited,Didcot,N/A,Worker (A rating),Skilled Worker,,,https://www.bing.com/search?q=Quera+Computing+UK+Limited+official+website,,,,https://www.bing.com/search?q=Quera+Computing+UK+Limited+careers
Quera Computing UK Limited,Didcot,N/A,Worker (A rating),Global Business Mobility: Senior or Specialist Worker,,,https://www.bing.com/search?q=Quera+Computing+UK+Limited+official+website,,,,https://www.bing.com/search?q=Quera+Computing+UK+Limited+careers
Questo Technologies Ltd,Reading,Berkshire,Worker (A rating),Skilled Worker,,,https://www.bing.com/search?q=Questo+Technologies+Ltd+official+website,,,,https://www.bing.com/search?q=Questo+Technologies+Ltd+careers
Quidos Technologies,Bath,County (optional),Worker (A rating),Skilled Worker,,,https://www.bing.com/search?q=Quidos+Technologies+official+website,,,,https://www.bing.com/search?q=Quidos+Technologies+careers
QUL Technologies Limited,Waterloo,,Worker (A rating),Skilled Worker,,,https://www.bing.com/search?q=QUL+Technologies+Limited+official+website,,,,https://www.bing.com/search?q=QUL+Technologies+Limited+careers
QUL Technologies Limited,Waterloo,,Worker (A rating),Global Business Mobility: Senior or Specialist Worker,,,https://www.bing.com/search?q=QUL+Technologies+Limited+official+website,,,,https://www.bing.com/search?q=QUL+Technologies+Limited+careers
QUMULUS TECHNOLOGY LIMITED,MANCHESTER,,Worker (A rating),Skilled Worker,,,https://www.bing.com/search?q=QUMULUS+TECHNOLOGY+LIMITED+official+website,,,,https://www.bing.com/search?q=QUMULUS+TECHNOLOGY+LIMITED+careers
Quorum Cyber Security Limited,Edinburgh,,Worker (A rating),Global Business Mobility: Senior or Specialist Worker,,,https://www.bing.com/search?q=Quorum+Cyber+Security+Limited+official+website,,,,https://www.bing.com/search?q=Quorum+Cyber+Security+Limited+careers
Quorum Cyber Security Limited,Edinburgh,,Worker (A rating),Skilled Worker,,,https://www.bing.com/search?q=Quorum+Cyber+Security+Limited+official+website,,,,https://www.bing.com/search?q=Quorum+Cyber+Security+Limited+careers
Qurated Network Ltd,London,,Worker (A rating),Skilled Worker,,,https://www.bing.com/search?q=Qurated+Network+Ltd+official+website,,,,https://www.bing.com/search?q=Qurated+Network+Ltd+careers
R&A Software ( Systems ) Ltd,Chesterfield,Derbyshire,Worker (A rating),Skilled Worker,,,https://www.bing.com/search?q=R%26A+Software+%28+Systems+%29+Ltd+official+website,,,,https://www.bing.com/search?q=R%26A+Software+%28+Systems+%29+Ltd+careers
R2S Technologies Ltd,Manchester,,Worker (A rating),Skilled Worker,,,https://www.bing.com/search?q=R2S+Technologies+Ltd+official+website,,,,https://www.bing.com/search?q=R2S+Technologies+Ltd+careers
R3 Digital Limited,Cheltenham,Gloucestershire,Worker (A rating),Skilled Worker,,,https://www.bing.com/search?q=R3+Digital+Limited+official+website,,,,https://www.bing.com/search?q=R3+Digital+Limited+careers
RAA TECHNOLOGY SOLUTIONS LTD,Bamber Bridge,Lancashire,Worker (A rating),Skilled Worker,,,https://www.bing.com/search?q=RAA+TECHNOLOGY+SOLUTIONS+LTD+official+website,,,,https://www.bing.com/search?q=RAA+TECHNOLOGY+SOLUTIONS+LTD+careers
Radentia Technologies Ltd,London,,Worker (A rating),Global Business Mobility: Senior or Specialist Worker,,,https://www.bing.com/search?q=Radentia+Technologies+Ltd+official+website,,,,https://www.bing.com/search?q=Radentia+Technologies+Ltd+careers
Radentia Technologies Ltd,London,,Worker (A rating),Skilled Worker,,,https://www.bing.com/search?q=Radentia+Technologies+Ltd+official+website,,,,https://www.bing.com/search?q=Radentia+Technologies+Ltd+careers
Radia Computer Services Limited,Gerrards Cross,Buckinghamshire,Worker (A rating),Skilled Worker,,,https://www.bing.com/search?q=Radia+Computer+Services+Limited+official+website,,,,https://www.bing.com/search?q=Radia+Computer+Services+Limited+careers
Radon Networks Ltd,Newport,Wales,Worker (A rating),Skilled Worker,,,https://www.bing.com/search?q=Radon+Networks+Ltd+official+website,,,,https://www.bing.com/search?q=Radon+Networks+Ltd+careers
Rainbow Software Solutions Limited,Leeds,West Yorkshire,Worker (A rating),Skilled Worker,,,https://www.bing.com/search?q=Rainbow+Software+Solutions+Limited+official+website,,,,https://www.bing.com/search?q=Rainbow+Software+Solutions+Limited+careers
Ramp Technologies Ltd,East Ham,,Worker (A rating),Skilled Worker,,,https://www.bing.com/search?q=Ramp+Technologies+Ltd+official+website,,,,https://www.bing.com/search?q=Ramp+Technologies+Ltd+careers
Ramya Infotech Limited,St.Albans,,Worker (A rating),Skilled Worker,,,https://www.bing.com/search?q=Ramya+Infotech+Limited+official+website,,,,https://www.bing.com/search?q=Ramya+Infotech+Limited+careers
Rana Technologies Limited,London,,Worker (A rating),Skilled Worker,,,https://www.bing.com/search?q=Rana+Technologies+Limited+official+website,,,,https://www.bing.com/search?q=Rana+Technologies+Limited+careers
RangeForce Software (UK) Ltd,London,,Worker (A rating),Skilled Worker,,,https://www.bing.com/search?q=RangeForce+Software+%28UK%29+Ltd+official+website,,,,https://www.bing.com/search?q=RangeForce+Software+%28UK%29+Ltd+careers
Ranosys Technologies Ltd,Ashford,,Worker (A rating),Global Business Mobility: Senior or Specialist Worker,,,https://www.bing.com/search?q=Ranosys+Technologies+Ltd+official+website,,,,https://www.bing.com/search?q=Ranosys+Technologies+Ltd+careers
Ranosys Technologies Ltd,Ashford,,Worker (A rating),Skilled Worker,,,https://www.bing.com/search?q=Ranosys+Technologies+Ltd+official+website,,,,https://www.bing.com/search?q=Ranosys+Technologies+Ltd+careers
Ranplan Wireless Network Design,Cambridge,Cambridgeshire,Worker (A rating),Global Business Mobility: Senior or Specialist Worker,,,https://www.bing.com/search?q=Ranplan+Wireless+Network+Design+official+website,,,,https://www.bing.com/search?q=Ranplan+Wireless+Network+Design+careers
Ranplan Wireless Network Design,Cambridge,Cambridgeshire,Worker (A rating),Skilled Worker,,,https://www.bing.com/search?q=Ranplan+Wireless+Network+Design+official+website,,,,https://www.bing.com/search?q=Ranplan+Wireless+Network+Design+careers
Rapid-Myco Technologies Limited,Belfast,Northern Ireland,Worker (A rating),Skilled Worker,,,https://www.bing.com/search?q=Rapid-Myco+Technologies+Limited+official+website,,,,https://www.bing.com/search?q=Rapid-Myco+Technologies+Limited+careers
Raplas Technologies,Sully,Penarth,Worker (A rating),Skilled Worker,,,https://www.bing.com/search?q=Raplas+Technologies+official+website,,,,https://www.bing.com/search?q=Raplas+Technologies+careers
Raptor Data Limited,Aberdeen,,Worker (A rating),Skilled Worker,,,https://www.bing.com/search?q=Raptor+Data+Limited+official+website,,,,https://www.bing.com/search?q=Raptor+Data+Limited+careers
RateGain Technologies Limited,London,,Worker (A rating),Skilled Worker,,,https://www.bing.com/search?q=RateGain+Technologies+Limited+official+website,,,,https://www.bing.com/search?q=RateGain+Technologies+Limited+careers
RateGain Technologies Limited,London,,Worker (A rating),Global Business Mobility: Senior or Specialist Worker,,,https://www.bing.com/search?q=RateGain+Technologies+Limited+official+website,,,,https://www.bing.com/search?q=RateGain+Technologies+Limited+careers
Ratio Digital Marketing Limited,London,,Worker (A rating),Skilled Worker,,,https://www.bing.com/search?q=Ratio+Digital+Marketing+Limited+official+website,,,,https://www.bing.com/search?q=Ratio+Digital+Marketing+Limited+careers
Rave Technologies (UK) Limited,Hemel Hempstead,,Worker (A rating),Global Business Mobility: Senior or Specialist Worker,,,https://www.bing.com/search?q=Rave+Technologies+%28UK%29+Limited+official+website,,,,https://www.bing.com/search?q=Rave+Technologies+%28UK%29+Limited+careers
Rave Technologies (UK) Limited,Hemel Hempstead,,Temporary Worker (A rating),Global Business Mobility: Graduate Trainee,,,https://www.bing.com/search?q=Rave+Technologies+%28UK%29+Limited+official+website,,,,https://www.bing.com/search?q=Rave+Technologies+%28UK%29+Limited+careers
Rave Technologies (UK) Limited,Hemel Hempstead,,Worker (A rating),Skilled Worker,,,https://www.bing.com/search?q=Rave+Technologies+%28UK%29+Limited+official+website,,,,https://www.bing.com/search?q=Rave+Technologies+%28UK%29+Limited+careers
Ravelin Technology Limited,London,,Worker (A rating),Skilled Worker,,,https://www.bing.com/search?q=Ravelin+Technology+Limited+official+website,,,,https://www.bing.com/search?q=Ravelin+Technology+Limited+careers
Ravio Technologies Limited,London,,Worker (A rating),Skilled Worker,,,https://www.bing.com/search?q=Ravio+Technologies+Limited+official+website,,,,https://www.bing.com/search?q=Ravio+Technologies+Limited+careers
RAY TECHNOLOGIES LTD,Staines,,Worker (A rating),Skilled Worker,,,https://www.bing.com/search?q=RAY+TECHNOLOGIES+LTD+official+website,,,,https://www.bing.com/search?q=RAY+TECHNOLOGIES+LTD+careers
Raycast Technologies Ltd,1 water lane,London,Worker (A rating),Skilled Worker,,,https://www.bing.com/search?q=Raycast+Technologies+Ltd+official+website,,,,https://www.bing.com/search?q=Raycast+Technologies+Ltd+careers
RC Technology Limited,Croydon,Surrey,Worker (A rating),Global Business Mobility: Senior or Specialist Worker,,,https://www.bing.com/search?q=RC+Technology+Limited+official+website,,,,https://www.bing.com/search?q=RC+Technology+Limited+careers
RC Technology Limited,Croydon,Surrey,Worker (A rating),Skilled Worker,,,https://www.bing.com/search?q=RC+Technology+Limited+official+website,,,,https://www.bing.com/search?q=RC+Technology+Limited+careers
Re-Leased Software Company UK Limited,London,,Worker (A rating),Global Business Mobility: Senior or Specialist Worker,,,https://www.bing.com/search?q=Re-Leased+Software+Company+UK+Limited+official+website,,,,https://www.bing.com/search?q=Re-Leased+Software+Company+UK+Limited+careers
Re-Leased Software Company UK Limited,London,,Worker (A rating),Skilled Worker,,,https://www.bing.com/search?q=Re-Leased+Software+Company+UK+Limited+official+website,,,,https://www.bing.com/search?q=Re-Leased+Software+Company+UK+Limited+careers
REACH TELECOM LIMITED,"London,",,Worker (A rating),Skilled Worker,,,https://www.bing.com/search?q=REACH+TELECOM+LIMITED+official+website,,,,https://www.bing.com/search?q=REACH+TELECOM+LIMITED+careers
Reactive Technologies Limited,London,,Worker (A rating),Skilled Worker,,,https://www.bing.com/search?q=Reactive+Technologies+Limited+official+website,,,,https://www.bing.com/search?q=Reactive+Technologies+Limited+careers
"Real Software Systems, LLC",London,,Worker (A rating),Global Business Mobility: Senior or Specialist Worker,,,https://www.bing.com/search?q=Real+Software+Systems%2C+LLC+official+website,,,,https://www.bing.com/search?q=Real+Software+Systems%2C+LLC+careers
Realeyes Data Services Limited,London,,Worker (A rating),Global Business Mobility: Senior or Specialist Worker,,,https://www.bing.com/search?q=Realeyes+Data+Services+Limited+official+website,,,,https://www.bing.com/search?q=Realeyes+Data+Services+Limited+careers
Realeyes Data Services Limited,London,,Worker (A rating),Skilled Worker,,,https://www.bing.com/search?q=Realeyes+Data+Services+Limited+official+website,,,,https://www.bing.com/search?q=Realeyes+Data+Services+Limited+careers
Realisable Software Ltd,London,,Worker (A rating),Skilled Worker,,,https://www.bing.com/search?q=Realisable+Software+Ltd+official+website,,,,https://www.bing.com/search?q=Realisable+Software+Ltd+careers
Reason Digital,Manchester,,Worker (A rating),Skilled Worker,,,https://www.bing.com/search?q=Reason+Digital+official+website,,,,https://www.bing.com/search?q=Reason+Digital+careers
REBANK TECHNOLOGIES LIMITED,London,,Worker (A rating),Skilled Worker,,,https://www.bing.com/search?q=REBANK+TECHNOLOGIES+LIMITED+official+website,,,,https://www.bing.com/search?q=REBANK+TECHNOLOGIES+LIMITED+careers
Reco Technologies Private Limited,Manchester,Greater Manchester,Worker (A rating),Skilled Worker,,,https://www.bing.com/search?q=Reco+Technologies+Private+Limited+official+website,,,,https://www.bing.com/search?q=Reco+Technologies+Private+Limited+careers
Recourse AI Ltd,MANCHESTER,,Worker (A rating),Skilled Worker,,,https://www.bing.com/search?q=Recourse+AI+Ltd+official+website,,,,https://www.bing.com/search?q=Recourse+AI+Ltd+careers
Recraft AI Limited,London,,Worker (A rating),Skilled Worker,,,https://www.bing.com/search?q=Recraft+AI+Limited+official+website,,,,https://www.bing.com/search?q=Recraft+AI+Limited+careers
Recruitment Smart Technologies Ltd,London,,Worker (A rating),Skilled Worker,,,https://www.bing.com/search?q=Recruitment+Smart+Technologies+Ltd+official+website,,,,https://www.bing.com/search?q=Recruitment+Smart+Technologies+Ltd+careers
Red Ant Digital Ltd,London,London,Worker (A rating),Skilled Worker,,,https://www.bing.com/search?q=Red+Ant+Digital+Ltd+official+website,,,,https://www.bing.com/search?q=Red+Ant+Digital+Ltd+careers
Red Box Telecom Ltd t/as Red Dawn Consulting,Northwood,Middx,Worker (A rating),Skilled Worker,,,https://www.bing.com/search?q=Red+Box+Telecom+Ltd+t%2Fas+Red+Dawn+Consulting+official+website,,,,https://www.bing.com/search?q=Red+Box+Telecom+Ltd+t%2Fas+Red+Dawn+Consulting+careers
Red Gate Software Ltd,Cambridge,Cambridgeshire,Worker (A rating),Global Business Mobility: Senior or Specialist Worker,,,https://www.bing.com/search?q=Red+Gate+Software+Ltd+official+website,,,,https://www.bing.com/search?q=Red+Gate+Software+Ltd+careers
Red Gate Software Ltd,Cambridge,Cambridgeshire,Worker (A rating),Skilled Worker,,,https://www.bing.com/search?q=Red+Gate+Software+Ltd+official+website,,,,https://www.bing.com/search?q=Red+Gate+Software+Ltd+careers
Red Lantern Digital Media Limited,Cheshire,,Worker (A rating),Skilled Worker,,,https://www.bing.com/search?q=Red+Lantern+Digital+Media+Limited+official+website,,,,https://www.bing.com/search?q=Red+Lantern+Digital+Media+Limited+careers
Red Panda Software Ltd,Kenilworth,Warwickshire,Worker (A rating),Skilled Worker,,,https://www.bing.com/search?q=Red+Panda+Software+Ltd+official+website,,,,https://www.bing.com/search?q=Red+Panda+Software+Ltd+careers
Red Technology Solutions Limited,Witney,Oxfordshire,Worker (A rating),Skilled Worker,,,https://www.bing.com/search?q=Red+Technology+Solutions+Limited+official+website,,,,https://www.bing.com/search?q=Red+Technology+Solutions+Limited+careers
Red Telecom Ltd T/A Vodafone Ltd,Newark,,Worker (A rating),Skilled Worker,,,https://www.bing.com/search?q=Red+Telecom+Ltd+T%2FA+Vodafone+Ltd+official+website,,,,https://www.bing.com/search?q=Red+Telecom+Ltd+T%2FA+Vodafone+Ltd+careers
Redbox Digital Limited,London,,Worker (A rating),Skilled Worker,,,https://www.bing.com/search?q=Redbox+Digital+Limited+official+website,,,,https://www.bing.com/search?q=Redbox+Digital+Limited+careers
RedCloud Technologies Ltd,London,,Worker (A rating),Global Business Mobility: Senior or Specialist Worker,,,https://www.bing.com/search?q=RedCloud+Technologies+Ltd+official+website,,,,https://www.bing.com/search?q=RedCloud+Technologies+Ltd+careers
RedCloud Technologies Ltd,London,,Worker (A rating),Skilled Worker,,,https://www.bing.com/search?q=RedCloud+Technologies+Ltd+official+website,,,,https://www.bing.com/search?q=RedCloud+Technologies+Ltd+careers
RedCloud Technologies Ltd,London,London,Worker (A rating),Skilled Worker,,,https://www.bing.com/search?q=RedCloud+Technologies+Ltd+official+website,,,,https://www.bing.com/search?q=RedCloud+Technologies+Ltd+careers
Redeemer Technologies Ltd,Reading,Berkshire,Worker (A rating),Skilled Worker,,,https://www.bing.com/search?q=Redeemer+Technologies+Ltd+official+website,,,,https://www.bing.com/search?q=Redeemer+Technologies+Ltd+careers
Redev AI Ltd,London,,Worker (A rating),Skilled Worker,,,https://www.bing.com/search?q=Redev+AI+Ltd+official+website,,,,https://www.bing.com/search?q=Redev+AI+Ltd+careers
Redpanda Data EMEA Limited,Cheltenham,,Worker (A rating),Skilled Worker,,,https://www.bing.com/search?q=Redpanda+Data+EMEA+Limited+official+website,,,,https://www.bing.com/search?q=Redpanda+Data+EMEA+Limited+careers
Redpanda Data EMEA Limited,Cheltenham,,Worker (A rating),Global Business Mobility: Senior or Specialist Worker,,,https://www.bing.com/search?q=Redpanda+Data+EMEA+Limited+official+website,,,,https://www.bing.com/search?q=Redpanda+Data+EMEA+Limited+careers
REDRELIC SOFTWARE LIMITED,London,,Worker (A rating),Skilled Worker,,,https://www.bing.com/search?q=REDRELIC+SOFTWARE+LIMITED+official+website,,,,https://www.bing.com/search?q=REDRELIC+SOFTWARE+LIMITED+careers
Redscan Cyber Security Limited,London,,Worker (A rating),Skilled Worker,,,https://www.bing.com/search?q=Redscan+Cyber+Security+Limited+official+website,,,,https://www.bing.com/search?q=Redscan+Cyber+Security+Limited+careers
Redwood Software UK Ltd,Slough,,Worker (A rating),Skilled Worker,,,https://www.bing.com/search?q=Redwood+Software+UK+Ltd+official+website,,,,https://www.bing.com/search?q=Redwood+Software+UK+Ltd+careers
Redwood Technology Limited,Bracknell,Berkshire,Worker (A rating),Skilled Worker,,,https://www.bing.com/search?q=Redwood+Technology+Limited+official+website,,,,https://www.bing.com/search?q=Redwood+Technology+Limited+careers
Reference Data Services (UK) Ltd,Bristol,,Worker (A rating),Global Business Mobility: Senior or Specialist Worker,,,https://www.bing.com/search?q=Reference+Data+Services+%28UK%29+Ltd+official+website,,,,https://www.bing.com/search?q=Reference+Data+Services+%28UK%29+Ltd+careers
Reference Data Services (UK) Ltd,Bristol,,Worker (A rating),Skilled Worker,,,https://www.bing.com/search?q=Reference+Data+Services+%28UK%29+Ltd+official+website,,,,https://www.bing.com/search?q=Reference+Data+Services+%28UK%29+Ltd+careers
Reflect Digital Ltd,Maidstone,Kent,Worker (A rating),Skilled Worker,,,https://www.bing.com/search?q=Reflect+Digital+Ltd+official+website,,,,https://www.bing.com/search?q=Reflect+Digital+Ltd+careers
Reflection AI UK Ltd,London,,Worker (A rating),Skilled Worker,,,https://www.bing.com/search?q=Reflection+AI+UK+Ltd+official+website,,,,https://www.bing.com/search?q=Reflection+AI+UK+Ltd+careers
Reflex Data Systems Limited,Hull,East Riding of Yorkshire,Worker (A rating),Skilled Worker,,,https://www.bing.com/search?q=Reflex+Data+Systems+Limited+official+website,,,,https://www.bing.com/search?q=Reflex+Data+Systems+Limited+careers
Refract Software Ltd,Newcastle Upon Tyne,,Worker (A rating),Global Business Mobility: Senior or Specialist Worker,,,https://www.bing.com/search?q=Refract+Software+Ltd+official+website,,,,https://www.bing.com/search?q=Refract+Software+Ltd+careers
Refract Software Ltd,Newcastle Upon Tyne,,Worker (A rating),Skilled Worker,,,https://www.bing.com/search?q=Refract+Software+Ltd+official+website,,,,https://www.bing.com/search?q=Refract+Software+Ltd+careers
REGENTS COMPUTER LIMITED,Ilford,,Worker (A rating),Skilled Worker,,,https://www.bing.com/search?q=REGENTS+COMPUTER+LIMITED+official+website,,,,https://www.bing.com/search?q=REGENTS+COMPUTER+LIMITED+careers
Reka AI Ltd,London,,Worker (A rating),Skilled Worker,,,https://www.bing.com/search?q=Reka+AI+Ltd+official+website,,,,https://www.bing.com/search?q=Reka+AI+Ltd+careers
Reka AI Ltd,London,,Worker (A rating),Global Business Mobility: Senior or Specialist Worker,,,https://www.bing.com/search?q=Reka+AI+Ltd+official+website,,,,https://www.bing.com/search?q=Reka+AI+Ltd+careers
Relay Technologies Limited,London,London,Worker (A rating),Skilled Worker,,,https://www.bing.com/search?q=Relay+Technologies+Limited+official+website,,,,https://www.bing.com/search?q=Relay+Technologies+Limited+careers
RELCO SOFTWARE LTD,Bristol,Georgia,Worker (A rating),Skilled Worker,,,https://www.bing.com/search?q=RELCO+SOFTWARE+LTD+official+website,,,,https://www.bing.com/search?q=RELCO+SOFTWARE+LTD+careers
RELIABLE NETWORK TECHNOLOGIES LTD,SLOUGH,-,Worker (A rating),Skilled Worker,,,https://www.bing.com/search?q=RELIABLE+NETWORK+TECHNOLOGIES+LTD+official+website,,,,https://www.bing.com/search?q=RELIABLE+NETWORK+TECHNOLOGIES+LTD+careers
Reliance Cyber Limited,London,,Worker (A rating),Skilled Worker,,,https://www.bing.com/search?q=Reliance+Cyber+Limited+official+website,,,,https://www.bing.com/search?q=Reliance+Cyber+Limited+careers
Relish Technologies Limited (trading as Beeline),London,,Worker (A rating),Skilled Worker,,,https://www.bing.com/search?q=Relish+Technologies+Limited+%28trading+as+Beeline%29+official+website,,,,https://www.bing.com/search?q=Relish+Technologies+Limited+%28trading+as+Beeline%29+careers
Reload Digital Ltd,London,,Worker (A rating),Skilled Worker,,,https://www.bing.com/search?q=Reload+Digital+Ltd+official+website,,,,https://www.bing.com/search?q=Reload+Digital+Ltd+careers
Remade Network Limited,GLASGOW,,Worker (A rating),Skilled Worker,,,https://www.bing.com/search?q=Remade+Network+Limited+official+website,,,,https://www.bing.com/search?q=Remade+Network+Limited+careers
Remark AI UK Limited,Watford,,Worker (A rating),Skilled Worker,,,https://www.bing.com/search?q=Remark+AI+UK+Limited+official+website,,,,https://www.bing.com/search?q=Remark+AI+UK+Limited+careers
Remnant Christian Network Wales LTD,Cardiff,,Temporary Worker (A rating),Religious Worker,,,https://www.bing.com/search?q=Remnant+Christian+Network+Wales+LTD+official+website,,,,https://www.bing.com/search?q=Remnant+Christian+Network+Wales+LTD+careers
Remote Diagnostic Technologies Limited,Farnborough,,Worker (A rating),Skilled Worker,,,https://www.bing.com/search?q=Remote+Diagnostic+Technologies+Limited+official+website,,,,https://www.bing.com/search?q=Remote+Diagnostic+Technologies+Limited+careers
Remote Technology Services LTD,London,,Worker (A rating),Skilled Worker,,,https://www.bing.com/search?q=Remote+Technology+Services+LTD+official+website,,,,https://www.bing.com/search?q=Remote+Technology+Services+LTD+careers
Remote Technology Services LTD,London,,Worker (A rating),Global Business Mobility: Senior or Specialist Worker,,,https://www.bing.com/search?q=Remote+Technology+Services+LTD+official+website,,,,https://www.bing.com/search?q=Remote+Technology+Services+LTD+careers
RENAISSANCE INFOTECH LIMITED,Wallington,,Worker (A rating),Skilled Worker,,,https://www.bing.com/search?q=RENAISSANCE+INFOTECH+LIMITED+official+website,,,,https://www.bing.com/search?q=RENAISSANCE+INFOTECH+LIMITED+careers
RENEWABLE NETWORK LTD,Bradford,,Worker (A rating),Skilled Worker,,,https://www.bing.com/search?q=RENEWABLE+NETWORK+LTD+official+website,,,,https://www.bing.com/search?q=RENEWABLE+NETWORK+LTD+careers
Repeat Digital Ltd,Nottingham,,Worker (A rating),Skilled Worker,,,https://www.bing.com/search?q=Repeat+Digital+Ltd+official+website,,,,https://www.bing.com/search?q=Repeat+Digital+Ltd+careers
RESEARCH DATA SCOTLAND,Edinburgh,,Worker (A rating),Skilled Worker,,,https://www.bing.com/search?q=RESEARCH+DATA+SCOTLAND+official+website,,,,https://www.bing.com/search?q=RESEARCH+DATA+SCOTLAND+careers
Resistant AI Limited,Warwick,,Worker (A rating),Global Business Mobility: Senior or Specialist Worker,,,https://www.bing.com/search?q=Resistant+AI+Limited+official+website,,,,https://www.bing.com/search?q=Resistant+AI+Limited+careers
Resource Data Management LTD,Glasgow,,Worker (A rating),Skilled Worker,,,https://www.bing.com/search?q=Resource+Data+Management+LTD+official+website,,,,https://www.bing.com/search?q=Resource+Data+Management+LTD+careers
Restore Technology Ltd,Cardington,Bedford,Worker (A rating),Skilled Worker,,,https://www.bing.com/search?q=Restore+Technology+Ltd+official+website,,,,https://www.bing.com/search?q=Restore+Technology+Ltd+careers
RETAIL TECHNOLOGY LTD,Belvedere,Kent,Worker (A rating),Skilled Worker,,,https://www.bing.com/search?q=RETAIL+TECHNOLOGY+LTD+official+website,,,,https://www.bing.com/search?q=RETAIL+TECHNOLOGY+LTD+careers
Retails Computer Solutions Ltd,Leeds,,Worker (A rating),Skilled Worker,,,https://www.bing.com/search?q=Retails+Computer+Solutions+Ltd+official+website,,,,https://www.bing.com/search?q=Retails+Computer+Solutions+Ltd+careers
RETN NETWORKS LTD,London,,Worker (A rating),Skilled Worker,,,https://www.bing.com/search?q=RETN+NETWORKS+LTD+official+website,,,,https://www.bing.com/search?q=RETN+NETWORKS+LTD+careers
Reuse Technology Group Ltd,Rainham,Essex,Worker (A rating),Skilled Worker,,,https://www.bing.com/search?q=Reuse+Technology+Group+Ltd+official+website,,,,https://www.bing.com/search?q=Reuse+Technology+Group+Ltd+careers
Reve Cloud Ltd,London,,Worker (A rating),Skilled Worker,,,https://www.bing.com/search?q=Reve+Cloud+Ltd+official+website,,,,https://www.bing.com/search?q=Reve+Cloud+Ltd+careers
Reveal AI Ltd,London,,Worker (A rating),Skilled Worker,,,https://www.bing.com/search?q=Reveal+AI+Ltd+official+website,,,,https://www.bing.com/search?q=Reveal+AI+Ltd+careers
Reward Cloud Ltd t/a Tillo,Hove,,Worker (A rating),Skilled Worker,,,https://www.bing.com/search?q=Reward+Cloud+Ltd+t%2Fa+Tillo+official+website,,,,https://www.bing.com/search?q=Reward+Cloud+Ltd+t%2Fa+Tillo+careers
Reyan Technologies Ltd,Hounslow,UK,Worker (A rating),Skilled Worker,,,https://www.bing.com/search?q=Reyan+Technologies+Ltd+official+website,,,,https://www.bing.com/search?q=Reyan+Technologies+Ltd+careers
Rezolve AI PLC,London,,Worker (A rating),Skilled Worker,,,https://www.bing.com/search?q=Rezolve+AI+PLC+official+website,,,,https://www.bing.com/search?q=Rezolve+AI+PLC+careers
Riana Development Network,London,London,Temporary Worker (A rating),Charity Worker,,,https://www.bing.com/search?q=Riana+Development+Network+official+website,,,,https://www.bing.com/search?q=Riana+Development+Network+careers
Riana Development Network,London,London,Worker (A rating),Skilled Worker,,,https://www.bing.com/search?q=Riana+Development+Network+official+website,,,,https://www.bing.com/search?q=Riana+Development+Network+careers
Ribbon Technologies Ltd,London,,Worker (A rating),Skilled Worker,,,https://www.bing.com/search?q=Ribbon+Technologies+Ltd+official+website,,,,https://www.bing.com/search?q=Ribbon+Technologies+Ltd+careers
Rightsline Software UK Ltd,London,,Worker (A rating),Skilled Worker,,,https://www.bing.com/search?q=Rightsline+Software+UK+Ltd+official+website,,,,https://www.bing.com/search?q=Rightsline+Software+UK+Ltd+careers
Rightsline Software UK Ltd,London,,Worker (A rating),Global Business Mobility: Senior or Specialist Worker,,,https://www.bing.com/search?q=Rightsline+Software+UK+Ltd+official+website,,,,https://www.bing.com/search?q=Rightsline+Software+UK+Ltd+careers
RIMAC TECHNOLOGY R&D UK LIMITED,Witney,,Worker (A rating),Skilled Worker,,,https://www.bing.com/search?q=RIMAC+TECHNOLOGY+R%26D+UK+LIMITED+official+website,,,,https://www.bing.com/search?q=RIMAC+TECHNOLOGY+R%26D+UK+LIMITED+careers
Rimes Technologies Limited,London,,Worker (A rating),Global Business Mobility: Senior or Specialist Worker,,,https://www.bing.com/search?q=Rimes+Technologies+Limited+official+website,,,,https://www.bing.com/search?q=Rimes+Technologies+Limited+careers
Rimes Technologies Limited,London,,Worker (A rating),Skilled Worker,,,https://www.bing.com/search?q=Rimes+Technologies+Limited+official+website,,,,https://www.bing.com/search?q=Rimes+Technologies+Limited+careers
RISING MEDICAL TECHNOLOGIES LIMITED,Hitchin,,Worker (A rating),Skilled Worker,,,https://www.bing.com/search?q=RISING+MEDICAL+TECHNOLOGIES+LIMITED+official+website,,,,https://www.bing.com/search?q=RISING+MEDICAL+TECHNOLOGIES+LIMITED+careers
RISING TECHNOLOGIES UK LTD,London,Central business district,Worker (A rating),Skilled Worker,,,https://www.bing.com/search?q=RISING+TECHNOLOGIES+UK+LTD+official+website,,,,https://www.bing.com/search?q=RISING+TECHNOLOGIES+UK+LTD+careers
Rising Tide AI Ltd,Leeds,West Yorkshire,Worker (A rating),Skilled Worker,,,https://www.bing.com/search?q=Rising+Tide+AI+Ltd+official+website,,,,https://www.bing.com/search?q=Rising+Tide+AI+Ltd+careers
Riskent Technologies Limited,Taplow,Buckinghamshire,Worker (A rating),Skilled Worker,,,https://www.bing.com/search?q=Riskent+Technologies+Limited+official+website,,,,https://www.bing.com/search?q=Riskent+Technologies+Limited+careers
Rival Technologies Ltd,London,,Worker (A rating),Skilled Worker,,,https://www.bing.com/search?q=Rival+Technologies+Ltd+official+website,,,,https://www.bing.com/search?q=Rival+Technologies+Ltd+careers
Riverbed Technology Limited,London,,Worker (A rating),Global Business Mobility: Senior or Specialist Worker,,,https://www.bing.com/search?q=Riverbed+Technology+Limited+official+website,,,,https://www.bing.com/search?q=Riverbed+Technology+Limited+careers
Riverbed Technology Limited,London,,Worker (A rating),Skilled Worker,,,https://www.bing.com/search?q=Riverbed+Technology+Limited+official+website,,,,https://www.bing.com/search?q=Riverbed+Technology+Limited+careers
RIVERS TECHNOLOGY CONSULTING LTD,Wilmslow,,Worker (A rating),Skilled Worker,,,https://www.bing.com/search?q=RIVERS+TECHNOLOGY+CONSULTING+LTD+official+website,,,,https://www.bing.com/search?q=RIVERS+TECHNOLOGY+CONSULTING+LTD+careers
Riversland Technologies Ltd,Aylesbury,,Worker (A rating),Skilled Worker,,,https://www.bing.com/search?q=Riversland+Technologies+Ltd+official+website,,,,https://www.bing.com/search?q=Riversland+Technologies+Ltd+careers
RJ Software Solutions Ltd,Hounslow,,Worker (A rating),Skilled Worker,,,https://www.bing.com/search?q=RJ+Software+Solutions+Ltd+official+website,,,,https://www.bing.com/search?q=RJ+Software+Solutions+Ltd+careers
RMG Networks Limited,Luton,Bedfordshire,Worker (A rating),Skilled Worker,,,https://www.bing.com/search?q=RMG+Networks+Limited+official+website,,,,https://www.bing.com/search?q=RMG+Networks+Limited+careers
Roadside Technologies Ltd,Chesterfield,Derbyshire,Worker (A rating),Skilled Worker,,,https://www.bing.com/search?q=Roadside+Technologies+Ltd+official+website,,,,https://www.bing.com/search?q=Roadside+Technologies+Ltd+careers
Roaming Network Solutions Ltd,London,,Worker (A rating),Global Business Mobility: Senior or Specialist Worker,,,https://www.bing.com/search?q=Roaming+Network+Solutions+Ltd+official+website,,,,https://www.bing.com/search?q=Roaming+Network+Solutions+Ltd+careers
Roaming Network Solutions Ltd,London,,Worker (A rating),Skilled Worker,,,https://www.bing.com/search?q=Roaming+Network+Solutions+Ltd+official+website,,,,https://www.bing.com/search?q=Roaming+Network+Solutions+Ltd+careers
Roar Digital Limited,London,Greater London,Worker (A rating),Skilled Worker,,,https://www.bing.com/search?q=Roar+Digital+Limited+official+website,,,,https://www.bing.com/search?q=Roar+Digital+Limited+careers
Robin AI Limited,London,,Worker (A rating),Skilled Worker,,,https://www.bing.com/search?q=Robin+AI+Limited+official+website,,,,https://www.bing.com/search?q=Robin+AI+Limited+careers
Robosoft Technologies UK Limited,London,,Worker (A rating),Skilled Worker,,,https://www.bing.com/search?q=Robosoft+Technologies+UK+Limited+official+website,,,,https://www.bing.com/search?q=Robosoft+Technologies+UK+Limited+careers
Robosol Software UK Limited,Basildon,,Worker (A rating),Skilled Worker,,,https://www.bing.com/search?q=Robosol+Software+UK+Limited+official+website,,,,https://www.bing.com/search?q=Robosol+Software+UK+Limited+careers
Robotiz3d Technology Ltd,Warrington,,Worker (A rating),Skilled Worker,,,https://www.bing.com/search?q=Robotiz3d+Technology+Ltd+official+website,,,,https://www.bing.com/search?q=Robotiz3d+Technology+Ltd+careers
Rocket Software UK Limited,London,,Worker (A rating),Skilled Worker,,,https://www.bing.com/search?q=Rocket+Software+UK+Limited+official+website,,,,https://www.bing.com/search?q=Rocket+Software+UK+Limited+careers
Rockfield Software Ltd,Swansea,UK,Worker (A rating),Skilled Worker,,,https://www.bing.com/search?q=Rockfield+Software+Ltd+official+website,,,,https://www.bing.com/search?q=Rockfield+Software+Ltd+careers
Rogo Technologies Ltd,London,,Worker (A rating),Global Business Mobility: Senior or Specialist Worker,,,https://www.bing.com/search?q=Rogo+Technologies+Ltd+official+website,,,,https://www.bing.com/search?q=Rogo+Technologies+Ltd+careers
Rogo Technologies Ltd,London,,Worker (A rating),Skilled Worker,,,https://www.bing.com/search?q=Rogo+Technologies+Ltd+official+website,,,,https://www.bing.com/search?q=Rogo+Technologies+Ltd+careers
ROLLER Networks LTD,London,,Worker (A rating),Global Business Mobility: Senior or Specialist Worker,,,https://www.bing.com/search?q=ROLLER+Networks+LTD+official+website,,,,https://www.bing.com/search?q=ROLLER+Networks+LTD+careers
ROLLER Networks LTD,London,,Worker (A rating),Skilled Worker,,,https://www.bing.com/search?q=ROLLER+Networks+LTD+official+website,,,,https://www.bing.com/search?q=ROLLER+Networks+LTD+careers
Romax Technology Limited,Nottingham,,Worker (A rating),Skilled Worker,,,https://www.bing.com/search?q=Romax+Technology+Limited+official+website,,,,https://www.bing.com/search?q=Romax+Technology+Limited+careers
Romax Technology Limited,Nottingham,,Worker (A rating),Global Business Mobility: Senior or Specialist Worker,,,https://www.bing.com/search?q=Romax+Technology+Limited+official+website,,,,https://www.bing.com/search?q=Romax+Technology+Limited+careers
Rooster technology ltd,Winchester,Hampshire,Worker (A rating),Skilled Worker,,,https://www.bing.com/search?q=Rooster+technology+ltd+official+website,,,,https://www.bing.com/search?q=Rooster+technology+ltd+careers
Root Digital Limited,Bromley,Kent,Worker (A rating),Skilled Worker,,,https://www.bing.com/search?q=Root+Digital+Limited+official+website,,,,https://www.bing.com/search?q=Root+Digital+Limited+careers
Rose Lane Technology,Liverpool,Merseyside,Worker (A rating),Skilled Worker,,,https://www.bing.com/search?q=Rose+Lane+Technology+official+website,,,,https://www.bing.com/search?q=Rose+Lane+Technology+careers
Roslin Technologies Limited,Midlothian,,Worker (A rating),Skilled Worker,,,https://www.bing.com/search?q=Roslin+Technologies+Limited+official+website,,,,https://www.bing.com/search?q=Roslin+Technologies+Limited+careers
ROVER DIGITAL LTD,LONDON,,Worker (A rating),Skilled Worker,,,https://www.bing.com/search?q=ROVER+DIGITAL+LTD+official+website,,,,https://www.bing.com/search?q=ROVER+DIGITAL+LTD+careers
RS Data Tech Ltd,Manchester,,Worker (A rating),Global Business Mobility: Senior or Specialist Worker,,,https://www.bing.com/search?q=RS+Data+Tech+Ltd+official+website,,,,https://www.bing.com/search?q=RS+Data+Tech+Ltd+careers
RS Data Tech Ltd,Manchester,,Worker (A rating),Skilled Worker,,,https://www.bing.com/search?q=RS+Data+Tech+Ltd+official+website,,,,https://www.bing.com/search?q=RS+Data+Tech+Ltd+careers
RS Engineering & Technology Limited,Aberdeen,Aberdeenshire,Worker (A rating),Skilled Worker,,,https://www.bing.com/search?q=RS+Engineering+%26+Technology+Limited+official+website,,,,https://www.bing.com/search?q=RS+Engineering+%26+Technology+Limited+careers
RSR Technologies Ltd,Rugby,,Worker (A rating),Skilled Worker,,,https://www.bing.com/search?q=RSR+Technologies+Ltd+official+website,,,,https://www.bing.com/search?q=RSR+Technologies+Ltd+careers
RTB Technologies UK Limited,Watford,,Worker (A rating),Skilled Worker,,,https://www.bing.com/search?q=RTB+Technologies+UK+Limited+official+website,,,,https://www.bing.com/search?q=RTB+Technologies+UK+Limited+careers
RTB Technologies UK Limited,Watford,,Worker (A rating),Global Business Mobility: Senior or Specialist Worker,,,https://www.bing.com/search?q=RTB+Technologies+UK+Limited+official+website,,,,https://www.bing.com/search?q=RTB+Technologies+UK+Limited+careers
RTS Technology Solutions Ltd T/A vanti,Birmingham,West Midlands,Worker (A rating),Skilled Worker,,,https://www.bing.com/search?q=RTS+Technology+Solutions+Ltd+T%2FA+vanti+official+website,,,,https://www.bing.com/search?q=RTS+Technology+Solutions+Ltd+T%2FA+vanti+careers
Ruijie Networks (UK) Limited,Reading,,Worker (A rating),Global Business Mobility: Senior or Specialist Worker,,,https://www.bing.com/search?q=Ruijie+Networks+%28UK%29+Limited+official+website,,,,https://www.bing.com/search?q=Ruijie+Networks+%28UK%29+Limited+careers
Ruijie Networks (UK) Limited,Reading,,Worker (A rating),Skilled Worker,,,https://www.bing.com/search?q=Ruijie+Networks+%28UK%29+Limited+official+website,,,,https://www.bing.com/search?q=Ruijie+Networks+%28UK%29+Limited+careers
Runa Network Ltd t/a Runa,London,,Worker (A rating),Skilled Worker,,,https://www.bing.com/search?q=Runa+Network+Ltd+t%2Fa+Runa+official+website,,,,https://www.bing.com/search?q=Runa+Network+Ltd+t%2Fa+Runa+careers
Runibex Technology Ltd.,London,London,Worker (A rating),Global Business Mobility: Senior or Specialist Worker,,,https://www.bing.com/search?q=Runibex+Technology+Ltd.+official+website,,,,https://www.bing.com/search?q=Runibex+Technology+Ltd.+careers
Runibex Technology Ltd.,London,London,Worker (A rating),Skilled Worker,,,https://www.bing.com/search?q=Runibex+Technology+Ltd.+official+website,,,,https://www.bing.com/search?q=Runibex+Technology+Ltd.+careers
RYAN INFOTECH LIMITED,Camberley,Surrey,Worker (A rating),Skilled Worker,,,https://www.bing.com/search?q=RYAN+INFOTECH+LIMITED+official+website,,,,https://www.bing.com/search?q=RYAN+INFOTECH+LIMITED+careers
S R Software Solutions Ltd (trading address),Milton Keynes,,Worker (A rating),Skilled Worker,,,https://www.bing.com/search?q=S+R+Software+Solutions+Ltd+%28trading+address%29+official+website,,,,https://www.bing.com/search?q=S+R+Software+Solutions+Ltd+%28trading+address%29+careers
S SOFTWARE LTD,KEIGHLEY,WEST YORKSHIRE,Worker (A rating),Skilled Worker,,,https://www.bing.com/search?q=S+SOFTWARE+LTD+official+website,,,,https://www.bing.com/search?q=S+SOFTWARE+LTD+careers
S&Q Digital Media C.I.C,Bradford,,Worker (A rating),Skilled Worker,,,https://www.bing.com/search?q=S%26Q+Digital+Media+C.I.C+official+website,,,,https://www.bing.com/search?q=S%26Q+Digital+Media+C.I.C+careers
S&S ICT NETWORKS LIMITED,LONDON,,Worker (A rating),Skilled Worker,,,https://www.bing.com/search?q=S%26S+ICT+NETWORKS+LIMITED+official+website,,,,https://www.bing.com/search?q=S%26S+ICT+NETWORKS+LIMITED+careers
S-Frame Software (UK) Ltd,London,,Worker (A rating),Skilled Worker,,,https://www.bing.com/search?q=S-Frame+Software+%28UK%29+Ltd+official+website,,,,https://www.bing.com/search?q=S-Frame+Software+%28UK%29+Ltd+careers
S3M TECHNOLOGY PVT LIMITED,Dartford,,Worker (A rating),Skilled Worker,,,https://www.bing.com/search?q=S3M+TECHNOLOGY+PVT+LIMITED+official+website,,,,https://www.bing.com/search?q=S3M+TECHNOLOGY+PVT+LIMITED+careers
SA DIGITAL SERVICES CCTV LTD,Birmingham,,Worker (A rating),Skilled Worker,,,https://www.bing.com/search?q=SA+DIGITAL+SERVICES+CCTV+LTD+official+website,,,,https://www.bing.com/search?q=SA+DIGITAL+SERVICES+CCTV+LTD+careers
SAAMA TECHNOLOGIES UK LTD,Surrey,,Worker (A rating),Global Business Mobility: Senior or Specialist Worker,,,https://www.bing.com/search?q=SAAMA+TECHNOLOGIES+UK+LTD+official+website,,,,https://www.bing.com/search?q=SAAMA+TECHNOLOGIES+UK+LTD+careers
SAAMA TECHNOLOGIES UK LTD,Surrey,,Worker (A rating),Skilled Worker,,,https://www.bing.com/search?q=SAAMA+TECHNOLOGIES+UK+LTD+official+website,,,,https://www.bing.com/search?q=SAAMA+TECHNOLOGIES+UK+LTD+careers
SAAS&CLOUD LIMITED,SOUTHEND ON SEA,Essex,Worker (A rating),Skilled Worker,,,https://www.bing.com/search?q=SAAS%26CLOUD+LIMITED+official+website,,,,https://www.bing.com/search?q=SAAS%26CLOUD+LIMITED+careers
Sabe Technology Limited,Towcester,,Worker (A rating),Skilled Worker,,,https://www.bing.com/search?q=Sabe+Technology+Limited+official+website,,,,https://www.bing.com/search?q=Sabe+Technology+Limited+careers
Sabre Global Technologies Ltd,Richmond,,Worker (A rating),Skilled Worker,,,https://www.bing.com/search?q=Sabre+Global+Technologies+Ltd+official+website,,,,https://www.bing.com/search?q=Sabre+Global+Technologies+Ltd+careers
Sabre Global Technologies Ltd,Richmond,,Worker (A rating),Global Business Mobility: Senior or Specialist Worker,,,https://www.bing.com/search?q=Sabre+Global+Technologies+Ltd+official+website,,,,https://www.bing.com/search?q=Sabre+Global+Technologies+Ltd+careers
Safeguarding Network Ltd,Totnes,,Worker (A rating),Skilled Worker,,,https://www.bing.com/search?q=Safeguarding+Network+Ltd+official+website,,,,https://www.bing.com/search?q=Safeguarding+Network+Ltd+careers
"SAFETY, TECHNOLOGY & LEGISLATION LIMITED",Swindon,Wiltshire,Worker (A rating),Skilled Worker,,,https://www.bing.com/search?q=SAFETY%2C+TECHNOLOGY+%26+LEGISLATION+LIMITED+official+website,,,,https://www.bing.com/search?q=SAFETY%2C+TECHNOLOGY+%26+LEGISLATION+LIMITED+careers
Safi Technologies Ltd,London,,Worker (A rating),Scale-up,,,https://www.bing.com/search?q=Safi+Technologies+Ltd+official+website,,,,https://www.bing.com/search?q=Safi+Technologies+Ltd+careers
Safi Technologies Ltd,London,,Worker (A rating),Skilled Worker,,,https://www.bing.com/search?q=Safi+Technologies+Ltd+official+website,,,,https://www.bing.com/search?q=Safi+Technologies+Ltd+careers
Saga Technology Limited,Romford,Essex,Worker (A rating),Skilled Worker,,,https://www.bing.com/search?q=Saga+Technology+Limited+official+website,,,,https://www.bing.com/search?q=Saga+Technology+Limited+careers
Sahaj Software Solutions UK Limited,London,,Worker (A rating),Global Business Mobility: Senior or Specialist Worker,,,https://www.bing.com/search?q=Sahaj+Software+Solutions+UK+Limited+official+website,,,,https://www.bing.com/search?q=Sahaj+Software+Solutions+UK+Limited+careers
Sahaj Software Solutions UK Limited,London,,Worker (A rating),Skilled Worker,,,https://www.bing.com/search?q=Sahaj+Software+Solutions+UK+Limited+official+website,,,,https://www.bing.com/search?q=Sahaj+Software+Solutions+UK+Limited+careers
SAI SRIKAR TECHNOLOGIES LIMITED,Hounslow,,Worker (A rating),Skilled Worker,,,https://www.bing.com/search?q=SAI+SRIKAR+TECHNOLOGIES+LIMITED+official+website,,,,https://www.bing.com/search?q=SAI+SRIKAR+TECHNOLOGIES+LIMITED+careers
Sai Technology Solutions Ltd,Tring,,Worker (A rating),Skilled Worker,,,https://www.bing.com/search?q=Sai+Technology+Solutions+Ltd+official+website,,,,https://www.bing.com/search?q=Sai+Technology+Solutions+Ltd+careers
SailPoint Technologies UK Ltd,London,,Worker (A rating),Skilled Worker,,,https://www.bing.com/search?q=SailPoint+Technologies+UK+Ltd+official+website,,,,https://www.bing.com/search?q=SailPoint+Technologies+UK+Ltd+careers
SailPoint Technologies UK Ltd,London,,Worker (A rating),Global Business Mobility: Senior or Specialist Worker,,,https://www.bing.com/search?q=SailPoint+Technologies+UK+Ltd+official+website,,,,https://www.bing.com/search?q=SailPoint+Technologies+UK+Ltd+careers
Saiven Technology Solutions Limited,Swindon,,Worker (A rating),Skilled Worker,,,https://www.bing.com/search?q=Saiven+Technology+Solutions+Limited+official+website,,,,https://www.bing.com/search?q=Saiven+Technology+Solutions+Limited+careers
Saltire Technology Events Limited,EDINBURGH,City of Edinburgh,Worker (A rating),Skilled Worker,,,https://www.bing.com/search?q=Saltire+Technology+Events+Limited+official+website,,,,https://www.bing.com/search?q=Saltire+Technology+Events+Limited+careers
Sam Computer Solutions Limited,Edinburgh,,Worker (A rating),Skilled Worker,,,https://www.bing.com/search?q=Sam+Computer+Solutions+Limited+official+website,,,,https://www.bing.com/search?q=Sam+Computer+Solutions+Limited+careers
SAM INFOTECH LTD,London,,Worker (A rating),Skilled Worker,,,https://www.bing.com/search?q=SAM+INFOTECH+LTD+official+website,,,,https://www.bing.com/search?q=SAM+INFOTECH+LTD+careers
SAM UK SOFTWARE CONSULTANCY LTD,London,,Worker (A rating),Skilled Worker,,,https://www.bing.com/search?q=SAM+UK+SOFTWARE+CONSULTANCY+LTD+official+website,,,,https://www.bing.com/search?q=SAM+UK+SOFTWARE+CONSULTANCY+LTD+careers
Samaya AI UK Limited,London,,Worker (A rating),Skilled Worker,,,https://www.bing.com/search?q=Samaya+AI+UK+Limited+official+website,,,,https://www.bing.com/search?q=Samaya+AI+UK+Limited+careers
Samaya AI UK Limited,London,,Worker (A rating),Global Business Mobility: Senior or Specialist Worker,,,https://www.bing.com/search?q=Samaya+AI+UK+Limited+official+website,,,,https://www.bing.com/search?q=Samaya+AI+UK+Limited+careers
SAMM Software Services Limited,Evesham,Worcestershire,Worker (A rating),Skilled Worker,,,https://www.bing.com/search?q=SAMM+Software+Services+Limited+official+website,,,,https://www.bing.com/search?q=SAMM+Software+Services+Limited+careers
SAMPLE DIGITAL LAB LTD,London,,Worker (A rating),Skilled Worker,,,https://www.bing.com/search?q=SAMPLE+DIGITAL+LAB+LTD+official+website,,,,https://www.bing.com/search?q=SAMPLE+DIGITAL+LAB+LTD+careers
Sampraves Technology Solutions Ltd,Halifax,West Yorkshire,Worker (A rating),Skilled Worker,,,https://www.bing.com/search?q=Sampraves+Technology+Solutions+Ltd+official+website,,,,https://www.bing.com/search?q=Sampraves+Technology+Solutions+Ltd+careers
Samsara Networks Limited,London,,Worker (A rating),Global Business Mobility: Senior or Specialist Worker,,,https://www.bing.com/search?q=Samsara+Networks+Limited+official+website,,,,https://www.bing.com/search?q=Samsara+Networks+Limited+careers
Samsara Networks Limited,London,,Worker (A rating),Skilled Worker,,,https://www.bing.com/search?q=Samsara+Networks+Limited+official+website,,,,https://www.bing.com/search?q=Samsara+Networks+Limited+careers
Samvedya Technologies Limited,Hounslow,Middlesex,Worker (A rating),Skilled Worker,,,https://www.bing.com/search?q=Samvedya+Technologies+Limited+official+website,,,,https://www.bing.com/search?q=Samvedya+Technologies+Limited+careers
SANARIA TECHNOLOGIES LIMITED,Reading,,Worker (A rating),Skilled Worker,,,https://www.bing.com/search?q=SANARIA+TECHNOLOGIES+LIMITED+official+website,,,,https://www.bing.com/search?q=SANARIA+TECHNOLOGIES+LIMITED+careers
Sand Tech AI (UK) Ltd,London,,Worker (A rating),Global Business Mobility: Senior or Specialist Worker,,,https://www.bing.com/search?q=Sand+Tech+AI+%28UK%29+Ltd+official+website,,,,https://www.bing.com/search?q=Sand+Tech+AI+%28UK%29+Ltd+careers
Sand Tech AI (UK) Ltd,London,,Worker (A rating),Skilled Worker,,,https://www.bing.com/search?q=Sand+Tech+AI+%28UK%29+Ltd+official+website,,,,https://www.bing.com/search?q=Sand+Tech+AI+%28UK%29+Ltd+careers
Sandhata Technologies Limited,Reading,Berkshire,Worker (A rating),Global Business Mobility: Senior or Specialist Worker,,,https://www.bing.com/search?q=Sandhata+Technologies+Limited+official+website,,,,https://www.bing.com/search?q=Sandhata+Technologies+Limited+careers
Sandhata Technologies Limited,Reading,Berkshire,Worker (A rating),Skilled Worker,,,https://www.bing.com/search?q=Sandhata+Technologies+Limited+official+website,,,,https://www.bing.com/search?q=Sandhata+Technologies+Limited+careers
Sandon Global Engraving Technology Ltd,Runcorn,Halton,Worker (A rating),Skilled Worker,,,https://www.bing.com/search?q=Sandon+Global+Engraving+Technology+Ltd+official+website,,,,https://www.bing.com/search?q=Sandon+Global+Engraving+Technology+Ltd+careers
Sandstone Technology (Europe) Ltd,Leeds,,Worker (A rating),Skilled Worker,,,https://www.bing.com/search?q=Sandstone+Technology+%28Europe%29+Ltd+official+website,,,,https://www.bing.com/search?q=Sandstone+Technology+%28Europe%29+Ltd+careers
Sandstone Technology (Europe) Ltd,Leeds,,Worker (A rating),Global Business Mobility: Senior or Specialist Worker,,,https://www.bing.com/search?q=Sandstone+Technology+%28Europe%29+Ltd+official+website,,,,https://www.bing.com/search?q=Sandstone+Technology+%28Europe%29+Ltd+careers
Sandwich Technology School,Sandwich,Kent,Worker (A rating),Skilled Worker,,,https://www.bing.com/search?q=Sandwich+Technology+School+official+website,,,,https://www.bing.com/search?q=Sandwich+Technology+School+careers
Sanova Technologies Limited,Slough,Berkshire,Worker (A rating),Skilled Worker,,,https://www.bing.com/search?q=Sanova+Technologies+Limited+official+website,,,,https://www.bing.com/search?q=Sanova+Technologies+Limited+careers
Sansys Technologies Limited,Ilford,,Worker (A rating),Skilled Worker,,,https://www.bing.com/search?q=Sansys+Technologies+Limited+official+website,,,,https://www.bing.com/search?q=Sansys+Technologies+Limited+careers
Sapere Software Limited,Stockton,,Worker (A rating),Skilled Worker,,,https://www.bing.com/search?q=Sapere+Software+Limited+official+website,,,,https://www.bing.com/search?q=Sapere+Software+Limited+careers
SARAS Technology Limited,Leeds,West Yorkshire,Worker (A rating),Skilled Worker,,,https://www.bing.com/search?q=SARAS+Technology+Limited+official+website,,,,https://www.bing.com/search?q=SARAS+Technology+Limited+careers
SAS Software Limited,Marlow,Buckinghamshire,Worker (A rating),Global Business Mobility: Senior or Specialist Worker,,,https://www.bing.com/search?q=SAS+Software+Limited+official+website,,,,https://www.bing.com/search?q=SAS+Software+Limited+careers
SAS Software Limited,Marlow,Buckinghamshire,Worker (A rating),Skilled Worker,,,https://www.bing.com/search?q=SAS+Software+Limited+official+website,,,,https://www.bing.com/search?q=SAS+Software+Limited+careers
SATURN TECHNOLOGIES LIMITED,LONDON,,Worker (A rating),Skilled Worker,,,https://www.bing.com/search?q=SATURN+TECHNOLOGIES+LIMITED+official+website,,,,https://www.bing.com/search?q=SATURN+TECHNOLOGIES+LIMITED+careers
Satya Infotech Limited,Cheltenham,Gloucestershire,Worker (A rating),Global Business Mobility: Senior or Specialist Worker,,,https://www.bing.com/search?q=Satya+Infotech+Limited+official+website,,,,https://www.bing.com/search?q=Satya+Infotech+Limited+careers
Satya Infotech Limited,Cheltenham,Gloucestershire,Worker (A rating),Skilled Worker,,,https://www.bing.com/search?q=Satya+Infotech+Limited+official+website,,,,https://www.bing.com/search?q=Satya+Infotech+Limited+careers
Sauce Labs Software UK Limited,Reading,,Worker (A rating),Skilled Worker,,,https://www.bing.com/search?q=Sauce+Labs+Software+UK+Limited+official+website,,,,https://www.bing.com/search?q=Sauce+Labs+Software+UK+Limited+careers
Sauce Labs Software UK Limited,Reading,,Worker (A rating),Global Business Mobility: Senior or Specialist Worker,,,https://www.bing.com/search?q=Sauce+Labs+Software+UK+Limited+official+website,,,,https://www.bing.com/search?q=Sauce+Labs+Software+UK+Limited+careers
SAVA Technologies Ltd,London,London,Worker (A rating),Skilled Worker,,,https://www.bing.com/search?q=SAVA+Technologies+Ltd+official+website,,,,https://www.bing.com/search?q=SAVA+Technologies+Ltd+careers
Sava Technology Limited,Milton Keynes,,Worker (A rating),Skilled Worker,,,https://www.bing.com/search?q=Sava+Technology+Limited+official+website,,,,https://www.bing.com/search?q=Sava+Technology+Limited+careers
SAVI Technology Ltd t/a Heavenly Desserts,Sheffield,,Worker (A rating),Skilled Worker,,,https://www.bing.com/search?q=SAVI+Technology+Ltd+t%2Fa+Heavenly+Desserts+official+website,,,,https://www.bing.com/search?q=SAVI+Technology+Ltd+t%2Fa+Heavenly+Desserts+careers
SAVITAR TECHNOLOGY LTD,Reddish,,Worker (A rating),Skilled Worker,,,https://www.bing.com/search?q=SAVITAR+TECHNOLOGY+LTD+official+website,,,,https://www.bing.com/search?q=SAVITAR+TECHNOLOGY+LTD+careers
Sawtooth Software UK Limited,Ashton-Under-Lyne,,Worker (A rating),Skilled Worker,,,https://www.bing.com/search?q=Sawtooth+Software+UK+Limited+official+website,,,,https://www.bing.com/search?q=Sawtooth+Software+UK+Limited+careers
Sawtooth Software UK Limited,Ashton-Under-Lyne,,Worker (A rating),Global Business Mobility: Senior or Specialist Worker,,,https://www.bing.com/search?q=Sawtooth+Software+UK+Limited+official+website,,,,https://www.bing.com/search?q=Sawtooth+Software+UK+Limited+careers
Say Digital Limited,London,,Worker (A rating),Skilled Worker,,,https://www.bing.com/search?q=Say+Digital+Limited+official+website,,,,https://www.bing.com/search?q=Say+Digital+Limited+careers
Say Digital Limited,London,,Temporary Worker (A rating),Global Business Mobility: Graduate Trainee,,,https://www.bing.com/search?q=Say+Digital+Limited+official+website,,,,https://www.bing.com/search?q=Say+Digital+Limited+careers
Say Digital Limited,London,,Worker (A rating),Global Business Mobility: Senior or Specialist Worker,,,https://www.bing.com/search?q=Say+Digital+Limited+official+website,,,,https://www.bing.com/search?q=Say+Digital+Limited+careers
SB TELECOM EUROPE LTD.,London,,Worker (A rating),Skilled Worker,,,https://www.bing.com/search?q=SB+TELECOM+EUROPE+LTD.+official+website,,,,https://www.bing.com/search?q=SB+TELECOM+EUROPE+LTD.+careers
SB TELECOM EUROPE LTD.,London,,Worker (A rating),Global Business Mobility: Senior or Specialist Worker,,,https://www.bing.com/search?q=SB+TELECOM+EUROPE+LTD.+official+website,,,,https://www.bing.com/search?q=SB+TELECOM+EUROPE+LTD.+careers
SBR TECHNOLOGIES INC LIMITED,Chessington,Surrey,Worker (A rating),Skilled Worker,,,https://www.bing.com/search?q=SBR+TECHNOLOGIES+INC+LIMITED+official+website,,,,https://www.bing.com/search?q=SBR+TECHNOLOGIES+INC+LIMITED+careers
SBS Financial Software UK Ltd,Sheffield,,Worker (A rating),Skilled Worker,,,https://www.bing.com/search?q=SBS+Financial+Software+UK+Ltd+official+website,,,,https://www.bing.com/search?q=SBS+Financial+Software+UK+Ltd+careers
SBS Financial Software UK Ltd,Sheffield,,Worker (A rating),Global Business Mobility: Senior or Specialist Worker,,,https://www.bing.com/search?q=SBS+Financial+Software+UK+Ltd+official+website,,,,https://www.bing.com/search?q=SBS+Financial+Software+UK+Ltd+careers
SC Technology Limited,London,,Worker (A rating),Skilled Worker,,,https://www.bing.com/search?q=SC+Technology+Limited+official+website,,,,https://www.bing.com/search?q=SC+Technology+Limited+careers
Scaffold Digital Ltd,Belfast,,Worker (A rating),Skilled Worker,,,https://www.bing.com/search?q=Scaffold+Digital+Ltd+official+website,,,,https://www.bing.com/search?q=Scaffold+Digital+Ltd+careers
Scale AI Limited,London,,Worker (A rating),Global Business Mobility: Senior or Specialist Worker,,,https://www.bing.com/search?q=Scale+AI+Limited+official+website,,,,https://www.bing.com/search?q=Scale+AI+Limited+careers
Scale AI Limited,London,,Worker (A rating),Skilled Worker,,,https://www.bing.com/search?q=Scale+AI+Limited+official+website,,,,https://www.bing.com/search?q=Scale+AI+Limited+careers
School of Business and Technology London Limited,London,England,Worker (A rating),Skilled Worker,,,https://www.bing.com/search?q=School+of+Business+and+Technology+London+Limited+official+website,,,,https://www.bing.com/search?q=School+of+Business+and+Technology+London+Limited+careers
SCHOTTEL Marine Technologies Ltd,Edinburgh,,Worker (A rating),Skilled Worker,,,https://www.bing.com/search?q=SCHOTTEL+Marine+Technologies+Ltd+official+website,,,,https://www.bing.com/search?q=SCHOTTEL+Marine+Technologies+Ltd+careers
Schrodinger Technologies Limited,London,London,Worker (A rating),Global Business Mobility: Senior or Specialist Worker,,,https://www.bing.com/search?q=Schrodinger+Technologies+Limited+official+website,,,,https://www.bing.com/search?q=Schrodinger+Technologies+Limited+careers
Schrodinger Technologies Limited,London,London,Worker (A rating),Skilled Worker,,,https://www.bing.com/search?q=Schrodinger+Technologies+Limited+official+website,,,,https://www.bing.com/search?q=Schrodinger+Technologies+Limited+careers
Schunk Carbon Technology Limited,Pudsey,West Yorkshire,Worker (A rating),Skilled Worker,,,https://www.bing.com/search?q=Schunk+Carbon+Technology+Limited+official+website,,,,https://www.bing.com/search?q=Schunk+Carbon+Technology+Limited+careers
Score Genius Technology Ltd,London,"London, City of",Worker (A rating),Skilled Worker,,,https://www.bing.com/search?q=Score+Genius+Technology+Ltd+official+website,,,,https://www.bing.com/search?q=Score+Genius+Technology+Ltd+careers
Scotia Gas Networks Ltd t/a SGN,Horley,Surrey,Worker (A rating),Skilled Worker,,,https://www.bing.com/search?q=Scotia+Gas+Networks+Ltd+t%2Fa+SGN+official+website,,,,https://www.bing.com/search?q=Scotia+Gas+Networks+Ltd+t%2Fa+SGN+careers
Scottish Network Churches,Dunfermline,Fife,Worker (A rating),Tier 2 Ministers of Religion,,,https://www.bing.com/search?q=Scottish+Network+Churches+official+website,,,,https://www.bing.com/search?q=Scottish+Network+Churches+careers
Scraye Technologies Ltd.,London,,Worker (A rating),Skilled Worker,,,https://www.bing.com/search?q=Scraye+Technologies+Ltd.+official+website,,,,https://www.bing.com/search?q=Scraye+Technologies+Ltd.+careers
Scrub AI Holdings Ltd,London,,Worker (A rating),Skilled Worker,,,https://www.bing.com/search?q=Scrub+AI+Holdings+Ltd+official+website,,,,https://www.bing.com/search?q=Scrub+AI+Holdings+Ltd+careers
SDET Digital Ltd,Morley,Leeds,Worker (A rating),Skilled Worker,,,https://www.bing.com/search?q=SDET+Digital+Ltd+official+website,,,,https://www.bing.com/search?q=SDET+Digital+Ltd+careers
SDM Housing Software Ltd,Cheshire,,Worker (A rating),Skilled Worker,,,https://www.bing.com/search?q=SDM+Housing+Software+Ltd+official+website,,,,https://www.bing.com/search?q=SDM+Housing+Software+Ltd+careers
Seaborn Software Ltd,London,,Worker (A rating),Skilled Worker,,,https://www.bing.com/search?q=Seaborn+Software+Ltd+official+website,,,,https://www.bing.com/search?q=Seaborn+Software+Ltd+careers
Seagate Technology (Ireland),Londonderry,Northern Ireland,Worker (A rating),Skilled Worker,,,https://www.bing.com/search?q=Seagate+Technology+%28Ireland%29+official+website,,,,https://www.bing.com/search?q=Seagate+Technology+%28Ireland%29+careers
Seagate Technology (Ireland),Londonderry,Northern Ireland,Worker (A rating),Global Business Mobility: Senior or Specialist Worker,,,https://www.bing.com/search?q=Seagate+Technology+%28Ireland%29+official+website,,,,https://www.bing.com/search?q=Seagate+Technology+%28Ireland%29+careers
Searchlight Cyber Ltd,Portsmouth,England - South East,Worker (A rating),Skilled Worker,,,https://www.bing.com/search?q=Searchlight+Cyber+Ltd+official+website,,,,https://www.bing.com/search?q=Searchlight+Cyber+Ltd+careers
Seattle Software t/a Orbus Software,London,,Worker (A rating),Skilled Worker,,,https://www.bing.com/search?q=Seattle+Software+t%2Fa+Orbus+Software+official+website,,,,https://www.bing.com/search?q=Seattle+Software+t%2Fa+Orbus+Software+careers
Secon Cyber Security Ltd,London,,Worker (A rating),Skilled Worker,,,https://www.bing.com/search?q=Secon+Cyber+Security+Ltd+official+website,,,,https://www.bing.com/search?q=Secon+Cyber+Security+Ltd+careers
SECURE TECHNOLOGIES LTD,ST NEOTS,CAMBRIDGESHIRE,Worker (A rating),Skilled Worker,,,https://www.bing.com/search?q=SECURE+TECHNOLOGIES+LTD+official+website,,,,https://www.bing.com/search?q=SECURE+TECHNOLOGIES+LTD+careers
Secure Technology Solutions Limited,Gravesend,Kent,Worker (A rating),Skilled Worker,,,https://www.bing.com/search?q=Secure+Technology+Solutions+Limited+official+website,,,,https://www.bing.com/search?q=Secure+Technology+Solutions+Limited+careers
SECURI NETWORK LIMITED,Bolton,,Worker (A rating),Skilled Worker,,,https://www.bing.com/search?q=SECURI+NETWORK+LIMITED+official+website,,,,https://www.bing.com/search?q=SECURI+NETWORK+LIMITED+careers
Securitas Technology Limited,Milton Keynes,,Worker (A rating),Skilled Worker,,,https://www.bing.com/search?q=Securitas+Technology+Limited+official+website,,,,https://www.bing.com/search?q=Securitas+Technology+Limited+careers
SeeChange Technologies Limited,Manchester,,Worker (A rating),Skilled Worker,,,https://www.bing.com/search?q=SeeChange+Technologies+Limited+official+website,,,,https://www.bing.com/search?q=SeeChange+Technologies+Limited+careers
Seenit Digital Limited,London,,Worker (A rating),Skilled Worker,,,https://www.bing.com/search?q=Seenit+Digital+Limited+official+website,,,,https://www.bing.com/search?q=Seenit+Digital+Limited+careers
Seetec Business Technology Centre Limited,Hockley,Essex,Worker (A rating),Skilled Worker,,,https://www.bing.com/search?q=Seetec+Business+Technology+Centre+Limited+official+website,,,,https://www.bing.com/search?q=Seetec+Business+Technology+Centre+Limited+careers
SEETHA SOFTWARE SOLUTIONS LTD,18 Brainton Avenue,,Worker (A rating),Skilled Worker,,,https://www.bing.com/search?q=SEETHA+SOFTWARE+SOLUTIONS+LTD+official+website,,,,https://www.bing.com/search?q=SEETHA+SOFTWARE+SOLUTIONS+LTD+careers
SEGULA TECHNOLOGIES LTD,Luton,,Worker (A rating),Skilled Worker,,,https://www.bing.com/search?q=SEGULA+TECHNOLOGIES+LTD+official+website,,,,https://www.bing.com/search?q=SEGULA+TECHNOLOGIES+LTD+careers
Seismic Software UK Limited,London,,Worker (A rating),Global Business Mobility: Senior or Specialist Worker,,,https://www.bing.com/search?q=Seismic+Software+UK+Limited+official+website,,,,https://www.bing.com/search?q=Seismic+Software+UK+Limited+careers
Seismic Software UK Limited,London,,Worker (A rating),Skilled Worker,,,https://www.bing.com/search?q=Seismic+Software+UK+Limited+official+website,,,,https://www.bing.com/search?q=Seismic+Software+UK+Limited+careers
SEKEL TECHNOLOGIES UK LTD,Milton Keynes,Buckinghamshire,Worker (A rating),Skilled Worker,,,https://www.bing.com/search?q=SEKEL+TECHNOLOGIES+UK+LTD+official+website,,,,https://www.bing.com/search?q=SEKEL+TECHNOLOGIES+UK+LTD+careers
Sektor.AI (UK) Ltd,London,,Worker (A rating),Skilled Worker,https://sektor.ai,derived_from_company_name_domain,https://www.bing.com/search?q=Sektor.AI+%28UK%29+Ltd+official+website,,https://sektor.ai,https://sektor.ai/careers,https://www.bing.com/search?q=Sektor.AI+%28UK%29+Ltd+careers
Sekyee Computer Ltd,London,,Worker (A rating),Skilled Worker,,,https://www.bing.com/search?q=Sekyee+Computer+Ltd+official+website,,,,https://www.bing.com/search?q=Sekyee+Computer+Ltd+careers
SELECTRONICS PHONE AND COMPUTER REPAIRS LIMITED,Essex,,Worker (A rating),Skilled Worker,,,https://www.bing.com/search?q=SELECTRONICS+PHONE+AND+COMPUTER+REPAIRS+LIMITED+official+website,,,,https://www.bing.com/search?q=SELECTRONICS+PHONE+AND+COMPUTER+REPAIRS+LIMITED+careers
Self Service Technology Ltd,Willerby,Yorkshire,Worker (A rating),Skilled Worker,,,https://www.bing.com/search?q=Self+Service+Technology+Ltd+official+website,,,,https://www.bing.com/search?q=Self+Service+Technology+Ltd+careers
Sell Through Digital Ltd,West Midlands,,Worker (A rating),Skilled Worker,,,https://www.bing.com/search?q=Sell+Through+Digital+Ltd+official+website,,,,https://www.bing.com/search?q=Sell+Through+Digital+Ltd+careers
Sensat Digital Limited,London,,Worker (A rating),Skilled Worker,,,https://www.bing.com/search?q=Sensat+Digital+Limited+official+website,,,,https://www.bing.com/search?q=Sensat+Digital+Limited+careers
Sensata Technologies Intermediate UK Limited,Swindon,Wiltshire,Worker (A rating),Skilled Worker,,,https://www.bing.com/search?q=Sensata+Technologies+Intermediate+UK+Limited+official+website,,,,https://www.bing.com/search?q=Sensata+Technologies+Intermediate+UK+Limited+careers
Sensata Technologies Intermediate UK Limited,Swindon,Wiltshire,Worker (A rating),Global Business Mobility: Senior or Specialist Worker,,,https://www.bing.com/search?q=Sensata+Technologies+Intermediate+UK+Limited+official+website,,,,https://www.bing.com/search?q=Sensata+Technologies+Intermediate+UK+Limited+careers
Sentinel Technologies Ltd,Manchester,,Worker (A rating),Skilled Worker,,,https://www.bing.com/search?q=Sentinel+Technologies+Ltd+official+website,,,,https://www.bing.com/search?q=Sentinel+Technologies+Ltd+careers
Sention Technologies Limited,London,United Kingdom,Worker (A rating),Skilled Worker,,,https://www.bing.com/search?q=Sention+Technologies+Limited+official+website,,,,https://www.bing.com/search?q=Sention+Technologies+Limited+careers
Sentium Technologies Ltd,London,,Worker (A rating),Skilled Worker,,,https://www.bing.com/search?q=Sentium+Technologies+Ltd+official+website,,,,https://www.bing.com/search?q=Sentium+Technologies+Ltd+careers
SEON TECHNOLOGIES UK LTD,London,,Worker (A rating),Skilled Worker,,,https://www.bing.com/search?q=SEON+TECHNOLOGIES+UK+LTD+official+website,,,,https://www.bing.com/search?q=SEON+TECHNOLOGIES+UK+LTD+careers
Sequel Technologies Ltd,London,,Worker (A rating),Skilled Worker,,,https://www.bing.com/search?q=Sequel+Technologies+Ltd+official+website,,,,https://www.bing.com/search?q=Sequel+Technologies+Ltd+careers
SEQURE TECHNOLOGIES UK LTD,Hounslow,,Worker (A rating),Skilled Worker,,,https://www.bing.com/search?q=SEQURE+TECHNOLOGIES+UK+LTD+official+website,,,,https://www.bing.com/search?q=SEQURE+TECHNOLOGIES+UK+LTD+careers
Serac Technologies Ltd,London,,Worker (A rating),Skilled Worker,,,https://www.bing.com/search?q=Serac+Technologies+Ltd+official+website,,,,https://www.bing.com/search?q=Serac+Technologies+Ltd+careers
SERAN INFOTECH LTD,Cheam,Sutton,Worker (A rating),Skilled Worker,,,https://www.bing.com/search?q=SERAN+INFOTECH+LTD+official+website,,,,https://www.bing.com/search?q=SERAN+INFOTECH+LTD+careers
Serenity Technologies Ltd.,London,,Worker (A rating),Skilled Worker,,,https://www.bing.com/search?q=Serenity+Technologies+Ltd.+official+website,,,,https://www.bing.com/search?q=Serenity+Technologies+Ltd.+careers
SERG Technologies Ltd,London,,Worker (A rating),Skilled Worker,,,https://www.bing.com/search?q=SERG+Technologies+Ltd+official+website,,,,https://www.bing.com/search?q=SERG+Technologies+Ltd+careers
Servy Technologies UK Limited,London,,Worker (A rating),Skilled Worker,,,https://www.bing.com/search?q=Servy+Technologies+UK+Limited+official+website,,,,https://www.bing.com/search?q=Servy+Technologies+UK+Limited+careers
Servy Technologies UK Limited,London,,Worker (A rating),Global Business Mobility: Senior or Specialist Worker,,,https://www.bing.com/search?q=Servy+Technologies+UK+Limited+official+website,,,,https://www.bing.com/search?q=Servy+Technologies+UK+Limited+careers
Servzon Technologies Limited,Stockport,,Worker (A rating),Skilled Worker,,,https://www.bing.com/search?q=Servzon+Technologies+Limited+official+website,,,,https://www.bing.com/search?q=Servzon+Technologies+Limited+careers
Setfords Technology Solutions Ltd,Guildford,Surrey,Worker (A rating),Skilled Worker,,,https://www.bing.com/search?q=Setfords+Technology+Solutions+Ltd+official+website,,,,https://www.bing.com/search?q=Setfords+Technology+Solutions+Ltd+careers
SEVEN DIGITAL MARKETING LIMITED,London,,Worker (A rating),Skilled Worker,,,https://www.bing.com/search?q=SEVEN+DIGITAL+MARKETING+LIMITED+official+website,,,,https://www.bing.com/search?q=SEVEN+DIGITAL+MARKETING+LIMITED+careers
SEVENHILLS INFOTECH LIMITED,Southend-On-Sea,Essex,Worker (A rating),Skilled Worker,,,https://www.bing.com/search?q=SEVENHILLS+INFOTECH+LIMITED+official+website,,,,https://www.bing.com/search?q=SEVENHILLS+INFOTECH+LIMITED+careers
SFS Group Fastening Technology Ltd,LEEDS,,Worker (A rating),Skilled Worker,,,https://www.bing.com/search?q=SFS+Group+Fastening+Technology+Ltd+official+website,,,,https://www.bing.com/search?q=SFS+Group+Fastening+Technology+Ltd+careers
SG Networks Limited,Doncaster,,Worker (A rating),Skilled Worker,,,https://www.bing.com/search?q=SG+Networks+Limited+official+website,,,,https://www.bing.com/search?q=SG+Networks+Limited+careers
SG TECHNOLOGIES LIMITED,Rainham,Essex,Worker (A rating),Skilled Worker,,,https://www.bing.com/search?q=SG+TECHNOLOGIES+LIMITED+official+website,,,,https://www.bing.com/search?q=SG+TECHNOLOGIES+LIMITED+careers
SHAIKHJI TELECOM LTD,BIRMINGHAM,,Worker (A rating),Skilled Worker,,,https://www.bing.com/search?q=SHAIKHJI+TELECOM+LTD+official+website,,,,https://www.bing.com/search?q=SHAIKHJI+TELECOM+LTD+careers
Shalom Digital Ltd,Bristol,,Worker (A rating),Skilled Worker,,,https://www.bing.com/search?q=Shalom+Digital+Ltd+official+website,,,,https://www.bing.com/search?q=Shalom+Digital+Ltd+careers
Shanay Digital Limited,Stanmore,Middlesex,Worker (A rating),Skilled Worker,,,https://www.bing.com/search?q=Shanay+Digital+Limited+official+website,,,,https://www.bing.com/search?q=Shanay+Digital+Limited+careers
SHAPE TECHNOLOGIES GROUP UK LTD,Hinckley,Leicestershire,Worker (A rating),Skilled Worker,,,https://www.bing.com/search?q=SHAPE+TECHNOLOGIES+GROUP+UK+LTD+official+website,,,,https://www.bing.com/search?q=SHAPE+TECHNOLOGIES+GROUP+UK+LTD+careers
Sharktower AI Ltd,Edinburgh,,Worker (A rating),Skilled Worker,,,https://www.bing.com/search?q=Sharktower+AI+Ltd+official+website,,,,https://www.bing.com/search?q=Sharktower+AI+Ltd+careers
Sharp-Ax Computer Systems Limited,Berkhamsted,Herfordshire,Worker (A rating),Skilled Worker,,,https://www.bing.com/search?q=Sharp-Ax+Computer+Systems+Limited+official+website,,,,https://www.bing.com/search?q=Sharp-Ax+Computer+Systems+Limited+careers
SharpCloud Software Limited,London,,Worker (A rating),Skilled Worker,,,https://www.bing.com/search?q=SharpCloud+Software+Limited+official+website,,,,https://www.bing.com/search?q=SharpCloud+Software+Limited+careers
SHARVA TECHNOLOGY AND MANAGEMENT LIMITED,Slough,,Worker (A rating),Skilled Worker,,,https://www.bing.com/search?q=SHARVA+TECHNOLOGY+AND+MANAGEMENT+LIMITED+official+website,,,,https://www.bing.com/search?q=SHARVA+TECHNOLOGY+AND+MANAGEMENT+LIMITED+careers
Shauri Technologies Limited,London,,Worker (A rating),Skilled Worker,,,https://www.bing.com/search?q=Shauri+Technologies+Limited+official+website,,,,https://www.bing.com/search?q=Shauri+Technologies+Limited+careers
Shield AI UK LTD,London,,Worker (A rating),Global Business Mobility: Senior or Specialist Worker,,,https://www.bing.com/search?q=Shield+AI+UK+LTD+official+website,,,,https://www.bing.com/search?q=Shield+AI+UK+LTD+careers
Shield AI UK LTD,London,,Worker (A rating),Skilled Worker,,,https://www.bing.com/search?q=Shield+AI+UK+LTD+official+website,,,,https://www.bing.com/search?q=Shield+AI+UK+LTD+careers
Shift Technology UK Limited,London,,Worker (A rating),Skilled Worker,,,https://www.bing.com/search?q=Shift+Technology+UK+Limited+official+website,,,,https://www.bing.com/search?q=Shift+Technology+UK+Limited+careers
Shift Technology UK Limited,London,,Worker (A rating),Global Business Mobility: Senior or Specialist Worker,,,https://www.bing.com/search?q=Shift+Technology+UK+Limited+official+website,,,,https://www.bing.com/search?q=Shift+Technology+UK+Limited+careers
SHINE TECHNOLOGY WLL UK LTD,LONDON,,Worker (A rating),Global Business Mobility: UK Expansion Worker,,,https://www.bing.com/search?q=SHINE+TECHNOLOGY+WLL+UK+LTD+official+website,,,,https://www.bing.com/search?q=SHINE+TECHNOLOGY+WLL+UK+LTD+careers
Shirley Technologies Limited,Trafford Park,Manchester,Worker (A rating),Skilled Worker,,,https://www.bing.com/search?q=Shirley+Technologies+Limited+official+website,,,,https://www.bing.com/search?q=Shirley+Technologies+Limited+careers
Shooting star Technologies Ltd,Crawley,West Sussex,Worker (A rating),Skilled Worker,,,https://www.bing.com/search?q=Shooting+star+Technologies+Ltd+official+website,,,,https://www.bing.com/search?q=Shooting+star+Technologies+Ltd+careers
Shopline Technology (UK) Limited,London,,Worker (A rating),Skilled Worker,,,https://www.bing.com/search?q=Shopline+Technology+%28UK%29+Limited+official+website,,,,https://www.bing.com/search?q=Shopline+Technology+%28UK%29+Limited+careers
Shout Digital Ltd,Newcastle upon Tyne,Tyne and Wear,Worker (A rating),Skilled Worker,,,https://www.bing.com/search?q=Shout+Digital+Ltd+official+website,,,,https://www.bing.com/search?q=Shout+Digital+Ltd+careers
Shree Infotech Limited,Rugby,,Worker (A rating),Skilled Worker,,,https://www.bing.com/search?q=Shree+Infotech+Limited+official+website,,,,https://www.bing.com/search?q=Shree+Infotech+Limited+careers
SHREE SOFTWARE SOLUTIONS PVT LTD,Coulsdon,,Worker (A rating),Skilled Worker,,,https://www.bing.com/search?q=SHREE+SOFTWARE+SOLUTIONS+PVT+LTD+official+website,,,,https://www.bing.com/search?q=SHREE+SOFTWARE+SOLUTIONS+PVT+LTD+careers
Shreem Infotech Limited,Harrow,Greater London,Worker (A rating),Skilled Worker,,,https://www.bing.com/search?q=Shreem+Infotech+Limited+official+website,,,,https://www.bing.com/search?q=Shreem+Infotech+Limited+careers
Shuraim Telecom Ltd,Bradford,,Worker (A rating),Skilled Worker,,,https://www.bing.com/search?q=Shuraim+Telecom+Ltd+official+website,,,,https://www.bing.com/search?q=Shuraim+Telecom+Ltd+careers
Sidecar AI Ltd.,London,,Worker (A rating),Skilled Worker,,,https://www.bing.com/search?q=Sidecar+AI+Ltd.+official+website,,,,https://www.bing.com/search?q=Sidecar+AI+Ltd.+careers
Sidelight AI Limited,ST. ALBANS,Hertfordshire,Worker (A rating),Skilled Worker,,,https://www.bing.com/search?q=Sidelight+AI+Limited+official+website,,,,https://www.bing.com/search?q=Sidelight+AI+Limited+careers
Siecon Technologies Limited,Derby,Derbyshire,Worker (A rating),Skilled Worker,,,https://www.bing.com/search?q=Siecon+Technologies+Limited+official+website,,,,https://www.bing.com/search?q=Siecon+Technologies+Limited+careers
Siemens Industry Software Limited,Farnborough,Hampshire,Worker (A rating),Skilled Worker,,,https://www.bing.com/search?q=Siemens+Industry+Software+Limited+official+website,,,,https://www.bing.com/search?q=Siemens+Industry+Software+Limited+careers
Siemens Industry Software Limited,Farnborough,Hampshire,Worker (A rating),Global Business Mobility: Senior or Specialist Worker,,,https://www.bing.com/search?q=Siemens+Industry+Software+Limited+official+website,,,,https://www.bing.com/search?q=Siemens+Industry+Software+Limited+careers
Sierra Technologies Ltd,London,,Worker (A rating),Skilled Worker,,,https://www.bing.com/search?q=Sierra+Technologies+Ltd+official+website,,,,https://www.bing.com/search?q=Sierra+Technologies+Ltd+careers
Sierra Technologies Ltd,London,,Worker (A rating),Global Business Mobility: Senior or Specialist Worker,,,https://www.bing.com/search?q=Sierra+Technologies+Ltd+official+website,,,,https://www.bing.com/search?q=Sierra+Technologies+Ltd+careers
Sify Technologies Limited,London,,Worker (A rating),Global Business Mobility: Senior or Specialist Worker,,,https://www.bing.com/search?q=Sify+Technologies+Limited+official+website,,,,https://www.bing.com/search?q=Sify+Technologies+Limited+careers
Sify Technologies Limited,London,,Worker (A rating),Skilled Worker,,,https://www.bing.com/search?q=Sify+Technologies+Limited+official+website,,,,https://www.bing.com/search?q=Sify+Technologies+Limited+careers
Sigma Computing UK Limited,London,,Worker (A rating),Skilled Worker,,,https://www.bing.com/search?q=Sigma+Computing+UK+Limited+official+website,,,,https://www.bing.com/search?q=Sigma+Computing+UK+Limited+careers
SIGMA SOFTWARE HOLDING LTD,London,,Worker (A rating),Skilled Worker,,,https://www.bing.com/search?q=SIGMA+SOFTWARE+HOLDING+LTD+official+website,,,,https://www.bing.com/search?q=SIGMA+SOFTWARE+HOLDING+LTD+careers
SIGMA.AI DATA LTD,London,,Worker (A rating),Skilled Worker,https://sigma.ai,derived_from_company_name_domain,https://www.bing.com/search?q=SIGMA.AI+DATA+LTD+official+website,,https://sigma.ai,https://sigma.ai/careers,https://www.bing.com/search?q=SIGMA.AI+DATA+LTD+careers
Siguru AI,London,,Worker (A rating),Skilled Worker,,,https://www.bing.com/search?q=Siguru+AI+official+website,,,,https://www.bing.com/search?q=Siguru+AI+careers
SII TECHNOLOGIES LTD,Birmingham,West Midlands,Worker (A rating),Skilled Worker,,,https://www.bing.com/search?q=SII+TECHNOLOGIES+LTD+official+website,,,,https://www.bing.com/search?q=SII+TECHNOLOGIES+LTD+careers
Sikraft Infotech ( Nuclear Energy ) Limited,Harrow,,Worker (A rating),Skilled Worker,,,https://www.bing.com/search?q=Sikraft+Infotech+%28+Nuclear+Energy+%29+Limited+official+website,,,,https://www.bing.com/search?q=Sikraft+Infotech+%28+Nuclear+Energy+%29+Limited+careers
Sikraft Infotech ( Nuclear Energy ) Limited,Harrow,,Worker (A rating),Global Business Mobility: Senior or Specialist Worker,,,https://www.bing.com/search?q=Sikraft+Infotech+%28+Nuclear+Energy+%29+Limited+official+website,,,,https://www.bing.com/search?q=Sikraft+Infotech+%28+Nuclear+Energy+%29+Limited+careers
Silica Infotech Limited,Leicester,Leicestershire,Worker (A rating),Skilled Worker,,,https://www.bing.com/search?q=Silica+Infotech+Limited+official+website,,,,https://www.bing.com/search?q=Silica+Infotech+Limited+careers
Silicon Frontline Technology (UK) Limited,Reading,Berkshire,Worker (A rating),Skilled Worker,,,https://www.bing.com/search?q=Silicon+Frontline+Technology+%28UK%29+Limited+official+website,,,,https://www.bing.com/search?q=Silicon+Frontline+Technology+%28UK%29+Limited+careers
Silver Bullet Data Services Ltd,London,,Worker (A rating),Skilled Worker,,,https://www.bing.com/search?q=Silver+Bullet+Data+Services+Ltd+official+website,,,,https://www.bing.com/search?q=Silver+Bullet+Data+Services+Ltd+careers
SILVER CLOUD HR,Essex,essex,Worker (A rating),Skilled Worker,,,https://www.bing.com/search?q=SILVER+CLOUD+HR+official+website,,,,https://www.bing.com/search?q=SILVER+CLOUD+HR+careers
Silver Touch Technologies (UK) Limited,Chelmsford,Essex,Worker (A rating),Global Business Mobility: Senior or Specialist Worker,,,https://www.bing.com/search?q=Silver+Touch+Technologies+%28UK%29+Limited+official+website,,,,https://www.bing.com/search?q=Silver+Touch+Technologies+%28UK%29+Limited+careers
Silver Touch Technologies (UK) Limited,Chelmsford,Essex,Worker (A rating),Skilled Worker,,,https://www.bing.com/search?q=Silver+Touch+Technologies+%28UK%29+Limited+official+website,,,,https://www.bing.com/search?q=Silver+Touch+Technologies+%28UK%29+Limited+careers
SILVERBACK SMART TECHNOLOGY LIMITED,London,,Worker (A rating),Global Business Mobility: Senior or Specialist Worker,,,https://www.bing.com/search?q=SILVERBACK+SMART+TECHNOLOGY+LIMITED+official+website,,,,https://www.bing.com/search?q=SILVERBACK+SMART+TECHNOLOGY+LIMITED+careers
SILVERBACK SMART TECHNOLOGY LIMITED,London,,Worker (A rating),Skilled Worker,,,https://www.bing.com/search?q=SILVERBACK+SMART+TECHNOLOGY+LIMITED+official+website,,,,https://www.bing.com/search?q=SILVERBACK+SMART+TECHNOLOGY+LIMITED+careers
Silverfin Software Ltd,London,,Worker (A rating),Skilled Worker,,,https://www.bing.com/search?q=Silverfin+Software+Ltd+official+website,,,,https://www.bing.com/search?q=Silverfin+Software+Ltd+careers
Silverlink Technologies Ltd,London,,Worker (A rating),Global Business Mobility: Senior or Specialist Worker,,,https://www.bing.com/search?q=Silverlink+Technologies+Ltd+official+website,,,,https://www.bing.com/search?q=Silverlink+Technologies+Ltd+careers
Silverlink Technologies Ltd,London,,Worker (A rating),Skilled Worker,,,https://www.bing.com/search?q=Silverlink+Technologies+Ltd+official+website,,,,https://www.bing.com/search?q=Silverlink+Technologies+Ltd+careers
Silverstream Technologies (UK) Limited,London,,Worker (A rating),Skilled Worker,,,https://www.bing.com/search?q=Silverstream+Technologies+%28UK%29+Limited+official+website,,,,https://www.bing.com/search?q=Silverstream+Technologies+%28UK%29+Limited+careers
Silverstream Technologies (UK) Limited,London,,Worker (A rating),Global Business Mobility: Senior or Specialist Worker,,,https://www.bing.com/search?q=Silverstream+Technologies+%28UK%29+Limited+official+website,,,,https://www.bing.com/search?q=Silverstream+Technologies+%28UK%29+Limited+careers
Silverstripe Credit and Technologies Limited,London,,Worker (A rating),Skilled Worker,,,https://www.bing.com/search?q=Silverstripe+Credit+and+Technologies+Limited+official+website,,,,https://www.bing.com/search?q=Silverstripe+Credit+and+Technologies+Limited+careers
Silvertip Digital,London,,Worker (A rating),Skilled Worker,,,https://www.bing.com/search?q=Silvertip+Digital+official+website,,,,https://www.bing.com/search?q=Silvertip+Digital+careers
Simplicity Cloud Ltd.,London,,Worker (A rating),Skilled Worker,,,https://www.bing.com/search?q=Simplicity+Cloud+Ltd.+official+website,,,,https://www.bing.com/search?q=Simplicity+Cloud+Ltd.+careers
Simprints Technology Ltd.,Cambridge,Cambridgeshire,Worker (A rating),Skilled Worker,,,https://www.bing.com/search?q=Simprints+Technology+Ltd.+official+website,,,,https://www.bing.com/search?q=Simprints+Technology+Ltd.+careers
SIMPRO SOFTWARE LIMITED,Reading,,Worker (A rating),Skilled Worker,,,https://www.bing.com/search?q=SIMPRO+SOFTWARE+LIMITED+official+website,,,,https://www.bing.com/search?q=SIMPRO+SOFTWARE+LIMITED+careers
Simpson Technology Ltd,Heald Green,,Worker (A rating),Skilled Worker,,,https://www.bing.com/search?q=Simpson+Technology+Ltd+official+website,,,,https://www.bing.com/search?q=Simpson+Technology+Ltd+careers
SIMSOFT TECHNOLOGY LIMITED,Ilford,Essex,Worker (A rating),Skilled Worker,,,https://www.bing.com/search?q=SIMSOFT+TECHNOLOGY+LIMITED+official+website,,,,https://www.bing.com/search?q=SIMSOFT+TECHNOLOGY+LIMITED+careers
SINE Digital Limited,London,,Worker (A rating),Skilled Worker,,,https://www.bing.com/search?q=SINE+Digital+Limited+official+website,,,,https://www.bing.com/search?q=SINE+Digital+Limited+careers
SINEVIS TECHNOLOGIES UK LTD,Ruislip,,Worker (A rating),Global Business Mobility: Senior or Specialist Worker,,,https://www.bing.com/search?q=SINEVIS+TECHNOLOGIES+UK+LTD+official+website,,,,https://www.bing.com/search?q=SINEVIS+TECHNOLOGIES+UK+LTD+careers
SINEVIS TECHNOLOGIES UK LTD,Ruislip,,Worker (A rating),Skilled Worker,,,https://www.bing.com/search?q=SINEVIS+TECHNOLOGIES+UK+LTD+official+website,,,,https://www.bing.com/search?q=SINEVIS+TECHNOLOGIES+UK+LTD+careers
SIRE Technology Ltd,Crowthorne,Berkshire,Worker (A rating),Skilled Worker,,,https://www.bing.com/search?q=SIRE+Technology+Ltd+official+website,,,,https://www.bing.com/search?q=SIRE+Technology+Ltd+careers
SIRI TECHNOLOGY SOLUTIONS LIMITED,BRENTWOOD,ESSEX,Worker (A rating),Skilled Worker,,,https://www.bing.com/search?q=SIRI+TECHNOLOGY+SOLUTIONS+LIMITED+official+website,,,,https://www.bing.com/search?q=SIRI+TECHNOLOGY+SOLUTIONS+LIMITED+careers
Sirkka Networks Ltd,London,,Worker (A rating),Skilled Worker,,,https://www.bing.com/search?q=Sirkka+Networks+Ltd+official+website,,,,https://www.bing.com/search?q=Sirkka+Networks+Ltd+careers
Sirron Technologies Limited,Glastonbury,Somerset,Worker (A rating),Skilled Worker,,,https://www.bing.com/search?q=Sirron+Technologies+Limited+official+website,,,,https://www.bing.com/search?q=Sirron+Technologies+Limited+careers
SISL INFOTECH UK LTD,UXBRIDGE,,Worker (A rating),Global Business Mobility: Senior or Specialist Worker,,,https://www.bing.com/search?q=SISL+INFOTECH+UK+LTD+official+website,,,,https://www.bing.com/search?q=SISL+INFOTECH+UK+LTD+careers
SISL INFOTECH UK LTD,UXBRIDGE,,Temporary Worker (A rating),Global Business Mobility: Graduate Trainee,,,https://www.bing.com/search?q=SISL+INFOTECH+UK+LTD+official+website,,,,https://www.bing.com/search?q=SISL+INFOTECH+UK+LTD+careers
SISL INFOTECH UK LTD,UXBRIDGE,,Worker (A rating),Skilled Worker,,,https://www.bing.com/search?q=SISL+INFOTECH+UK+LTD+official+website,,,,https://www.bing.com/search?q=SISL+INFOTECH+UK+LTD+careers
SISO TECHNOLOGIES (UK) LIMITED,london,,Worker (A rating),Skilled Worker,,,https://www.bing.com/search?q=SISO+TECHNOLOGIES+%28UK%29+LIMITED+official+website,,,,https://www.bing.com/search?q=SISO+TECHNOLOGIES+%28UK%29+LIMITED+careers
Sisteme Technologies Limited,Sheffield,South Yourkshire,Worker (A rating),Skilled Worker,,,https://www.bing.com/search?q=Sisteme+Technologies+Limited+official+website,,,,https://www.bing.com/search?q=Sisteme+Technologies+Limited+careers
SITA Information Networking Computing UK Ltd,Hayes,Middlesex,Worker (A rating),Skilled Worker,,,https://www.bing.com/search?q=SITA+Information+Networking+Computing+UK+Ltd+official+website,,,,https://www.bing.com/search?q=SITA+Information+Networking+Computing+UK+Ltd+careers
SITA Information Networking Computing UK Ltd,Hayes,Middlesex,Worker (A rating),Global Business Mobility: Senior or Specialist Worker,,,https://www.bing.com/search?q=SITA+Information+Networking+Computing+UK+Ltd+official+website,,,,https://www.bing.com/search?q=SITA+Information+Networking+Computing+UK+Ltd+careers
SJISTIC LTD T/A issuebot.ai,Mildenhall,,Worker (A rating),Skilled Worker,https://issuebot.ai,derived_from_company_name_domain,https://www.bing.com/search?q=SJISTIC+LTD+T%2FA+issuebot.ai+official+website,,https://issuebot.ai,https://issuebot.ai/careers,https://www.bing.com/search?q=SJISTIC+LTD+T%2FA+issuebot.ai+careers
Skilled Workers Cloud LTD,London,,Worker (A rating),Skilled Worker,,,https://www.bing.com/search?q=Skilled+Workers+Cloud+LTD+official+website,,,,https://www.bing.com/search?q=Skilled+Workers+Cloud+LTD+careers
Skills Office Network,Gateshead,,Worker (A rating),Skilled Worker,,,https://www.bing.com/search?q=Skills+Office+Network+official+website,,,,https://www.bing.com/search?q=Skills+Office+Network+careers
Skillwork Software and Consulting Ltd,Thame,,Worker (A rating),Skilled Worker,,,https://www.bing.com/search?q=Skillwork+Software+and+Consulting+Ltd+official+website,,,,https://www.bing.com/search?q=Skillwork+Software+and+Consulting+Ltd+careers
Skin Care Network (Barnet) Ltd,Barnet,Hertfordshire,Worker (A rating),Skilled Worker,,,https://www.bing.com/search?q=Skin+Care+Network+%28Barnet%29+Ltd+official+website,,,,https://www.bing.com/search?q=Skin+Care+Network+%28Barnet%29+Ltd+careers
Sky Technologies Ltd,London,,Worker (A rating),Skilled Worker,,,https://www.bing.com/search?q=Sky+Technologies+Ltd+official+website,,,,https://www.bing.com/search?q=Sky+Technologies+Ltd+careers
Sky Technology Solutions Limited,London,,Worker (A rating),Skilled Worker,,,https://www.bing.com/search?q=Sky+Technology+Solutions+Limited+official+website,,,,https://www.bing.com/search?q=Sky+Technology+Solutions+Limited+careers
Sky-Drones Technologies Ltd,London,,Worker (A rating),Skilled Worker,,,https://www.bing.com/search?q=Sky-Drones+Technologies+Ltd+official+website,,,,https://www.bing.com/search?q=Sky-Drones+Technologies+Ltd+careers
Skyfly Technologies Ltd,Offham,Kent,Worker (A rating),Skilled Worker,,,https://www.bing.com/search?q=Skyfly+Technologies+Ltd+official+website,,,,https://www.bing.com/search?q=Skyfly+Technologies+Ltd+careers
SKYPURPLE CLOUD LIMITED,PORTSMOUTH,HANTS,Worker (A rating),Skilled Worker,,,https://www.bing.com/search?q=SKYPURPLE+CLOUD+LIMITED+official+website,,,,https://www.bing.com/search?q=SKYPURPLE+CLOUD+LIMITED+careers
Sleek Technology Limited,London,,Worker (A rating),Skilled Worker,,,https://www.bing.com/search?q=Sleek+Technology+Limited+official+website,,,,https://www.bing.com/search?q=Sleek+Technology+Limited+careers
Slingshot AI Limited,London,,Worker (A rating),Skilled Worker,,,https://www.bing.com/search?q=Slingshot+AI+Limited+official+website,,,,https://www.bing.com/search?q=Slingshot+AI+Limited+careers
Slip Technology Limited,London,,Worker (A rating),Skilled Worker,,,https://www.bing.com/search?q=Slip+Technology+Limited+official+website,,,,https://www.bing.com/search?q=Slip+Technology+Limited+careers
Slitherine Software UK Ltd,Lower Kingswood,Surrey,Worker (A rating),Skilled Worker,,,https://www.bing.com/search?q=Slitherine+Software+UK+Ltd+official+website,,,,https://www.bing.com/search?q=Slitherine+Software+UK+Ltd+careers
Sloan Water Technology Limited,Southampton,,Worker (A rating),Skilled Worker,,,https://www.bing.com/search?q=Sloan+Water+Technology+Limited+official+website,,,,https://www.bing.com/search?q=Sloan+Water+Technology+Limited+careers
Smarsh Software UK Ltd,London,,Worker (A rating),Global Business Mobility: Senior or Specialist Worker,,,https://www.bing.com/search?q=Smarsh+Software+UK+Ltd+official+website,,,,https://www.bing.com/search?q=Smarsh+Software+UK+Ltd+careers
Smarsh Software UK Ltd,London,,Worker (A rating),Skilled Worker,,,https://www.bing.com/search?q=Smarsh+Software+UK+Ltd+official+website,,,,https://www.bing.com/search?q=Smarsh+Software+UK+Ltd+careers
Smart Information Technologies Ltd,Kirkham,Lancashire,Worker (A rating),Skilled Worker,,,https://www.bing.com/search?q=Smart+Information+Technologies+Ltd+official+website,,,,https://www.bing.com/search?q=Smart+Information+Technologies+Ltd+careers
Smart Manufacturing Technology Ltd,Nottingham,,Worker (A rating),Skilled Worker,,,https://www.bing.com/search?q=Smart+Manufacturing+Technology+Ltd+official+website,,,,https://www.bing.com/search?q=Smart+Manufacturing+Technology+Ltd+careers
Smart Telecom Services STS LTD,Harrow,,Worker (A rating),Skilled Worker,,,https://www.bing.com/search?q=Smart+Telecom+Services+STS+LTD+official+website,,,,https://www.bing.com/search?q=Smart+Telecom+Services+STS+LTD+careers
SMART TRADE TECHNOLOGIES UK LIMITED,London,,Worker (A rating),Skilled Worker,,,https://www.bing.com/search?q=SMART+TRADE+TECHNOLOGIES+UK+LIMITED+official+website,,,,https://www.bing.com/search?q=SMART+TRADE+TECHNOLOGIES+UK+LIMITED+careers
SMART TRADE TECHNOLOGIES UK LIMITED,London,,Worker (A rating),Global Business Mobility: Senior or Specialist Worker,,,https://www.bing.com/search?q=SMART+TRADE+TECHNOLOGIES+UK+LIMITED+official+website,,,,https://www.bing.com/search?q=SMART+TRADE+TECHNOLOGIES+UK+LIMITED+careers
Smartbox Assistive Technology Limited,Malvern,,Worker (A rating),Skilled Worker,,,https://www.bing.com/search?q=Smartbox+Assistive+Technology+Limited+official+website,,,,https://www.bing.com/search?q=Smartbox+Assistive+Technology+Limited+careers
Smarthome Technology Limited,London,,Worker (A rating),Skilled Worker,,,https://www.bing.com/search?q=Smarthome+Technology+Limited+official+website,,,,https://www.bing.com/search?q=Smarthome+Technology+Limited+careers
SMARTPATH EDUCATION TECHNOLOGY LTD,London,,Worker (A rating),Skilled Worker,,,https://www.bing.com/search?q=SMARTPATH+EDUCATION+TECHNOLOGY+LTD+official+website,,,,https://www.bing.com/search?q=SMARTPATH+EDUCATION+TECHNOLOGY+LTD+careers
Smartr.ai Ltd,Kilmarnock,,Worker (A rating),Skilled Worker,https://smartr.ai,derived_from_company_name_domain,https://www.bing.com/search?q=Smartr.ai+Ltd+official+website,,https://smartr.ai,https://smartr.ai/careers,https://www.bing.com/search?q=Smartr.ai+Ltd+careers
SmartStream Technologies Ltd,Bristol,,Worker (A rating),Skilled Worker,,,https://www.bing.com/search?q=SmartStream+Technologies+Ltd+official+website,,,,https://www.bing.com/search?q=SmartStream+Technologies+Ltd+careers
SmartStream Technologies Ltd,Bristol,,Worker (A rating),Global Business Mobility: Senior or Specialist Worker,,,https://www.bing.com/search?q=SmartStream+Technologies+Ltd+official+website,,,,https://www.bing.com/search?q=SmartStream+Technologies+Ltd+careers
SME Digital Solutions Ltd,Preston,,Worker (A rating),Skilled Worker,,,https://www.bing.com/search?q=SME+Digital+Solutions+Ltd+official+website,,,,https://www.bing.com/search?q=SME+Digital+Solutions+Ltd+careers
SMRC TECHNOLOGIES LIMITED,LEEDS,West Yorkshire,Worker (A rating),Skilled Worker,,,https://www.bing.com/search?q=SMRC+TECHNOLOGIES+LIMITED+official+website,,,,https://www.bing.com/search?q=SMRC+TECHNOLOGIES+LIMITED+careers
SnagR Software Limited,Stafford,,Worker (A rating),Skilled Worker,,,https://www.bing.com/search?q=SnagR+Software+Limited+official+website,,,,https://www.bing.com/search?q=SnagR+Software+Limited+careers
Sneak Peek Technologies Limited,Mitcham,,Worker (A rating),Skilled Worker,,,https://www.bing.com/search?q=Sneak+Peek+Technologies+Limited+official+website,,,,https://www.bing.com/search?q=Sneak+Peek+Technologies+Limited+careers
Snovasys Software Solutions Limited,Middlesex,,Worker (A rating),Global Business Mobility: Senior or Specialist Worker,,,https://www.bing.com/search?q=Snovasys+Software+Solutions+Limited+official+website,,,,https://www.bing.com/search?q=Snovasys+Software+Solutions+Limited+careers
Snovasys Software Solutions Limited,Middlesex,,Worker (A rating),Skilled Worker,,,https://www.bing.com/search?q=Snovasys+Software+Solutions+Limited+official+website,,,,https://www.bing.com/search?q=Snovasys+Software+Solutions+Limited+careers
SNOW TECHNOLOGY LTD,Belfast,,Worker (A rating),Skilled Worker,,,https://www.bing.com/search?q=SNOW+TECHNOLOGY+LTD+official+website,,,,https://www.bing.com/search?q=SNOW+TECHNOLOGY+LTD+careers
Snowflake Computing U.K. Limited,London,,Worker (A rating),Global Business Mobility: Senior or Specialist Worker,,,https://www.bing.com/search?q=Snowflake+Computing+U.K.+Limited+official+website,,,,https://www.bing.com/search?q=Snowflake+Computing+U.K.+Limited+careers
Snowflake Computing U.K. Limited,London,,Worker (A rating),Skilled Worker,,,https://www.bing.com/search?q=Snowflake+Computing+U.K.+Limited+official+website,,,,https://www.bing.com/search?q=Snowflake+Computing+U.K.+Limited+careers
So Technology Ltd,London,,Worker (A rating),Skilled Worker,,,https://www.bing.com/search?q=So+Technology+Ltd+official+website,,,,https://www.bing.com/search?q=So+Technology+Ltd+careers
Soapbox Digital Media Ltd,Glasgow,,Worker (A rating),Skilled Worker,,,https://www.bing.com/search?q=Soapbox+Digital+Media+Ltd+official+website,,,,https://www.bing.com/search?q=Soapbox+Digital+Media+Ltd+careers
Social Care Network Solutions Limited,Manchester,Lancashire,Worker (A rating),Skilled Worker,,,https://www.bing.com/search?q=Social+Care+Network+Solutions+Limited+official+website,,,,https://www.bing.com/search?q=Social+Care+Network+Solutions+Limited+careers
Socius Technologies Group Limited,Guildford,Surrey,Worker (A rating),Skilled Worker,,,https://www.bing.com/search?q=Socius+Technologies+Group+Limited+official+website,,,,https://www.bing.com/search?q=Socius+Technologies+Group+Limited+careers
Soderberg & Partners Technology And Services Ltd,Bristol,,Worker (A rating),Skilled Worker,,,https://www.bing.com/search?q=Soderberg+%26+Partners+Technology+And+Services+Ltd+official+website,,,,https://www.bing.com/search?q=Soderberg+%26+Partners+Technology+And+Services+Ltd+careers
Soderberg & Partners Technology And Services Ltd,Bristol,,Worker (A rating),Global Business Mobility: Senior or Specialist Worker,,,https://www.bing.com/search?q=Soderberg+%26+Partners+Technology+And+Services+Ltd+official+website,,,,https://www.bing.com/search?q=Soderberg+%26+Partners+Technology+And+Services+Ltd+careers
Sofant Technologies Ltd,Edinburgh,,Worker (A rating),Skilled Worker,,,https://www.bing.com/search?q=Sofant+Technologies+Ltd+official+website,,,,https://www.bing.com/search?q=Sofant+Technologies+Ltd+careers
SOFINISH TECHNOLOGIES LIMITED,HOUNSLOW,MIDDLESEX,Worker (A rating),Skilled Worker,,,https://www.bing.com/search?q=SOFINISH+TECHNOLOGIES+LIMITED+official+website,,,,https://www.bing.com/search?q=SOFINISH+TECHNOLOGIES+LIMITED+careers
Software AG (UK) Limited,Derby,Derbyshire,Worker (A rating),Global Business Mobility: Senior or Specialist Worker,,,https://www.bing.com/search?q=Software+AG+%28UK%29+Limited+official+website,,,,https://www.bing.com/search?q=Software+AG+%28UK%29+Limited+careers
Software AG (UK) Limited,Derby,Derbyshire,Worker (A rating),Skilled Worker,,,https://www.bing.com/search?q=Software+AG+%28UK%29+Limited+official+website,,,,https://www.bing.com/search?q=Software+AG+%28UK%29+Limited+careers
Software Alliance Services Limited,Woking,,Worker (A rating),Skilled Worker,,,https://www.bing.com/search?q=Software+Alliance+Services+Limited+official+website,,,,https://www.bing.com/search?q=Software+Alliance+Services+Limited+careers
SOFTWARE SHOP LTD.,London,,Worker (A rating),Skilled Worker,,,https://www.bing.com/search?q=SOFTWARE+SHOP+LTD.+official+website,,,,https://www.bing.com/search?q=SOFTWARE+SHOP+LTD.+careers
Software solution systems limited,London,,Worker (A rating),Skilled Worker,,,https://www.bing.com/search?q=Software+solution+systems+limited+official+website,,,,https://www.bing.com/search?q=Software+solution+systems+limited+careers
Software Tec Lab,Glasgow,Choose County,Worker (A rating),Skilled Worker,,,https://www.bing.com/search?q=Software+Tec+Lab+official+website,,,,https://www.bing.com/search?q=Software+Tec+Lab+careers
Software Testing Services Ltd,Hertfordshire,,Worker (A rating),Skilled Worker,,,https://www.bing.com/search?q=Software+Testing+Services+Ltd+official+website,,,,https://www.bing.com/search?q=Software+Testing+Services+Ltd+careers
Software Works For You Ltd,Sevenoaks,,Worker (A rating),Skilled Worker,,,https://www.bing.com/search?q=Software+Works+For+You+Ltd+official+website,,,,https://www.bing.com/search?q=Software+Works+For+You+Ltd+careers
Softwire Technology Limited,London,,Worker (A rating),Skilled Worker,,,https://www.bing.com/search?q=Softwire+Technology+Limited+official+website,,,,https://www.bing.com/search?q=Softwire+Technology+Limited+careers
Sofyne Active Technology Ltd,London,,Worker (A rating),Global Business Mobility: Senior or Specialist Worker,,,https://www.bing.com/search?q=Sofyne+Active+Technology+Ltd+official+website,,,,https://www.bing.com/search?q=Sofyne+Active+Technology+Ltd+careers
Sofyne Active Technology Ltd,London,,Worker (A rating),Skilled Worker,,,https://www.bing.com/search?q=Sofyne+Active+Technology+Ltd+official+website,,,,https://www.bing.com/search?q=Sofyne+Active+Technology+Ltd+careers
SOL INFOTECH LIMITED,Cambridge,CAMBRIDGE,Worker (A rating),Skilled Worker,,,https://www.bing.com/search?q=SOL+INFOTECH+LIMITED+official+website,,,,https://www.bing.com/search?q=SOL+INFOTECH+LIMITED+careers
Solace Global Cyber Limited,Poole,Dorset,Worker (A rating),Skilled Worker,,,https://www.bing.com/search?q=Solace+Global+Cyber+Limited+official+website,,,,https://www.bing.com/search?q=Solace+Global+Cyber+Limited+careers
SolarEdge Technologies (UK) Ltd,Eaton Socon,Cambridgeshire,Worker (A rating),Skilled Worker,,,https://www.bing.com/search?q=SolarEdge+Technologies+%28UK%29+Ltd+official+website,,,,https://www.bing.com/search?q=SolarEdge+Technologies+%28UK%29+Ltd+careers
Solarise Technology Ltd,Ilford,,Worker (A rating),Skilled Worker,,,https://www.bing.com/search?q=Solarise+Technology+Ltd+official+website,,,,https://www.bing.com/search?q=Solarise+Technology+Ltd+careers
Solarvista Software Ltd,Sheffield,South Yorkshire,Worker (A rating),Skilled Worker,,,https://www.bing.com/search?q=Solarvista+Software+Ltd+official+website,,,,https://www.bing.com/search?q=Solarvista+Software+Ltd+careers
SOLARWINDS SOFTWARE UK LIMITED,London,,Worker (A rating),Global Business Mobility: Senior or Specialist Worker,,,https://www.bing.com/search?q=SOLARWINDS+SOFTWARE+UK+LIMITED+official+website,,,,https://www.bing.com/search?q=SOLARWINDS+SOFTWARE+UK+LIMITED+careers
SOLARWINDS SOFTWARE UK LIMITED,London,,Worker (A rating),Skilled Worker,,,https://www.bing.com/search?q=SOLARWINDS+SOFTWARE+UK+LIMITED+official+website,,,,https://www.bing.com/search?q=SOLARWINDS+SOFTWARE+UK+LIMITED+careers
Soldo Software Ltd,London,,Worker (A rating),Global Business Mobility: Senior or Specialist Worker,,,https://www.bing.com/search?q=Soldo+Software+Ltd+official+website,,,,https://www.bing.com/search?q=Soldo+Software+Ltd+careers
Soldo Software Ltd,London,,Worker (A rating),Skilled Worker,,,https://www.bing.com/search?q=Soldo+Software+Ltd+official+website,,,,https://www.bing.com/search?q=Soldo+Software+Ltd+careers
Solera Global Technology Ltd,Leeds,,Worker (A rating),Skilled Worker,,,https://www.bing.com/search?q=Solera+Global+Technology+Ltd+official+website,,,,https://www.bing.com/search?q=Solera+Global+Technology+Ltd+careers
SOLVIFY TECHNOLOGIES UK LTD,Manchester,,Worker (A rating),Skilled Worker,,,https://www.bing.com/search?q=SOLVIFY+TECHNOLOGIES+UK+LTD+official+website,,,,https://www.bing.com/search?q=SOLVIFY+TECHNOLOGIES+UK+LTD+careers
Solvo.ai Ltd.,London,,Worker (A rating),Skilled Worker,https://solvo.ai,derived_from_company_name_domain,https://www.bing.com/search?q=Solvo.ai+Ltd.+official+website,,https://solvo.ai,https://solvo.ai/careers,https://www.bing.com/search?q=Solvo.ai+Ltd.+careers
Sonat Digital Marketing Ltd.,London,,Worker (A rating),Skilled Worker,,,https://www.bing.com/search?q=Sonat+Digital+Marketing+Ltd.+official+website,,,,https://www.bing.com/search?q=Sonat+Digital+Marketing+Ltd.+careers
Sonata Software Limited,Brentford,Middlesex,Worker (A rating),Skilled Worker,,,https://www.bing.com/search?q=Sonata+Software+Limited+official+website,,,,https://www.bing.com/search?q=Sonata+Software+Limited+careers
Sonata Software Limited,Brentford,Middlesex,Worker (A rating),Global Business Mobility: Senior or Specialist Worker,,,https://www.bing.com/search?q=Sonata+Software+Limited+official+website,,,,https://www.bing.com/search?q=Sonata+Software+Limited+careers
Sophia Technologies Ltd,London,,Worker (A rating),Skilled Worker,,,https://www.bing.com/search?q=Sophia+Technologies+Ltd+official+website,,,,https://www.bing.com/search?q=Sophia+Technologies+Ltd+careers
Sovereign AI Operations Limited,London,,Worker (A rating),Skilled Worker,,,https://www.bing.com/search?q=Sovereign+AI+Operations+Limited+official+website,,,,https://www.bing.com/search?q=Sovereign+AI+Operations+Limited+careers
Spaced Digital Ltd,London,,Worker (A rating),Skilled Worker,,,https://www.bing.com/search?q=Spaced+Digital+Ltd+official+website,,,,https://www.bing.com/search?q=Spaced+Digital+Ltd+careers
SPAFAX AIRLINE NETWORK LIMITED,London,,Worker (A rating),Global Business Mobility: Senior or Specialist Worker,,,https://www.bing.com/search?q=SPAFAX+AIRLINE+NETWORK+LIMITED+official+website,,,,https://www.bing.com/search?q=SPAFAX+AIRLINE+NETWORK+LIMITED+careers
SPAFAX AIRLINE NETWORK LIMITED,London,,Worker (A rating),Skilled Worker,,,https://www.bing.com/search?q=SPAFAX+AIRLINE+NETWORK+LIMITED+official+website,,,,https://www.bing.com/search?q=SPAFAX+AIRLINE+NETWORK+LIMITED+careers
SPAICE TECHNOLOGY LTD,London,,Worker (A rating),Skilled Worker,,,https://www.bing.com/search?q=SPAICE+TECHNOLOGY+LTD+official+website,,,,https://www.bing.com/search?q=SPAICE+TECHNOLOGY+LTD+careers
Spark Data Systems Ltd,BRISTOL,BRISTOL,Worker (A rating),Skilled Worker,,,https://www.bing.com/search?q=Spark+Data+Systems+Ltd+official+website,,,,https://www.bing.com/search?q=Spark+Data+Systems+Ltd+careers
Spark Digital Trading (UK) LLP,London,,Worker (A rating),Global Business Mobility: UK Expansion Worker,,,https://www.bing.com/search?q=Spark+Digital+Trading+%28UK%29+LLP+official+website,,,,https://www.bing.com/search?q=Spark+Digital+Trading+%28UK%29+LLP+careers
Spark Digital Trading (UK) LLP,London,,Worker (A rating),Skilled Worker,,,https://www.bing.com/search?q=Spark+Digital+Trading+%28UK%29+LLP+official+website,,,,https://www.bing.com/search?q=Spark+Digital+Trading+%28UK%29+LLP+careers
Spark Emerging Technologies Limited,Waterlooville,Hampshire,Worker (A rating),Skilled Worker,,,https://www.bing.com/search?q=Spark+Emerging+Technologies+Limited+official+website,,,,https://www.bing.com/search?q=Spark+Emerging+Technologies+Limited+careers
Sparta Telecom Limited,Luton,,Worker (A rating),Skilled Worker,,,https://www.bing.com/search?q=Sparta+Telecom+Limited+official+website,,,,https://www.bing.com/search?q=Sparta+Telecom+Limited+careers
Specialist Network Operations Ltd,Oswestry,Shropshire,Worker (A rating),Skilled Worker,,,https://www.bing.com/search?q=Specialist+Network+Operations+Ltd+official+website,,,,https://www.bing.com/search?q=Specialist+Network+Operations+Ltd+careers
Spectr Infotech Limited,"Milton Keynes,",,Worker (A rating),Skilled Worker,,,https://www.bing.com/search?q=Spectr+Infotech+Limited+official+website,,,,https://www.bing.com/search?q=Spectr+Infotech+Limited+careers
"Spectro Cloud, UK Limited",London,,Worker (A rating),Skilled Worker,,,https://www.bing.com/search?q=Spectro+Cloud%2C+UK+Limited+official+website,,,,https://www.bing.com/search?q=Spectro+Cloud%2C+UK+Limited+careers
Spectrum Data Networks Ltd,London,,Worker (A rating),Skilled Worker,,,https://www.bing.com/search?q=Spectrum+Data+Networks+Ltd+official+website,,,,https://www.bing.com/search?q=Spectrum+Data+Networks+Ltd+careers
Spectrum Data Networks Ltd,London,,Worker (A rating),Global Business Mobility: UK Expansion Worker,,,https://www.bing.com/search?q=Spectrum+Data+Networks+Ltd+official+website,,,,https://www.bing.com/search?q=Spectrum+Data+Networks+Ltd+careers
Spectrum Networks Solutions Limited,Milton Keynes,,Worker (A rating),Skilled Worker,,,https://www.bing.com/search?q=Spectrum+Networks+Solutions+Limited+official+website,,,,https://www.bing.com/search?q=Spectrum+Networks+Solutions+Limited+careers
SPECTRUM TECHNOLOGY SERVICES LTD,Swindon,,Worker (A rating),Skilled Worker,,,https://www.bing.com/search?q=SPECTRUM+TECHNOLOGY+SERVICES+LTD+official+website,,,,https://www.bing.com/search?q=SPECTRUM+TECHNOLOGY+SERVICES+LTD+careers
SPG INFOTECH LTD,LONDON,,Worker (A rating),Skilled Worker,,,https://www.bing.com/search?q=SPG+INFOTECH+LTD+official+website,,,,https://www.bing.com/search?q=SPG+INFOTECH+LTD+careers
Sphere Digital Recruitment Limited,London,,Worker (A rating),Skilled Worker,,,https://www.bing.com/search?q=Sphere+Digital+Recruitment+Limited+official+website,,,,https://www.bing.com/search?q=Sphere+Digital+Recruitment+Limited+careers
Spica Technologies Ltd,Birmingham,,Worker (A rating),Skilled Worker,,,https://www.bing.com/search?q=Spica+Technologies+Ltd+official+website,,,,https://www.bing.com/search?q=Spica+Technologies+Ltd+careers
Spinal Technologies Limited,London,,Worker (A rating),Skilled Worker,,,https://www.bing.com/search?q=Spinal+Technologies+Limited+official+website,,,,https://www.bing.com/search?q=Spinal+Technologies+Limited+careers
Spine Technologies (Retail) Limited,London,,Worker (A rating),Skilled Worker,,,https://www.bing.com/search?q=Spine+Technologies+%28Retail%29+Limited+official+website,,,,https://www.bing.com/search?q=Spine+Technologies+%28Retail%29+Limited+careers
Spitfire Creative Technologies,MARGATE,Kent,Worker (A rating),Skilled Worker,,,https://www.bing.com/search?q=Spitfire+Creative+Technologies+official+website,,,,https://www.bing.com/search?q=Spitfire+Creative+Technologies+careers
Spitfire Network Services Limited,London,,Worker (A rating),Skilled Worker,,,https://www.bing.com/search?q=Spitfire+Network+Services+Limited+official+website,,,,https://www.bing.com/search?q=Spitfire+Network+Services+Limited+careers
SPLYT TECHNOLOGIES LTD,London,,Worker (A rating),Skilled Worker,,,https://www.bing.com/search?q=SPLYT+TECHNOLOGIES+LTD+official+website,,,,https://www.bing.com/search?q=SPLYT+TECHNOLOGIES+LTD+careers
Sporting Data Limited,Brighton,,Worker (A rating),Skilled Worker,,,https://www.bing.com/search?q=Sporting+Data+Limited+official+website,,,,https://www.bing.com/search?q=Sporting+Data+Limited+careers
Sportlight Technology Ltd,London,,Worker (A rating),Skilled Worker,,,https://www.bing.com/search?q=Sportlight+Technology+Ltd+official+website,,,,https://www.bing.com/search?q=Sportlight+Technology+Ltd+careers
Spotless AI Limited,Wolverhampton,,Worker (A rating),Skilled Worker,,,https://www.bing.com/search?q=Spotless+AI+Limited+official+website,,,,https://www.bing.com/search?q=Spotless+AI+Limited+careers
Spraybooth Technology Ltd,Sudbury,Suffolk,Worker (A rating),Skilled Worker,,,https://www.bing.com/search?q=Spraybooth+Technology+Ltd+official+website,,,,https://www.bing.com/search?q=Spraybooth+Technology+Ltd+careers
Sprift Technologies Ltd,London,,Worker (A rating),Skilled Worker,,,https://www.bing.com/search?q=Sprift+Technologies+Ltd+official+website,,,,https://www.bing.com/search?q=Sprift+Technologies+Ltd+careers
Sprint Power Technology Ltd,Birmingham,,Worker (A rating),Skilled Worker,,,https://www.bing.com/search?q=Sprint+Power+Technology+Ltd+official+website,,,,https://www.bing.com/search?q=Sprint+Power+Technology+Ltd+careers
Spriya Technologies Ltd,Aylesbury,,Worker (A rating),Skilled Worker,,,https://www.bing.com/search?q=Spriya+Technologies+Ltd+official+website,,,,https://www.bing.com/search?q=Spriya+Technologies+Ltd+careers
Sprout.ai Limited,Swansea,Wales,Worker (A rating),Skilled Worker,https://sprout.ai,derived_from_company_name_domain,https://www.bing.com/search?q=Sprout.ai+Limited+official+website,,https://sprout.ai,https://sprout.ai/careers,https://www.bing.com/search?q=Sprout.ai+Limited+careers
SPS NETWORK LTD T/A PREMIER EXPRESS LLYSFAEN STORES,COLWYN BAY,,Worker (A rating),Skilled Worker,,,https://www.bing.com/search?q=SPS+NETWORK+LTD+T%2FA+PREMIER+EXPRESS+LLYSFAEN+STORES+official+website,,,,https://www.bing.com/search?q=SPS+NETWORK+LTD+T%2FA+PREMIER+EXPRESS+LLYSFAEN+STORES+careers
SPS Technologies,Leicester,ENG,Worker (A rating),Skilled Worker,,,https://www.bing.com/search?q=SPS+Technologies+official+website,,,,https://www.bing.com/search?q=SPS+Technologies+careers
Square Health Technology Limited,Windsor,Berkshire,Worker (A rating),Skilled Worker,,,https://www.bing.com/search?q=Square+Health+Technology+Limited+official+website,,,,https://www.bing.com/search?q=Square+Health+Technology+Limited+careers
Square Marble Technology Limited,Manchester,,Worker (A rating),Skilled Worker,,,https://www.bing.com/search?q=Square+Marble+Technology+Limited+official+website,,,,https://www.bing.com/search?q=Square+Marble+Technology+Limited+careers
SQUBE TECHNOLOGIES LTD,Uxbridge,Middlesex,Worker (A rating),Skilled Worker,,,https://www.bing.com/search?q=SQUBE+TECHNOLOGIES+LTD+official+website,,,,https://www.bing.com/search?q=SQUBE+TECHNOLOGIES+LTD+careers
Squire Technologies Ltd,Dorchester,Dorset,Worker (A rating),Global Business Mobility: Senior or Specialist Worker,,,https://www.bing.com/search?q=Squire+Technologies+Ltd+official+website,,,,https://www.bing.com/search?q=Squire+Technologies+Ltd+careers
Squire Technologies Ltd,Dorchester,Dorset,Worker (A rating),Skilled Worker,,,https://www.bing.com/search?q=Squire+Technologies+Ltd+official+website,,,,https://www.bing.com/search?q=Squire+Technologies+Ltd+careers
SR SOFTWARE DEV LIMITED,Wolverhampton,,Worker (A rating),Skilled Worker,,,https://www.bing.com/search?q=SR+SOFTWARE+DEV+LIMITED+official+website,,,,https://www.bing.com/search?q=SR+SOFTWARE+DEV+LIMITED+careers
SRAM & MRAM TECHNOLOGIES LIMITED,London,,Worker (A rating),Skilled Worker,,,https://www.bing.com/search?q=SRAM+%26+MRAM+TECHNOLOGIES+LIMITED+official+website,,,,https://www.bing.com/search?q=SRAM+%26+MRAM+TECHNOLOGIES+LIMITED+careers
Sree Matha Technologies Ltd,London,,Worker (A rating),Skilled Worker,,,https://www.bing.com/search?q=Sree+Matha+Technologies+Ltd+official+website,,,,https://www.bing.com/search?q=Sree+Matha+Technologies+Ltd+careers
Srianu Technologies Ltd,Hatfield,,Worker (A rating),Skilled Worker,,,https://www.bing.com/search?q=Srianu+Technologies+Ltd+official+website,,,,https://www.bing.com/search?q=Srianu+Technologies+Ltd+careers
SriBalaji Infotech Ltd,Leeds,West Yorkshire,Worker (A rating),Skilled Worker,,,https://www.bing.com/search?q=SriBalaji+Infotech+Ltd+official+website,,,,https://www.bing.com/search?q=SriBalaji+Infotech+Ltd+careers
SRIHARSHITA TECHNOLOGIES LTD,Ilford,Redbridge,Worker (A rating),Skilled Worker,,,https://www.bing.com/search?q=SRIHARSHITA+TECHNOLOGIES+LTD+official+website,,,,https://www.bing.com/search?q=SRIHARSHITA+TECHNOLOGIES+LTD+careers
SRIL TECHNOLOGIES LIMITED,MANCHESTER,,Worker (A rating),Skilled Worker,,,https://www.bing.com/search?q=SRIL+TECHNOLOGIES+LIMITED+official+website,,,,https://www.bing.com/search?q=SRIL+TECHNOLOGIES+LIMITED+careers
SS Cloud Consulting Limited,Sheffield,,Worker (A rating),Skilled Worker,,,https://www.bing.com/search?q=SS+Cloud+Consulting+Limited+official+website,,,,https://www.bing.com/search?q=SS+Cloud+Consulting+Limited+careers
SS DIGITAL SOLUTIONS LTD,Ilford,Essex,Worker (A rating),Skilled Worker,,,https://www.bing.com/search?q=SS+DIGITAL+SOLUTIONS+LTD+official+website,,,,https://www.bing.com/search?q=SS+DIGITAL+SOLUTIONS+LTD+careers
SS WEB TECHNOLOGIES LIMITED,LEEDS,WEST YORKSHIRE,Worker (A rating),Skilled Worker,,,https://www.bing.com/search?q=SS+WEB+TECHNOLOGIES+LIMITED+official+website,,,,https://www.bing.com/search?q=SS+WEB+TECHNOLOGIES+LIMITED+careers
SSOVEREIGN SOFTWARE SERVICES LIMITED,"Brentwood,",London,Worker (A rating),Skilled Worker,,,https://www.bing.com/search?q=SSOVEREIGN+SOFTWARE+SERVICES+LIMITED+official+website,,,,https://www.bing.com/search?q=SSOVEREIGN+SOFTWARE+SERVICES+LIMITED+careers
SSR TECHNOLOGIES (UK) LTD,Ashford,Kent,Worker (A rating),Skilled Worker,,,https://www.bing.com/search?q=SSR+TECHNOLOGIES+%28UK%29+LTD+official+website,,,,https://www.bing.com/search?q=SSR+TECHNOLOGIES+%28UK%29+LTD+careers
SSRK Software Limited,Worthing,,Worker (A rating),Skilled Worker,,,https://www.bing.com/search?q=SSRK+Software+Limited+official+website,,,,https://www.bing.com/search?q=SSRK+Software+Limited+careers
SSRM TECHNOLOGIES LTD,Reading,,Worker (A rating),Skilled Worker,,,https://www.bing.com/search?q=SSRM+TECHNOLOGIES+LTD+official+website,,,,https://www.bing.com/search?q=SSRM+TECHNOLOGIES+LTD+careers
SSRR Technology Ltd,Frimley,,Worker (A rating),Skilled Worker,,,https://www.bing.com/search?q=SSRR+Technology+Ltd+official+website,,,,https://www.bing.com/search?q=SSRR+Technology+Ltd+careers
St Andrews Pharmaceutical Technology Limited,Henley-On-Thames,,Worker (A rating),Skilled Worker,,,https://www.bing.com/search?q=St+Andrews+Pharmaceutical+Technology+Limited+official+website,,,,https://www.bing.com/search?q=St+Andrews+Pharmaceutical+Technology+Limited+careers
St. Cloud State University,Alnwick,Northumberland,Worker (A rating),Global Business Mobility: Senior or Specialist Worker,,,https://www.bing.com/search?q=St.+Cloud+State+University+official+website,,,,https://www.bing.com/search?q=St.+Cloud+State+University+careers
Stability AI Ltd,London,,Worker (A rating),Skilled Worker,,,https://www.bing.com/search?q=Stability+AI+Ltd+official+website,,,,https://www.bing.com/search?q=Stability+AI+Ltd+careers
Stability AI Ltd,London,,Worker (A rating),Global Business Mobility: Senior or Specialist Worker,,,https://www.bing.com/search?q=Stability+AI+Ltd+official+website,,,,https://www.bing.com/search?q=Stability+AI+Ltd+careers
Stackflow Technologies UK Ltd,London,,Worker (A rating),Skilled Worker,,,https://www.bing.com/search?q=Stackflow+Technologies+UK+Ltd+official+website,,,,https://www.bing.com/search?q=Stackflow+Technologies+UK+Ltd+careers
StackOne Technologies Ltd,Newbury,Berkshire,Worker (A rating),Skilled Worker,,,https://www.bing.com/search?q=StackOne+Technologies+Ltd+official+website,,,,https://www.bing.com/search?q=StackOne+Technologies+Ltd+careers
Stackseer Technologies Ltd.,Barnet,Hertfordshire,Worker (A rating),Skilled Worker,,,https://www.bing.com/search?q=Stackseer+Technologies+Ltd.+official+website,,,,https://www.bing.com/search?q=Stackseer+Technologies+Ltd.+careers
STACKSTUDIO DIGITAL LTD,London,,Worker (A rating),Skilled Worker,,,https://www.bing.com/search?q=STACKSTUDIO+DIGITAL+LTD+official+website,,,,https://www.bing.com/search?q=STACKSTUDIO+DIGITAL+LTD+careers
Stakeholder Democracy Network,London,,Worker (A rating),Skilled Worker,,,https://www.bing.com/search?q=Stakeholder+Democracy+Network+official+website,,,,https://www.bing.com/search?q=Stakeholder+Democracy+Network+careers
Stallions Technologies Ltd,WOLVERHAMPTON,,Worker (A rating),Skilled Worker,,,https://www.bing.com/search?q=Stallions+Technologies+Ltd+official+website,,,,https://www.bing.com/search?q=Stallions+Technologies+Ltd+careers
STANELCO RF TECHNOLOGIES LIMITED,Southampton,,Worker (A rating),Skilled Worker,,,https://www.bing.com/search?q=STANELCO+RF+TECHNOLOGIES+LIMITED+official+website,,,,https://www.bing.com/search?q=STANELCO+RF+TECHNOLOGIES+LIMITED+careers
Stanhope AI Ltd,London,,Worker (A rating),Skilled Worker,,,https://www.bing.com/search?q=Stanhope+AI+Ltd+official+website,,,,https://www.bing.com/search?q=Stanhope+AI+Ltd+careers
Starburst Data UK Limited,Bicester,,Worker (A rating),Global Business Mobility: Senior or Specialist Worker,,,https://www.bing.com/search?q=Starburst+Data+UK+Limited+official+website,,,,https://www.bing.com/search?q=Starburst+Data+UK+Limited+careers
Starburst Data UK Limited,Bicester,,Worker (A rating),Skilled Worker,,,https://www.bing.com/search?q=Starburst+Data+UK+Limited+official+website,,,,https://www.bing.com/search?q=Starburst+Data+UK+Limited+careers
Starfish Technologies Limited,Reading,Berkshire,Worker (A rating),Skilled Worker,,,https://www.bing.com/search?q=Starfish+Technologies+Limited+official+website,,,,https://www.bing.com/search?q=Starfish+Technologies+Limited+careers
Stark Software International Ltd.,Horley,Surrey,Worker (A rating),Skilled Worker,,,https://www.bing.com/search?q=Stark+Software+International+Ltd.+official+website,,,,https://www.bing.com/search?q=Stark+Software+International+Ltd.+careers
Starline Holdings Technology Ltd,Reading,,Worker (A rating),Skilled Worker,,,https://www.bing.com/search?q=Starline+Holdings+Technology+Ltd+official+website,,,,https://www.bing.com/search?q=Starline+Holdings+Technology+Ltd+careers
START Network,London,,Worker (A rating),Skilled Worker,,,https://www.bing.com/search?q=START+Network+official+website,,,,https://www.bing.com/search?q=START+Network+careers
Startup Voyager Digital UK Limited,London,,Worker (A rating),Skilled Worker,,,https://www.bing.com/search?q=Startup+Voyager+Digital+UK+Limited+official+website,,,,https://www.bing.com/search?q=Startup+Voyager+Digital+UK+Limited+careers
Statement Technologies Limited T/A Tuza,London,,Worker (A rating),Skilled Worker,,,https://www.bing.com/search?q=Statement+Technologies+Limited+T%2FA+Tuza+official+website,,,,https://www.bing.com/search?q=Statement+Technologies+Limited+T%2FA+Tuza+careers
Status Network Solutions Ltd,Hillington,Renfrewshire,Worker (A rating),Skilled Worker,,,https://www.bing.com/search?q=Status+Network+Solutions+Ltd+official+website,,,,https://www.bing.com/search?q=Status+Network+Solutions+Ltd+careers
STech Technology UK Limited,London,,Worker (A rating),Skilled Worker,,,https://www.bing.com/search?q=STech+Technology+UK+Limited+official+website,,,,https://www.bing.com/search?q=STech+Technology+UK+Limited+careers
Steel Software Solutions Limited,Oldham,,Worker (A rating),Skilled Worker,,,https://www.bing.com/search?q=Steel+Software+Solutions+Limited+official+website,,,,https://www.bing.com/search?q=Steel+Software+Solutions+Limited+careers
Stellar Entertainment Software Ltd,Guildford,Surrey,Worker (A rating),Skilled Worker,,,https://www.bing.com/search?q=Stellar+Entertainment+Software+Ltd+official+website,,,,https://www.bing.com/search?q=Stellar+Entertainment+Software+Ltd+careers
Stellar Global Technologies Limited,Staines-Upon-Thames,Surrey,Worker (A rating),Skilled Worker,,,https://www.bing.com/search?q=Stellar+Global+Technologies+Limited+official+website,,,,https://www.bing.com/search?q=Stellar+Global+Technologies+Limited+careers
STELLEN INFOTECH LTD,Slough,,Worker (A rating),Skilled Worker,,,https://www.bing.com/search?q=STELLEN+INFOTECH+LTD+official+website,,,,https://www.bing.com/search?q=STELLEN+INFOTECH+LTD+careers
Stemcell Technologies UK Limited,Cambridge,Cambridgeshire,Worker (A rating),Skilled Worker,,,https://www.bing.com/search?q=Stemcell+Technologies+UK+Limited+official+website,,,,https://www.bing.com/search?q=Stemcell+Technologies+UK+Limited+careers
Stemcell Technologies UK Limited,Cambridge,Cambridgeshire,Worker (A rating),Global Business Mobility: Senior or Specialist Worker,,,https://www.bing.com/search?q=Stemcell+Technologies+UK+Limited+official+website,,,,https://www.bing.com/search?q=Stemcell+Technologies+UK+Limited+careers
STERLING AI SOLUTIONS LTD,London,,Worker (A rating),Skilled Worker,,,https://www.bing.com/search?q=STERLING+AI+SOLUTIONS+LTD+official+website,,,,https://www.bing.com/search?q=STERLING+AI+SOLUTIONS+LTD+careers
Sterling Thermal Technology Limited,Aylesbury,Buckinghamshire,Worker (A rating),Skilled Worker,,,https://www.bing.com/search?q=Sterling+Thermal+Technology+Limited+official+website,,,,https://www.bing.com/search?q=Sterling+Thermal+Technology+Limited+careers
STERLITE TECHNOLOGIES LIMITED,London,,Worker (A rating),Skilled Worker,,,https://www.bing.com/search?q=STERLITE+TECHNOLOGIES+LIMITED+official+website,,,,https://www.bing.com/search?q=STERLITE+TECHNOLOGIES+LIMITED+careers
STERLITE TECHNOLOGIES LIMITED,London,,Worker (A rating),Global Business Mobility: Senior or Specialist Worker,,,https://www.bing.com/search?q=STERLITE+TECHNOLOGIES+LIMITED+official+website,,,,https://www.bing.com/search?q=STERLITE+TECHNOLOGIES+LIMITED+careers
Sterlite Technologies UK Ventures Ltd,Krikby in Ashfield,Nottinghamshire,Worker (A rating),Skilled Worker,,,https://www.bing.com/search?q=Sterlite+Technologies+UK+Ventures+Ltd+official+website,,,,https://www.bing.com/search?q=Sterlite+Technologies+UK+Ventures+Ltd+careers
Sterlite Technologies UK Ventures Ltd,Krikby in Ashfield,Nottinghamshire,Worker (A rating),Global Business Mobility: Senior or Specialist Worker,,,https://www.bing.com/search?q=Sterlite+Technologies+UK+Ventures+Ltd+official+website,,,,https://www.bing.com/search?q=Sterlite+Technologies+UK+Ventures+Ltd+careers
STILL WATERS GREEN TECHNOLOGY LIMITED,London,,Worker (A rating),Skilled Worker,,,https://www.bing.com/search?q=STILL+WATERS+GREEN+TECHNOLOGY+LIMITED+official+website,,,,https://www.bing.com/search?q=STILL+WATERS+GREEN+TECHNOLOGY+LIMITED+careers
STILL WATERS GREEN TECHNOLOGY LIMITED,London,,Worker (A rating),Global Business Mobility: Senior or Specialist Worker,,,https://www.bing.com/search?q=STILL+WATERS+GREEN+TECHNOLOGY+LIMITED+official+website,,,,https://www.bing.com/search?q=STILL+WATERS+GREEN+TECHNOLOGY+LIMITED+careers
STL Digital UK Limited,London,,Worker (A rating),Skilled Worker,,,https://www.bing.com/search?q=STL+Digital+UK+Limited+official+website,,,,https://www.bing.com/search?q=STL+Digital+UK+Limited+careers
STL Digital UK Limited,London,,Worker (A rating),Global Business Mobility: Senior or Specialist Worker,,,https://www.bing.com/search?q=STL+Digital+UK+Limited+official+website,,,,https://www.bing.com/search?q=STL+Digital+UK+Limited+careers
STORELAB AI LTD,London,,Worker (A rating),Skilled Worker,,,https://www.bing.com/search?q=STORELAB+AI+LTD+official+website,,,,https://www.bing.com/search?q=STORELAB+AI+LTD+careers
Storyteller Software Ltd,Edinburgh,Scotland,Worker (A rating),Skilled Worker,,,https://www.bing.com/search?q=Storyteller+Software+Ltd+official+website,,,,https://www.bing.com/search?q=Storyteller+Software+Ltd+careers
Straight Up Technologies UK Limited,Crawley,West Sussex,Worker (A rating),Skilled Worker,,,https://www.bing.com/search?q=Straight+Up+Technologies+UK+Limited+official+website,,,,https://www.bing.com/search?q=Straight+Up+Technologies+UK+Limited+careers
Strategic Software Applications Ltd,London,,Worker (A rating),Skilled Worker,,,https://www.bing.com/search?q=Strategic+Software+Applications+Ltd+official+website,,,,https://www.bing.com/search?q=Strategic+Software+Applications+Ltd+careers
STRATESYS TECHNOLOGY SOLUTIONS LIMITED,London,,Worker (A rating),Skilled Worker,,,https://www.bing.com/search?q=STRATESYS+TECHNOLOGY+SOLUTIONS+LIMITED+official+website,,,,https://www.bing.com/search?q=STRATESYS+TECHNOLOGY+SOLUTIONS+LIMITED+careers
Stratos Technologies Ltd,London,,Worker (A rating),Skilled Worker,,,https://www.bing.com/search?q=Stratos+Technologies+Ltd+official+website,,,,https://www.bing.com/search?q=Stratos+Technologies+Ltd+careers
Stream Digital Ltd,Livingston,West Lothian,Temporary Worker (A rating),Creative Worker,,,https://www.bing.com/search?q=Stream+Digital+Ltd+official+website,,,,https://www.bing.com/search?q=Stream+Digital+Ltd+careers
Streets Heaver Computer Systems Ltd,Lincoln,Lincolnshire,Worker (A rating),Skilled Worker,,,https://www.bing.com/search?q=Streets+Heaver+Computer+Systems+Ltd+official+website,,,,https://www.bing.com/search?q=Streets+Heaver+Computer+Systems+Ltd+careers
Strider Technologies UK Limited,London,,Worker (A rating),Global Business Mobility: Senior or Specialist Worker,,,https://www.bing.com/search?q=Strider+Technologies+UK+Limited+official+website,,,,https://www.bing.com/search?q=Strider+Technologies+UK+Limited+careers
Strider Technologies UK Limited,London,,Worker (A rating),Skilled Worker,,,https://www.bing.com/search?q=Strider+Technologies+UK+Limited+official+website,,,,https://www.bing.com/search?q=Strider+Technologies+UK+Limited+careers
Strongfield Technologies Ltd,Wembley,,Worker (A rating),Skilled Worker,,,https://www.bing.com/search?q=Strongfield+Technologies+Ltd+official+website,,,,https://www.bing.com/search?q=Strongfield+Technologies+Ltd+careers
Suma Software Solutions Limited,Leeds,,Worker (A rating),Skilled Worker,,,https://www.bing.com/search?q=Suma+Software+Solutions+Limited+official+website,,,,https://www.bing.com/search?q=Suma+Software+Solutions+Limited+careers
Sumo Digital Limited,Sheffield,,Worker (A rating),Global Business Mobility: Senior or Specialist Worker,,,https://www.bing.com/search?q=Sumo+Digital+Limited+official+website,,,,https://www.bing.com/search?q=Sumo+Digital+Limited+careers
Sumo Digital Limited,Sheffield,,Worker (A rating),Skilled Worker,,,https://www.bing.com/search?q=Sumo+Digital+Limited+official+website,,,,https://www.bing.com/search?q=Sumo+Digital+Limited+careers
SUN NETWORK LIMITED,RHYL,,Worker (A rating),Skilled Worker,,,https://www.bing.com/search?q=SUN+NETWORK+LIMITED+official+website,,,,https://www.bing.com/search?q=SUN+NETWORK+LIMITED+careers
Sunlit Technologies Ltd,Milton Keynes,,Worker (A rating),Skilled Worker,,,https://www.bing.com/search?q=Sunlit+Technologies+Ltd+official+website,,,,https://www.bing.com/search?q=Sunlit+Technologies+Ltd+careers
Sunrise Software Ltd,London,,Worker (A rating),Skilled Worker,,,https://www.bing.com/search?q=Sunrise+Software+Ltd+official+website,,,,https://www.bing.com/search?q=Sunrise+Software+Ltd+careers
SUNTEK TECHNOLOGY SERVICES LIMITED,STAINES,,Worker (A rating),Skilled Worker,,,https://www.bing.com/search?q=SUNTEK+TECHNOLOGY+SERVICES+LIMITED+official+website,,,,https://www.bing.com/search?q=SUNTEK+TECHNOLOGY+SERVICES+LIMITED+careers
Supercede Technology Ltd,Telford,,Worker (A rating),Skilled Worker,,,https://www.bing.com/search?q=Supercede+Technology+Ltd+official+website,,,,https://www.bing.com/search?q=Supercede+Technology+Ltd+careers
SUPERCHEFS TECHNOLOGIES LTD T/A FOODERY,BIRMINGHAM,,Worker (A rating),Skilled Worker,,,https://www.bing.com/search?q=SUPERCHEFS+TECHNOLOGIES+LTD+T%2FA+FOODERY+official+website,,,,https://www.bing.com/search?q=SUPERCHEFS+TECHNOLOGIES+LTD+T%2FA+FOODERY+careers
Supernova Digital Media UK Ltd,London,,Worker (A rating),Skilled Worker,,,https://www.bing.com/search?q=Supernova+Digital+Media+UK+Ltd+official+website,,,,https://www.bing.com/search?q=Supernova+Digital+Media+UK+Ltd+careers
Support and Action for Womens Network SAWN,Oldham,Lancashire,Worker (A rating),Skilled Worker,,,https://www.bing.com/search?q=Support+and+Action+for+Womens+Network+SAWN+official+website,,,,https://www.bing.com/search?q=Support+and+Action+for+Womens+Network+SAWN+careers
Support Network Ltd,Spalding,Linconshire,Worker (A rating),Skilled Worker,,,https://www.bing.com/search?q=Support+Network+Ltd+official+website,,,,https://www.bing.com/search?q=Support+Network+Ltd+careers
Sura Technologies Limited,Hyde,Cheshire,Worker (A rating),Skilled Worker,,,https://www.bing.com/search?q=Sura+Technologies+Limited+official+website,,,,https://www.bing.com/search?q=Sura+Technologies+Limited+careers
Suraksha Technologies Limited,Colchester,,Worker (A rating),Skilled Worker,,,https://www.bing.com/search?q=Suraksha+Technologies+Limited+official+website,,,,https://www.bing.com/search?q=Suraksha+Technologies+Limited+careers
Surrey Satellite Technology Ltd,Guildford,Surrey,Worker (A rating),Global Business Mobility: Senior or Specialist Worker,,,https://www.bing.com/search?q=Surrey+Satellite+Technology+Ltd+official+website,,,,https://www.bing.com/search?q=Surrey+Satellite+Technology+Ltd+careers
Surrey Satellite Technology Ltd,Guildford,Surrey,Worker (A rating),Skilled Worker,,,https://www.bing.com/search?q=Surrey+Satellite+Technology+Ltd+official+website,,,,https://www.bing.com/search?q=Surrey+Satellite+Technology+Ltd+careers
SUSE Software Solutions UK Limited,Staines-Upon-Thames,,Worker (A rating),Skilled Worker,,,https://www.bing.com/search?q=SUSE+Software+Solutions+UK+Limited+official+website,,,,https://www.bing.com/search?q=SUSE+Software+Solutions+UK+Limited+careers
SUSE Software Solutions UK Limited,Staines-Upon-Thames,,Worker (A rating),Global Business Mobility: Senior or Specialist Worker,,,https://www.bing.com/search?q=SUSE+Software+Solutions+UK+Limited+official+website,,,,https://www.bing.com/search?q=SUSE+Software+Solutions+UK+Limited+careers
Sutherland Digital UK Private Limited,London,,Temporary Worker (A rating),Global Business Mobility: Graduate Trainee,,,https://www.bing.com/search?q=Sutherland+Digital+UK+Private+Limited+official+website,,,,https://www.bing.com/search?q=Sutherland+Digital+UK+Private+Limited+careers
Sutherland Digital UK Private Limited,London,,Worker (A rating),Skilled Worker,,,https://www.bing.com/search?q=Sutherland+Digital+UK+Private+Limited+official+website,,,,https://www.bing.com/search?q=Sutherland+Digital+UK+Private+Limited+careers
Sutherland Digital UK Private Limited,London,,Worker (A rating),Global Business Mobility: Senior or Specialist Worker,,,https://www.bing.com/search?q=Sutherland+Digital+UK+Private+Limited+official+website,,,,https://www.bing.com/search?q=Sutherland+Digital+UK+Private+Limited+careers
SUTTON PCN s(PRIMARY CARE NETWORKS) COMMUNITY INTEREST COMPANY,Sutton,Surrey,Worker (A rating),Skilled Worker,,,https://www.bing.com/search?q=SUTTON+PCN+s%28PRIMARY+CARE+NETWORKS%29+COMMUNITY+INTEREST+COMPANY+official+website,,,,https://www.bing.com/search?q=SUTTON+PCN+s%28PRIMARY+CARE+NETWORKS%29+COMMUNITY+INTEREST+COMPANY+careers
SVK Software LTD,Ilford,,Worker (A rating),Skilled Worker,,,https://www.bing.com/search?q=SVK+Software+LTD+official+website,,,,https://www.bing.com/search?q=SVK+Software+LTD+careers
Swallow Technology Limited,London,,Worker (A rating),Skilled Worker,,,https://www.bing.com/search?q=Swallow+Technology+Limited+official+website,,,,https://www.bing.com/search?q=Swallow+Technology+Limited+careers
Swaraj Technologies Limited,Greater Manchester,,Worker (A rating),Skilled Worker,,,https://www.bing.com/search?q=Swaraj+Technologies+Limited+official+website,,,,https://www.bing.com/search?q=Swaraj+Technologies+Limited+careers
SWEECH DATA SOLUTIONS LTD,Watford,Hertfordshire,Worker (A rating),Skilled Worker,,,https://www.bing.com/search?q=SWEECH+DATA+SOLUTIONS+LTD+official+website,,,,https://www.bing.com/search?q=SWEECH+DATA+SOLUTIONS+LTD+careers
Sweepr Technologies UK Branch,Aberdeen,Scotland,Worker (A rating),Skilled Worker,,,https://www.bing.com/search?q=Sweepr+Technologies+UK+Branch+official+website,,,,https://www.bing.com/search?q=Sweepr+Technologies+UK+Branch+careers
SWIM.AI Ltd,Cheltenham,Gloucestershire,Worker (A rating),Global Business Mobility: Senior or Specialist Worker,https://swim.ai,derived_from_company_name_domain,https://www.bing.com/search?q=SWIM.AI+Ltd+official+website,,https://swim.ai,https://swim.ai/careers,https://www.bing.com/search?q=SWIM.AI+Ltd+careers
SWIM.AI Ltd,Cheltenham,Gloucestershire,Worker (A rating),Skilled Worker,https://swim.ai,derived_from_company_name_domain,https://www.bing.com/search?q=SWIM.AI+Ltd+official+website,,https://swim.ai,https://swim.ai/careers,https://www.bing.com/search?q=SWIM.AI+Ltd+careers
SWJ TECHNOLOGY UK LIMITED,Oxford,,Worker (A rating),Skilled Worker,,,https://www.bing.com/search?q=SWJ+TECHNOLOGY+UK+LIMITED+official+website,,,,https://www.bing.com/search?q=SWJ+TECHNOLOGY+UK+LIMITED+careers
Sword Technology Solutions Limited,Staines,,Worker (A rating),Global Business Mobility: Senior or Specialist Worker,,,https://www.bing.com/search?q=Sword+Technology+Solutions+Limited+official+website,,,,https://www.bing.com/search?q=Sword+Technology+Solutions+Limited+careers
Sword Technology Solutions Limited,Staines,,Worker (A rating),Skilled Worker,,,https://www.bing.com/search?q=Sword+Technology+Solutions+Limited+official+website,,,,https://www.bing.com/search?q=Sword+Technology+Solutions+Limited+careers
SYKASYS TECHNOLOGIES LIMITED,Manchester,,Worker (A rating),Skilled Worker,,,https://www.bing.com/search?q=SYKASYS+TECHNOLOGIES+LIMITED+official+website,,,,https://www.bing.com/search?q=SYKASYS+TECHNOLOGIES+LIMITED+careers
Sym AI LTD,London,,Worker (A rating),Skilled Worker,,,https://www.bing.com/search?q=Sym+AI+LTD+official+website,,,,https://www.bing.com/search?q=Sym+AI+LTD+careers
Symbolica AI Limited,London,,Worker (A rating),Global Business Mobility: Senior or Specialist Worker,,,https://www.bing.com/search?q=Symbolica+AI+Limited+official+website,,,,https://www.bing.com/search?q=Symbolica+AI+Limited+careers
Symbolica AI Limited,London,,Worker (A rating),Skilled Worker,,,https://www.bing.com/search?q=Symbolica+AI+Limited+official+website,,,,https://www.bing.com/search?q=Symbolica+AI+Limited+careers
Syms Digital Ltd,Manchester,,Worker (A rating),Skilled Worker,,,https://www.bing.com/search?q=Syms+Digital+Ltd+official+website,,,,https://www.bing.com/search?q=Syms+Digital+Ltd+careers
Synativ Technologies Ltd,London,,Worker (A rating),Skilled Worker,,,https://www.bing.com/search?q=Synativ+Technologies+Ltd+official+website,,,,https://www.bing.com/search?q=Synativ+Technologies+Ltd+careers
Sysco Infotech Ltd,Loughton,,Worker (A rating),Skilled Worker,,,https://www.bing.com/search?q=Sysco+Infotech+Ltd+official+website,,,,https://www.bing.com/search?q=Sysco+Infotech+Ltd+careers
Sysco Software (N.I.) Ltd,Belfast,Co. Antrim,Worker (A rating),Skilled Worker,,,https://www.bing.com/search?q=Sysco+Software+%28N.I.%29+Ltd+official+website,,,,https://www.bing.com/search?q=Sysco+Software+%28N.I.%29+Ltd+careers
SYSPRO GLOBAL SOFTWARE LIMITED,London,,Worker (A rating),Skilled Worker,,,https://www.bing.com/search?q=SYSPRO+GLOBAL+SOFTWARE+LIMITED+official+website,,,,https://www.bing.com/search?q=SYSPRO+GLOBAL+SOFTWARE+LIMITED+careers
SYSPRO GLOBAL SOFTWARE LIMITED,London,,Worker (A rating),Global Business Mobility: Senior or Specialist Worker,,,https://www.bing.com/search?q=SYSPRO+GLOBAL+SOFTWARE+LIMITED+official+website,,,,https://www.bing.com/search?q=SYSPRO+GLOBAL+SOFTWARE+LIMITED+careers
Systal Technology Solutions,Glasgow,,Worker (A rating),Skilled Worker,,,https://www.bing.com/search?q=Systal+Technology+Solutions+official+website,,,,https://www.bing.com/search?q=Systal+Technology+Solutions+careers
Systematic Software Engineering Limited,Farnborough,Hampshire,Worker (A rating),Skilled Worker,,,https://www.bing.com/search?q=Systematic+Software+Engineering+Limited+official+website,,,,https://www.bing.com/search?q=Systematic+Software+Engineering+Limited+careers
Systematic Software Engineering Limited,Farnborough,Hampshire,Worker (A rating),Global Business Mobility: Senior or Specialist Worker,,,https://www.bing.com/search?q=Systematic+Software+Engineering+Limited+official+website,,,,https://www.bing.com/search?q=Systematic+Software+Engineering+Limited+careers
Systems Technology Consultants Limited,Stoke-on-Trent,Staffordshire,Worker (A rating),Skilled Worker,,,https://www.bing.com/search?q=Systems+Technology+Consultants+Limited+official+website,,,,https://www.bing.com/search?q=Systems+Technology+Consultants+Limited+careers
T D DATA CONSULTANCY LTD,SLOUGH,Berkshire,Worker (A rating),Skilled Worker,,,https://www.bing.com/search?q=T+D+DATA+CONSULTANCY+LTD+official+website,,,,https://www.bing.com/search?q=T+D+DATA+CONSULTANCY+LTD+careers
T1 Digital Consultants Limited,Hillingdon,NA,Worker (A rating),Skilled Worker,,,https://www.bing.com/search?q=T1+Digital+Consultants+Limited+official+website,,,,https://www.bing.com/search?q=T1+Digital+Consultants+Limited+careers
T1 DIGITAL CONSULTING LIMITED,Hillingdon,,Worker (A rating),Skilled Worker,,,https://www.bing.com/search?q=T1+DIGITAL+CONSULTING+LIMITED+official+website,,,,https://www.bing.com/search?q=T1+DIGITAL+CONSULTING+LIMITED+careers
Tabled Technologies Limited,London,Greater London,Worker (A rating),Skilled Worker,,,https://www.bing.com/search?q=Tabled+Technologies+Limited+official+website,,,,https://www.bing.com/search?q=Tabled+Technologies+Limited+careers
Tag Digital Ltd,Glasgow,Lanarkshire,Worker (A rating),Skilled Worker,,,https://www.bing.com/search?q=Tag+Digital+Ltd+official+website,,,,https://www.bing.com/search?q=Tag+Digital+Ltd+careers
Tailor Made Technologies,Fareham,Hampshire,Worker (A rating),Skilled Worker,,,https://www.bing.com/search?q=Tailor+Made+Technologies+official+website,,,,https://www.bing.com/search?q=Tailor+Made+Technologies+careers
Taina Technology,London,,Worker (A rating),Skilled Worker,,,https://www.bing.com/search?q=Taina+Technology+official+website,,,,https://www.bing.com/search?q=Taina+Technology+careers
TAIT Technologies UK Ltd,Pontefract,,Worker (A rating),Skilled Worker,,,https://www.bing.com/search?q=TAIT+Technologies+UK+Ltd+official+website,,,,https://www.bing.com/search?q=TAIT+Technologies+UK+Ltd+careers
Take-Two Interactive Software Europe Limited,London,,Worker (A rating),Global Business Mobility: Senior or Specialist Worker,,,https://www.bing.com/search?q=Take-Two+Interactive+Software+Europe+Limited+official+website,,,,https://www.bing.com/search?q=Take-Two+Interactive+Software+Europe+Limited+careers
Take-Two Interactive Software Europe Limited,London,,Worker (A rating),Skilled Worker,,,https://www.bing.com/search?q=Take-Two+Interactive+Software+Europe+Limited+official+website,,,,https://www.bing.com/search?q=Take-Two+Interactive+Software+Europe+Limited+careers
Talent Technology Limited,London,,Worker (A rating),Skilled Worker,,,https://www.bing.com/search?q=Talent+Technology+Limited+official+website,,,,https://www.bing.com/search?q=Talent+Technology+Limited+careers
Talga Technologies Limited,Cambridge,,Worker (A rating),Skilled Worker,,,https://www.bing.com/search?q=Talga+Technologies+Limited+official+website,,,,https://www.bing.com/search?q=Talga+Technologies+Limited+careers
TalkTalk Telecom Group PLC,Salford,,Worker (A rating),Skilled Worker,,,https://www.bing.com/search?q=TalkTalk+Telecom+Group+PLC+official+website,,,,https://www.bing.com/search?q=TalkTalk+Telecom+Group+PLC+careers
TalkTalk Telecom Limited,Salford,,Worker (A rating),Skilled Worker,,,https://www.bing.com/search?q=TalkTalk+Telecom+Limited+official+website,,,,https://www.bing.com/search?q=TalkTalk+Telecom+Limited+careers
TANG TECHNOLOGY CONSULTANCY LTD,London,,Worker (A rating),Skilled Worker,,,https://www.bing.com/search?q=TANG+TECHNOLOGY+CONSULTANCY+LTD+official+website,,,,https://www.bing.com/search?q=TANG+TECHNOLOGY+CONSULTANCY+LTD+careers
Tannlin Technology Limited,Kilmarnock,,Worker (A rating),Skilled Worker,,,https://www.bing.com/search?q=Tannlin+Technology+Limited+official+website,,,,https://www.bing.com/search?q=Tannlin+Technology+Limited+careers
Tanzo Technologies Ltd,Farnborough,,Worker (A rating),Skilled Worker,,,https://www.bing.com/search?q=Tanzo+Technologies+Ltd+official+website,,,,https://www.bing.com/search?q=Tanzo+Technologies+Ltd+careers
TAPILINK TECHNOLOGY LIMITED,Ilford,,Worker (A rating),Skilled Worker,,,https://www.bing.com/search?q=TAPILINK+TECHNOLOGY+LIMITED+official+website,,,,https://www.bing.com/search?q=TAPILINK+TECHNOLOGY+LIMITED+careers
Tata Technologies Europe Limited,Warwick,West Midlands,Worker (A rating),Global Business Mobility: Senior or Specialist Worker,,,https://www.bing.com/search?q=Tata+Technologies+Europe+Limited+official+website,,,,https://www.bing.com/search?q=Tata+Technologies+Europe+Limited+careers
Tata Technologies Europe Limited,Warwick,West Midlands,Worker (A rating),Skilled Worker,,,https://www.bing.com/search?q=Tata+Technologies+Europe+Limited+official+website,,,,https://www.bing.com/search?q=Tata+Technologies+Europe+Limited+careers
Tavant Technologies Private Limited,Nottingham,Nottinghamshire,Worker (A rating),Skilled Worker,,,https://www.bing.com/search?q=Tavant+Technologies+Private+Limited+official+website,,,,https://www.bing.com/search?q=Tavant+Technologies+Private+Limited+careers
Tavant Technologies Private Limited,Nottingham,Nottinghamshire,Worker (A rating),Global Business Mobility: Senior or Specialist Worker,,,https://www.bing.com/search?q=Tavant+Technologies+Private+Limited+official+website,,,,https://www.bing.com/search?q=Tavant+Technologies+Private+Limited+careers
Tax Computer Systems Limited,Staines-Upon-Thames,,Worker (A rating),Skilled Worker,,,https://www.bing.com/search?q=Tax+Computer+Systems+Limited+official+website,,,,https://www.bing.com/search?q=Tax+Computer+Systems+Limited+careers
Tax Digital Accountants Limited,London,,Worker (A rating),Skilled Worker,,,https://www.bing.com/search?q=Tax+Digital+Accountants+Limited+official+website,,,,https://www.bing.com/search?q=Tax+Digital+Accountants+Limited+careers
TCJ'S TECHNOLOGIES PVT LIMITED,Milton Keynes,,Worker (A rating),Skilled Worker,,,https://www.bing.com/search?q=TCJ%27S+TECHNOLOGIES+PVT+LIMITED+official+website,,,,https://www.bing.com/search?q=TCJ%27S+TECHNOLOGIES+PVT+LIMITED+careers
TDR Networks Ltd,Belfast,Down,Worker (A rating),Skilled Worker,,,https://www.bing.com/search?q=TDR+Networks+Ltd+official+website,,,,https://www.bing.com/search?q=TDR+Networks+Ltd+careers
TE Digital Limited (t/a ThirdEye Consulting),London,,Worker (A rating),Skilled Worker,,,https://www.bing.com/search?q=TE+Digital+Limited+%28t%2Fa+ThirdEye+Consulting%29+official+website,,,,https://www.bing.com/search?q=TE+Digital+Limited+%28t%2Fa+ThirdEye+Consulting%29+careers
Teach for All Network,London,,Worker (A rating),Global Business Mobility: Senior or Specialist Worker,,,https://www.bing.com/search?q=Teach+for+All+Network+official+website,,,,https://www.bing.com/search?q=Teach+for+All+Network+careers
Teach for All Network,London,,Worker (A rating),Skilled Worker,,,https://www.bing.com/search?q=Teach+for+All+Network+official+website,,,,https://www.bing.com/search?q=Teach+for+All+Network+careers
Team 17 Digital Limited,Wakefield,West Yorkshire,Worker (A rating),Skilled Worker,,,https://www.bing.com/search?q=Team+17+Digital+Limited+official+website,,,,https://www.bing.com/search?q=Team+17+Digital+Limited+careers
TECH DIGITAL FUNNEL LIMITED trading as Kebab King,Bristol,,Worker (A rating),Skilled Worker,,,https://www.bing.com/search?q=TECH+DIGITAL+FUNNEL+LIMITED+trading+as+Kebab+King+official+website,,,,https://www.bing.com/search?q=TECH+DIGITAL+FUNNEL+LIMITED+trading+as+Kebab+King+careers
TECH ENABLED MARKETING LTD (Trading name: ZYXWARE TECHNOLOGIES),London,,Worker (A rating),Global Business Mobility: Senior or Specialist Worker,,,https://www.bing.com/search?q=TECH+ENABLED+MARKETING+LTD+%28Trading+name%3A+ZYXWARE+TECHNOLOGIES%29+official+website,,,,https://www.bing.com/search?q=TECH+ENABLED+MARKETING+LTD+%28Trading+name%3A+ZYXWARE+TECHNOLOGIES%29+careers
TECH ENABLED MARKETING LTD (Trading name: ZYXWARE TECHNOLOGIES),London,,Worker (A rating),Skilled Worker,,,https://www.bing.com/search?q=TECH+ENABLED+MARKETING+LTD+%28Trading+name%3A+ZYXWARE+TECHNOLOGIES%29+official+website,,,,https://www.bing.com/search?q=TECH+ENABLED+MARKETING+LTD+%28Trading+name%3A+ZYXWARE+TECHNOLOGIES%29+careers
Tech14 Networks Ltd,Ruislip,London,Worker (A rating),Skilled Worker,,,https://www.bing.com/search?q=Tech14+Networks+Ltd+official+website,,,,https://www.bing.com/search?q=Tech14+Networks+Ltd+careers
Techcastle Digital Ltd,Stoke-on-Trent,Staffordshire,Worker (A rating),Skilled Worker,,,https://www.bing.com/search?q=Techcastle+Digital+Ltd+official+website,,,,https://www.bing.com/search?q=Techcastle+Digital+Ltd+careers
TECHCOM COMPUTER REPAIRS LIMITED T/A BROADWAY MOBILES & COMPUTERS,Surrey,England,Worker (A rating),Skilled Worker,,,https://www.bing.com/search?q=TECHCOM+COMPUTER+REPAIRS+LIMITED+T%2FA+BROADWAY+MOBILES+%26+COMPUTERS+official+website,,,,https://www.bing.com/search?q=TECHCOM+COMPUTER+REPAIRS+LIMITED+T%2FA+BROADWAY+MOBILES+%26+COMPUTERS+careers
TechNet Cloud Solutions Limited,Rugby,,Worker (A rating),Skilled Worker,,,https://www.bing.com/search?q=TechNet+Cloud+Solutions+Limited+official+website,,,,https://www.bing.com/search?q=TechNet+Cloud+Solutions+Limited+careers
TECHNOLOGY ACE LIMITED,Ilford,England,Worker (A rating),Skilled Worker,,,https://www.bing.com/search?q=TECHNOLOGY+ACE+LIMITED+official+website,,,,https://www.bing.com/search?q=TECHNOLOGY+ACE+LIMITED+careers
TECHNOLOGY ASSOCIATES PRIVATE LIMITED,STAINES-UPON-THAMES,,Worker (A rating),Skilled Worker,,,https://www.bing.com/search?q=TECHNOLOGY+ASSOCIATES+PRIVATE+LIMITED+official+website,,,,https://www.bing.com/search?q=TECHNOLOGY+ASSOCIATES+PRIVATE+LIMITED+careers
Technology Blueprint Ltd,Cambridge,,Worker (A rating),Skilled Worker,,,https://www.bing.com/search?q=Technology+Blueprint+Ltd+official+website,,,,https://www.bing.com/search?q=Technology+Blueprint+Ltd+careers
Technology Blueprint Ltd,Cambridge,,Worker (A rating),Global Business Mobility: Senior or Specialist Worker,,,https://www.bing.com/search?q=Technology+Blueprint+Ltd+official+website,,,,https://www.bing.com/search?q=Technology+Blueprint+Ltd+careers
TECHNOLOGY CONSULTING CORP LTD,WOLVERHAMPTON,,Worker (A rating),Skilled Worker,,,https://www.bing.com/search?q=TECHNOLOGY+CONSULTING+CORP+LTD+official+website,,,,https://www.bing.com/search?q=TECHNOLOGY+CONSULTING+CORP+LTD+careers
"Technology Crossover Ventures UK, LLP",London,,Worker (A rating),Skilled Worker,,,https://www.bing.com/search?q=Technology+Crossover+Ventures+UK%2C+LLP+official+website,,,,https://www.bing.com/search?q=Technology+Crossover+Ventures+UK%2C+LLP+careers
"Technology Crossover Ventures UK, LLP",London,,Worker (A rating),Global Business Mobility: Senior or Specialist Worker,,,https://www.bing.com/search?q=Technology+Crossover+Ventures+UK%2C+LLP+official+website,,,,https://www.bing.com/search?q=Technology+Crossover+Ventures+UK%2C+LLP+careers
Technology Expert International Limited,Horsham,,Worker (A rating),Skilled Worker,,,https://www.bing.com/search?q=Technology+Expert+International+Limited+official+website,,,,https://www.bing.com/search?q=Technology+Expert+International+Limited+careers
Technology Expert International Limited,Derby,,Worker (A rating),Skilled Worker,,,https://www.bing.com/search?q=Technology+Expert+International+Limited+official+website,,,,https://www.bing.com/search?q=Technology+Expert+International+Limited+careers
Technology for Growth Limited,EDINBURGH,,Worker (A rating),Skilled Worker,,,https://www.bing.com/search?q=Technology+for+Growth+Limited+official+website,,,,https://www.bing.com/search?q=Technology+for+Growth+Limited+careers
Technology Holdings Worldwide Limited,London,,Worker (A rating),Global Business Mobility: Senior or Specialist Worker,,,https://www.bing.com/search?q=Technology+Holdings+Worldwide+Limited+official+website,,,,https://www.bing.com/search?q=Technology+Holdings+Worldwide+Limited+careers
Technology Holdings Worldwide Limited,London,,Worker (A rating),Skilled Worker,,,https://www.bing.com/search?q=Technology+Holdings+Worldwide+Limited+official+website,,,,https://www.bing.com/search?q=Technology+Holdings+Worldwide+Limited+careers
TECHNOLOGY INNOVATORS LIMITED,Uxbridge,,Worker (A rating),Skilled Worker,,,https://www.bing.com/search?q=TECHNOLOGY+INNOVATORS+LIMITED+official+website,,,,https://www.bing.com/search?q=TECHNOLOGY+INNOVATORS+LIMITED+careers
Technology Management (Midlands) Ltd,WOLVERHAMPTON,West Midlands,Worker (A rating),Skilled Worker,,,https://www.bing.com/search?q=Technology+Management+%28Midlands%29+Ltd+official+website,,,,https://www.bing.com/search?q=Technology+Management+%28Midlands%29+Ltd+careers
Technology Risk Limited,Guildford,,Worker (A rating),Skilled Worker,,,https://www.bing.com/search?q=Technology+Risk+Limited+official+website,,,,https://www.bing.com/search?q=Technology+Risk+Limited+careers
Technology Solutions2 Limited,Warwick,,Worker (A rating),Skilled Worker,,,https://www.bing.com/search?q=Technology+Solutions2+Limited+official+website,,,,https://www.bing.com/search?q=Technology+Solutions2+Limited+careers
Technology Sourcing Ltd,London,,Worker (A rating),Skilled Worker,,,https://www.bing.com/search?q=Technology+Sourcing+Ltd+official+website,,,,https://www.bing.com/search?q=Technology+Sourcing+Ltd+careers
Technology-Check LTD,England,,Worker (A rating),Skilled Worker,,,https://www.bing.com/search?q=Technology-Check+LTD+official+website,,,,https://www.bing.com/search?q=Technology-Check+LTD+careers
TECHNOLOGY-TREND LIMITED,Eastleigh,,Worker (A rating),Skilled Worker,,,https://www.bing.com/search?q=TECHNOLOGY-TREND+LIMITED+official+website,,,,https://www.bing.com/search?q=TECHNOLOGY-TREND+LIMITED+careers
Techwave Technologies UK Ltd.,Stanwell,Surrey,Worker (A rating),Skilled Worker,,,https://www.bing.com/search?q=Techwave+Technologies+UK+Ltd.+official+website,,,,https://www.bing.com/search?q=Techwave+Technologies+UK+Ltd.+careers
Tej Software Solutions Ltd,Wokingham,Berkshire,Worker (A rating),Skilled Worker,,,https://www.bing.com/search?q=Tej+Software+Solutions+Ltd+official+website,,,,https://www.bing.com/search?q=Tej+Software+Solutions+Ltd+careers
Tejas Software Limited,London,,Worker (A rating),Skilled Worker,,,https://www.bing.com/search?q=Tejas+Software+Limited+official+website,,,,https://www.bing.com/search?q=Tejas+Software+Limited+careers
TELA TECHNOLOGY LIMITED,Solihull,,Worker (A rating),Skilled Worker,,,https://www.bing.com/search?q=TELA+TECHNOLOGY+LIMITED+official+website,,,,https://www.bing.com/search?q=TELA+TECHNOLOGY+LIMITED+careers
Telecom 2 Ltd,London,,Worker (A rating),Skilled Worker,,,https://www.bing.com/search?q=Telecom+2+Ltd+official+website,,,,https://www.bing.com/search?q=Telecom+2+Ltd+careers
TELECOM BUSINESS TRANSFORMERS LIMITED,Basingstoke,Hampshire,Worker (A rating),Skilled Worker,,,https://www.bing.com/search?q=TELECOM+BUSINESS+TRANSFORMERS+LIMITED+official+website,,,,https://www.bing.com/search?q=TELECOM+BUSINESS+TRANSFORMERS+LIMITED+careers
Telecom Pioneers Ltd,London,,Worker (A rating),Skilled Worker,,,https://www.bing.com/search?q=Telecom+Pioneers+Ltd+official+website,,,,https://www.bing.com/search?q=Telecom+Pioneers+Ltd+careers
TELECOM PLUS PLC,EDGWARE,,Worker (A rating),Skilled Worker,,,https://www.bing.com/search?q=TELECOM+PLUS+PLC+official+website,,,,https://www.bing.com/search?q=TELECOM+PLUS+PLC+careers
Telecom Solutions Resource Ltd,Watford,Hertfordshire,Worker (A rating),Skilled Worker,,,https://www.bing.com/search?q=Telecom+Solutions+Resource+Ltd+official+website,,,,https://www.bing.com/search?q=Telecom+Solutions+Resource+Ltd+careers
Telefonica Digital Limited,London,,Worker (A rating),Global Business Mobility: Senior or Specialist Worker,,,https://www.bing.com/search?q=Telefonica+Digital+Limited+official+website,,,,https://www.bing.com/search?q=Telefonica+Digital+Limited+careers
Telefonica Digital Limited,London,,Worker (A rating),Skilled Worker,,,https://www.bing.com/search?q=Telefonica+Digital+Limited+official+website,,,,https://www.bing.com/search?q=Telefonica+Digital+Limited+careers
Telefonica Tech UK Data & AI Limited,Farnham,Surrey,Worker (A rating),Skilled Worker,,,https://www.bing.com/search?q=Telefonica+Tech+UK+Data+%26+AI+Limited+official+website,,,,https://www.bing.com/search?q=Telefonica+Tech+UK+Data+%26+AI+Limited+careers
Telent Technology Services Limited,Warwick,Warwickshire,Worker (A rating),Skilled Worker,,,https://www.bing.com/search?q=Telent+Technology+Services+Limited+official+website,,,,https://www.bing.com/search?q=Telent+Technology+Services+Limited+careers
TELESCOPE TECHNOLOGY LIMITED t/a Lightdash,London,,Worker (A rating),Skilled Worker,,,https://www.bing.com/search?q=TELESCOPE+TECHNOLOGY+LIMITED+t%2Fa+Lightdash+official+website,,,,https://www.bing.com/search?q=TELESCOPE+TECHNOLOGY+LIMITED+t%2Fa+Lightdash+careers
TELETREE NETWORKS LTD,Bradford,,Worker (A rating),Skilled Worker,,,https://www.bing.com/search?q=TELETREE+NETWORKS+LTD+official+website,,,,https://www.bing.com/search?q=TELETREE+NETWORKS+LTD+careers
Tern Technologies Ltd,London,,Worker (A rating),Skilled Worker,,,https://www.bing.com/search?q=Tern+Technologies+Ltd+official+website,,,,https://www.bing.com/search?q=Tern+Technologies+Ltd+careers
Ternary Technology Ltd,Reading,,Worker (A rating),Skilled Worker,,,https://www.bing.com/search?q=Ternary+Technology+Ltd+official+website,,,,https://www.bing.com/search?q=Ternary+Technology+Ltd+careers
Ternary Technology Ltd,Thames Valley Park,Reading,Worker (A rating),Skilled Worker,,,https://www.bing.com/search?q=Ternary+Technology+Ltd+official+website,,,,https://www.bing.com/search?q=Ternary+Technology+Ltd+careers
TerraMar Networks Limited,Derry,,Worker (A rating),Skilled Worker,,,https://www.bing.com/search?q=TerraMar+Networks+Limited+official+website,,,,https://www.bing.com/search?q=TerraMar+Networks+Limited+careers
Terranova.network Limited t/a GetGround,London,,Worker (A rating),Skilled Worker,,,https://www.bing.com/search?q=Terranova.network+Limited+t%2Fa+GetGround+official+website,,,,https://www.bing.com/search?q=Terranova.network+Limited+t%2Fa+GetGround+careers
Tesora Technology Services Ltd,Potters Bar,Hertfordshire,Worker (A rating),Skilled Worker,,,https://www.bing.com/search?q=Tesora+Technology+Services+Ltd+official+website,,,,https://www.bing.com/search?q=Tesora+Technology+Services+Ltd+careers
Tessaract Technologies UK Limited,Farnham,Surrey,Worker (A rating),Global Business Mobility: Senior or Specialist Worker,,,https://www.bing.com/search?q=Tessaract+Technologies+UK+Limited+official+website,,,,https://www.bing.com/search?q=Tessaract+Technologies+UK+Limited+careers
Tessitura Network UK Ltd,Worcester,,Worker (A rating),Global Business Mobility: Senior or Specialist Worker,,,https://www.bing.com/search?q=Tessitura+Network+UK+Ltd+official+website,,,,https://www.bing.com/search?q=Tessitura+Network+UK+Ltd+careers
Tessl AI Limited,London,,Worker (A rating),Skilled Worker,,,https://www.bing.com/search?q=Tessl+AI+Limited+official+website,,,,https://www.bing.com/search?q=Tessl+AI+Limited+careers
Testmade Technologies Limited,Aylesbury,,Worker (A rating),Skilled Worker,,,https://www.bing.com/search?q=Testmade+Technologies+Limited+official+website,,,,https://www.bing.com/search?q=Testmade+Technologies+Limited+careers
TESTQ TECHNOLOGIES LIMITED,LEICESTER,LEICESTERSHIRE,Worker (A rating),Global Business Mobility: Senior or Specialist Worker,,,https://www.bing.com/search?q=TESTQ+TECHNOLOGIES+LIMITED+official+website,,,,https://www.bing.com/search?q=TESTQ+TECHNOLOGIES+LIMITED+careers
TESTQ TECHNOLOGIES LIMITED,LEICESTER,LEICESTERSHIRE,Worker (A rating),Skilled Worker,,,https://www.bing.com/search?q=TESTQ+TECHNOLOGIES+LIMITED+official+website,,,,https://www.bing.com/search?q=TESTQ+TECHNOLOGIES+LIMITED+careers
TESTRA TECHNOLOGIES LTD,Pudsey,,Worker (A rating),Skilled Worker,,,https://www.bing.com/search?q=TESTRA+TECHNOLOGIES+LTD+official+website,,,,https://www.bing.com/search?q=TESTRA+TECHNOLOGIES+LTD+careers
TETRA Technologies (UK) Limited,Aberdeen,,Worker (A rating),Skilled Worker,,,https://www.bing.com/search?q=TETRA+Technologies+%28UK%29+Limited+official+website,,,,https://www.bing.com/search?q=TETRA+Technologies+%28UK%29+Limited+careers
TETRA Technologies (UK) Limited,Aberdeen,,Worker (A rating),Global Business Mobility: Senior or Specialist Worker,,,https://www.bing.com/search?q=TETRA+Technologies+%28UK%29+Limited+official+website,,,,https://www.bing.com/search?q=TETRA+Technologies+%28UK%29+Limited+careers
Texcel Technology Plc,London,,Worker (A rating),Skilled Worker,,,https://www.bing.com/search?q=Texcel+Technology+Plc+official+website,,,,https://www.bing.com/search?q=Texcel+Technology+Plc+careers
Texuna Technologies Limited,Putney,London,Worker (A rating),Skilled Worker,,,https://www.bing.com/search?q=Texuna+Technologies+Limited+official+website,,,,https://www.bing.com/search?q=Texuna+Technologies+Limited+careers
Texuna Technologies Limited,Isleworth,London,Worker (A rating),Global Business Mobility: Senior or Specialist Worker,,,https://www.bing.com/search?q=Texuna+Technologies+Limited+official+website,,,,https://www.bing.com/search?q=Texuna+Technologies+Limited+careers
Texuna Technologies Limited,Isleworth,London,Worker (A rating),Skilled Worker,,,https://www.bing.com/search?q=Texuna+Technologies+Limited+official+website,,,,https://www.bing.com/search?q=Texuna+Technologies+Limited+careers
Thames Network Ltd T/A AB STATION,London,,Worker (A rating),Skilled Worker,,,https://www.bing.com/search?q=Thames+Network+Ltd+T%2FA+AB+STATION+official+website,,,,https://www.bing.com/search?q=Thames+Network+Ltd+T%2FA+AB+STATION+careers
Thames Technology,Bracknell,,Worker (A rating),Global Business Mobility: Senior or Specialist Worker,,,https://www.bing.com/search?q=Thames+Technology+official+website,,,,https://www.bing.com/search?q=Thames+Technology+careers
Thames Technology,Bracknell,,Worker (A rating),Skilled Worker,,,https://www.bing.com/search?q=Thames+Technology+official+website,,,,https://www.bing.com/search?q=Thames+Technology+careers
The Active Network (EU) Limited,London,,Worker (A rating),Global Business Mobility: Senior or Specialist Worker,,,https://www.bing.com/search?q=The+Active+Network+%28EU%29+Limited+official+website,,,,https://www.bing.com/search?q=The+Active+Network+%28EU%29+Limited+careers
The Active Network (EU) Limited,London,,Worker (A rating),Skilled Worker,,,https://www.bing.com/search?q=The+Active+Network+%28EU%29+Limited+official+website,,,,https://www.bing.com/search?q=The+Active+Network+%28EU%29+Limited+careers
THE AI CORPORATION LIMITED,Woking,,Worker (A rating),Skilled Worker,,,https://www.bing.com/search?q=THE+AI+CORPORATION+LIMITED+official+website,,,,https://www.bing.com/search?q=THE+AI+CORPORATION+LIMITED+careers
The Area Technology Ltd,London,,Worker (A rating),Skilled Worker,,,https://www.bing.com/search?q=The+Area+Technology+Ltd+official+website,,,,https://www.bing.com/search?q=The+Area+Technology+Ltd+careers
The Association for Renewable Energy and Clean Technology,London,,Worker (A rating),Skilled Worker,,,https://www.bing.com/search?q=The+Association+for+Renewable+Energy+and+Clean+Technology+official+website,,,,https://www.bing.com/search?q=The+Association+for+Renewable+Energy+and+Clean+Technology+careers
The Baobab Network Ltd,London,,Worker (A rating),Skilled Worker,,,https://www.bing.com/search?q=The+Baobab+Network+Ltd+official+website,,,,https://www.bing.com/search?q=The+Baobab+Network+Ltd+careers
The Blockhouse Technology Limited,Oxford,,Worker (A rating),Skilled Worker,,,https://www.bing.com/search?q=The+Blockhouse+Technology+Limited+official+website,,,,https://www.bing.com/search?q=The+Blockhouse+Technology+Limited+careers
The Braccan Health Network,Bracknell,,Worker (A rating),Skilled Worker,,,https://www.bing.com/search?q=The+Braccan+Health+Network+official+website,,,,https://www.bing.com/search?q=The+Braccan+Health+Network+careers
The Breathe Network Ltd,Leeds,Yorkshire,Worker (A rating),Skilled Worker,,,https://www.bing.com/search?q=The+Breathe+Network+Ltd+official+website,,,,https://www.bing.com/search?q=The+Breathe+Network+Ltd+careers
The Center for Countering Digital Hate,London,,Worker (A rating),Skilled Worker,,,https://www.bing.com/search?q=The+Center+for+Countering+Digital+Hate+official+website,,,,https://www.bing.com/search?q=The+Center+for+Countering+Digital+Hate+careers
The Center for Countering Digital Hate,London,,Worker (A rating),Global Business Mobility: Senior or Specialist Worker,,,https://www.bing.com/search?q=The+Center+for+Countering+Digital+Hate+official+website,,,,https://www.bing.com/search?q=The+Center+for+Countering+Digital+Hate+careers
The Coalition for a Digital Economy (Coadec) Ltd t/a The Startup Coalition,London,,Worker (A rating),Skilled Worker,,,https://www.bing.com/search?q=The+Coalition+for+a+Digital+Economy+%28Coadec%29+Ltd+t%2Fa+The+Startup+Coalition+official+website,,,,https://www.bing.com/search?q=The+Coalition+for+a+Digital+Economy+%28Coadec%29+Ltd+t%2Fa+The+Startup+Coalition+careers
The Contemplative Consciousness Network,London,,Worker (A rating),Skilled Worker,,,https://www.bing.com/search?q=The+Contemplative+Consciousness+Network+official+website,,,,https://www.bing.com/search?q=The+Contemplative+Consciousness+Network+careers
The Currency Cloud Services Limited,London,,Worker (A rating),Skilled Worker,,,https://www.bing.com/search?q=The+Currency+Cloud+Services+Limited+official+website,,,,https://www.bing.com/search?q=The+Currency+Cloud+Services+Limited+careers
The Currency Cloud Services Limited,London,,Worker (A rating),Global Business Mobility: Senior or Specialist Worker,,,https://www.bing.com/search?q=The+Currency+Cloud+Services+Limited+official+website,,,,https://www.bing.com/search?q=The+Currency+Cloud+Services+Limited+careers
The data analysis bureau Ltd,London,,Worker (A rating),Skilled Worker,,,https://www.bing.com/search?q=The+data+analysis+bureau+Ltd+official+website,,,,https://www.bing.com/search?q=The+data+analysis+bureau+Ltd+careers
The Data Business Ltd,Canterbury,Kent,Worker (A rating),Skilled Worker,,,https://www.bing.com/search?q=The+Data+Business+Ltd+official+website,,,,https://www.bing.com/search?q=The+Data+Business+Ltd+careers
The Data Capital Group,Stockport,,Worker (A rating),Skilled Worker,,,https://www.bing.com/search?q=The+Data+Capital+Group+official+website,,,,https://www.bing.com/search?q=The+Data+Capital+Group+careers
The Data Company Group Limited,Birmingham,,Worker (A rating),Skilled Worker,,,https://www.bing.com/search?q=The+Data+Company+Group+Limited+official+website,,,,https://www.bing.com/search?q=The+Data+Company+Group+Limited+careers
THE DESI CO. GROUP LTD T/As 9x9 DIGITAL,London,,Worker (A rating),Skilled Worker,,,https://www.bing.com/search?q=THE+DESI+CO.+GROUP+LTD+T%2FAs+9x9+DIGITAL+official+website,,,,https://www.bing.com/search?q=THE+DESI+CO.+GROUP+LTD+T%2FAs+9x9+DIGITAL+careers
The Digital Accessibility Centre limited,Llandarcy,Neath port Talbot,Worker (A rating),Skilled Worker,,,https://www.bing.com/search?q=The+Digital+Accessibility+Centre+limited+official+website,,,,https://www.bing.com/search?q=The+Digital+Accessibility+Centre+limited+careers
The Digital Bench Ltd,Hove,,Worker (A rating),Skilled Worker,,,https://www.bing.com/search?q=The+Digital+Bench+Ltd+official+website,,,,https://www.bing.com/search?q=The+Digital+Bench+Ltd+careers
The Digital Fairy Ltd,London,,Worker (A rating),Skilled Worker,,,https://www.bing.com/search?q=The+Digital+Fairy+Ltd+official+website,,,,https://www.bing.com/search?q=The+Digital+Fairy+Ltd+careers
THE DIGITAL LIGHTHOUSE,NEWCASTLE UPON TYNE,,Worker (A rating),Skilled Worker,,,https://www.bing.com/search?q=THE+DIGITAL+LIGHTHOUSE+official+website,,,,https://www.bing.com/search?q=THE+DIGITAL+LIGHTHOUSE+careers
THE DIGITAL ORGANISATION LTD,WEST YORKSHIRE,,Worker (A rating),Skilled Worker,,,https://www.bing.com/search?q=THE+DIGITAL+ORGANISATION+LTD+official+website,,,,https://www.bing.com/search?q=THE+DIGITAL+ORGANISATION+LTD+careers
The Digital Tide Ltd,London,,Worker (A rating),Skilled Worker,,,https://www.bing.com/search?q=The+Digital+Tide+Ltd+official+website,,,,https://www.bing.com/search?q=The+Digital+Tide+Ltd+careers
The Electric Vehicle Network Ltd,Lutterworth,Leicestershire,Worker (A rating),Skilled Worker,,,https://www.bing.com/search?q=The+Electric+Vehicle+Network+Ltd+official+website,,,,https://www.bing.com/search?q=The+Electric+Vehicle+Network+Ltd+careers
The Elfin Network LLP,London,,Temporary Worker (A rating),Creative Worker,,,https://www.bing.com/search?q=The+Elfin+Network+LLP+official+website,,,,https://www.bing.com/search?q=The+Elfin+Network+LLP+careers
The Entrepreneurs Network (TEN) Ltd,London,,Worker (A rating),Skilled Worker,,,https://www.bing.com/search?q=The+Entrepreneurs+Network+%28TEN%29+Ltd+official+website,,,,https://www.bing.com/search?q=The+Entrepreneurs+Network+%28TEN%29+Ltd+careers
The Global Strategy Network Ltd,London,,Worker (A rating),Skilled Worker,,,https://www.bing.com/search?q=The+Global+Strategy+Network+Ltd+official+website,,,,https://www.bing.com/search?q=The+Global+Strategy+Network+Ltd+careers
THE GRIFFITHS NETWORK LTD,EDINBURGH,,Worker (A rating),Skilled Worker,,,https://www.bing.com/search?q=THE+GRIFFITHS+NETWORK+LTD+official+website,,,,https://www.bing.com/search?q=THE+GRIFFITHS+NETWORK+LTD+careers
The Institution of Engineering and Technology,Stevenage,Hertfordshire,Worker (A rating),Skilled Worker,,,https://www.bing.com/search?q=The+Institution+of+Engineering+and+Technology+official+website,,,,https://www.bing.com/search?q=The+Institution+of+Engineering+and+Technology+careers
The Mandy Network,High Wycombe,,Worker (A rating),Global Business Mobility: Senior or Specialist Worker,,,https://www.bing.com/search?q=The+Mandy+Network+official+website,,,,https://www.bing.com/search?q=The+Mandy+Network+careers
The Mandy Network,High Wycombe,,Worker (A rating),Skilled Worker,,,https://www.bing.com/search?q=The+Mandy+Network+official+website,,,,https://www.bing.com/search?q=The+Mandy+Network+careers
The Mandy Network Ltd,London,,Worker (A rating),Skilled Worker,,,https://www.bing.com/search?q=The+Mandy+Network+Ltd+official+website,,,,https://www.bing.com/search?q=The+Mandy+Network+Ltd+careers
The Manufacturing Technology Centre Services Ltd,Warwickshire,,Worker (A rating),Skilled Worker,,,https://www.bing.com/search?q=The+Manufacturing+Technology+Centre+Services+Ltd+official+website,,,,https://www.bing.com/search?q=The+Manufacturing+Technology+Centre+Services+Ltd+careers
The Open Data Institute,London,,Worker (A rating),Skilled Worker,,,https://www.bing.com/search?q=The+Open+Data+Institute+official+website,,,,https://www.bing.com/search?q=The+Open+Data+Institute+careers
THE OUTLOOK UK TECHNOLOGY LIMITED,Pinner,Middlesex,Worker (A rating),Skilled Worker,,,https://www.bing.com/search?q=THE+OUTLOOK+UK+TECHNOLOGY+LIMITED+official+website,,,,https://www.bing.com/search?q=THE+OUTLOOK+UK+TECHNOLOGY+LIMITED+careers
The Social Good Network Ltd,Ventnor,Isle of Wight,Worker (A rating),Skilled Worker,,,https://www.bing.com/search?q=The+Social+Good+Network+Ltd+official+website,,,,https://www.bing.com/search?q=The+Social+Good+Network+Ltd+careers
The Technology Business Ltd,Trafford Park,Greater Manchester,Worker (A rating),Skilled Worker,,,https://www.bing.com/search?q=The+Technology+Business+Ltd+official+website,,,,https://www.bing.com/search?q=The+Technology+Business+Ltd+careers
The Workshop Technologies Ltd,London,,Worker (A rating),Skilled Worker,,,https://www.bing.com/search?q=The+Workshop+Technologies+Ltd+official+website,,,,https://www.bing.com/search?q=The+Workshop+Technologies+Ltd+careers
THEMA AI LIMITED,Worthing,West Sussex,Worker (A rating),Skilled Worker,,,https://www.bing.com/search?q=THEMA+AI+LIMITED+official+website,,,,https://www.bing.com/search?q=THEMA+AI+LIMITED+careers
Themis Technologies Ltd,Harrow,,Worker (A rating),Skilled Worker,,,https://www.bing.com/search?q=Themis+Technologies+Ltd+official+website,,,,https://www.bing.com/search?q=Themis+Technologies+Ltd+careers
Theo Technologies LTD,Colne,Lancashire,Worker (A rating),Skilled Worker,,,https://www.bing.com/search?q=Theo+Technologies+LTD+official+website,,,,https://www.bing.com/search?q=Theo+Technologies+LTD+careers
Think Cyber Security Ltd,London,,Worker (A rating),Skilled Worker,,,https://www.bing.com/search?q=Think+Cyber+Security+Ltd+official+website,,,,https://www.bing.com/search?q=Think+Cyber+Security+Ltd+careers
Think Digital Group Ltd,London,,Worker (A rating),Skilled Worker,,,https://www.bing.com/search?q=Think+Digital+Group+Ltd+official+website,,,,https://www.bing.com/search?q=Think+Digital+Group+Ltd+careers
Think Digital Group Ltd,London,,Temporary Worker (A rating),Creative Worker,,,https://www.bing.com/search?q=Think+Digital+Group+Ltd+official+website,,,,https://www.bing.com/search?q=Think+Digital+Group+Ltd+careers
THINKWISE SOFTWARE LTD,WATFORD,,Worker (A rating),Skilled Worker,,,https://www.bing.com/search?q=THINKWISE+SOFTWARE+LTD+official+website,,,,https://www.bing.com/search?q=THINKWISE+SOFTWARE+LTD+careers
Third Dimension AI Limited,Altrincham,,Worker (A rating),Skilled Worker,,,https://www.bing.com/search?q=Third+Dimension+AI+Limited+official+website,,,,https://www.bing.com/search?q=Third+Dimension+AI+Limited+careers
Third Financial Software Limited,London,Greater London,Worker (A rating),Skilled Worker,,,https://www.bing.com/search?q=Third+Financial+Software+Limited+official+website,,,,https://www.bing.com/search?q=Third+Financial+Software+Limited+careers
Thomas Murray Network Management Limited,London,,Worker (A rating),Skilled Worker,,,https://www.bing.com/search?q=Thomas+Murray+Network+Management+Limited+official+website,,,,https://www.bing.com/search?q=Thomas+Murray+Network+Management+Limited+careers
ThoughtClan Technologies (UK) LTD,Evesham,Worcestershire,Worker (A rating),Global Business Mobility: Senior or Specialist Worker,,,https://www.bing.com/search?q=ThoughtClan+Technologies+%28UK%29+LTD+official+website,,,,https://www.bing.com/search?q=ThoughtClan+Technologies+%28UK%29+LTD+careers
ThoughtClan Technologies (UK) LTD,Evesham,Worcestershire,Worker (A rating),Skilled Worker,,,https://www.bing.com/search?q=ThoughtClan+Technologies+%28UK%29+LTD+official+website,,,,https://www.bing.com/search?q=ThoughtClan+Technologies+%28UK%29+LTD+careers
Thoughtful Consultancy limited t/a Roundhay Digital,Hove,,Worker (A rating),Skilled Worker,,,https://www.bing.com/search?q=Thoughtful+Consultancy+limited+t%2Fa+Roundhay+Digital+official+website,,,,https://www.bing.com/search?q=Thoughtful+Consultancy+limited+t%2Fa+Roundhay+Digital+careers
Threadneedle Software Ltd,London,,Worker (A rating),Skilled Worker,,,https://www.bing.com/search?q=Threadneedle+Software+Ltd+official+website,,,,https://www.bing.com/search?q=Threadneedle+Software+Ltd+careers
Thrive Technology Group Limited,Portsmouth,Hampshire,Worker (A rating),Skilled Worker,,,https://www.bing.com/search?q=Thrive+Technology+Group+Limited+official+website,,,,https://www.bing.com/search?q=Thrive+Technology+Group+Limited+careers
THRIVE TECHNOLOGY LTD,London,England,Worker (A rating),Skilled Worker,,,https://www.bing.com/search?q=THRIVE+TECHNOLOGY+LTD+official+website,,,,https://www.bing.com/search?q=THRIVE+TECHNOLOGY+LTD+careers
Thrive Therapeutic Software Limited,Stratford Upon Avon,Warwickshire,Worker (A rating),Skilled Worker,,,https://www.bing.com/search?q=Thrive+Therapeutic+Software+Limited+official+website,,,,https://www.bing.com/search?q=Thrive+Therapeutic+Software+Limited+careers
Thulshan Software Solutions,Newark,,Worker (A rating),Skilled Worker,,,https://www.bing.com/search?q=Thulshan+Software+Solutions+official+website,,,,https://www.bing.com/search?q=Thulshan+Software+Solutions+careers
Thyson Technology Ltd,Ellesmere Port,Cheshire,Worker (A rating),Skilled Worker,,,https://www.bing.com/search?q=Thyson+Technology+Ltd+official+website,,,,https://www.bing.com/search?q=Thyson+Technology+Ltd+careers
"TIANAN TECHNOLOGY UK CO., LTD",Brighton,,Worker (A rating),Skilled Worker,,,https://www.bing.com/search?q=TIANAN+TECHNOLOGY+UK+CO.%2C+LTD+official+website,,,,https://www.bing.com/search?q=TIANAN+TECHNOLOGY+UK+CO.%2C+LTD+careers
Tiberone Technologies Limited,Hatfield,,Worker (A rating),Skilled Worker,,,https://www.bing.com/search?q=Tiberone+Technologies+Limited+official+website,,,,https://www.bing.com/search?q=Tiberone+Technologies+Limited+careers
Ticon UK Limited t/a Spend Network,Bognor Regis,West Sussex,Worker (A rating),Skilled Worker,,,https://www.bing.com/search?q=Ticon+UK+Limited+t%2Fa+Spend+Network+official+website,,,,https://www.bing.com/search?q=Ticon+UK+Limited+t%2Fa+Spend+Network+careers
TIDY NETWORK LIMITED,LONDON,,Worker (A rating),Skilled Worker,,,https://www.bing.com/search?q=TIDY+NETWORK+LIMITED+official+website,,,,https://www.bing.com/search?q=TIDY+NETWORK+LIMITED+careers
Tiedot Digital Ltd,Belfast,Antrim,Worker (A rating),Skilled Worker,,,https://www.bing.com/search?q=Tiedot+Digital+Ltd+official+website,,,,https://www.bing.com/search?q=Tiedot+Digital+Ltd+careers
TIGERSI TECHNOLOGIES LTD.,Watford,Hertfordshire,Worker (A rating),Skilled Worker,,,https://www.bing.com/search?q=TIGERSI+TECHNOLOGIES+LTD.+official+website,,,,https://www.bing.com/search?q=TIGERSI+TECHNOLOGIES+LTD.+careers
TikTok Information Technologies UK Limited,London,,Worker (A rating),Skilled Worker,,,https://www.bing.com/search?q=TikTok+Information+Technologies+UK+Limited+official+website,,,,https://www.bing.com/search?q=TikTok+Information+Technologies+UK+Limited+careers
TikTok Information Technologies UK Limited,London,,Worker (A rating),Global Business Mobility: Senior or Specialist Worker,,,https://www.bing.com/search?q=TikTok+Information+Technologies+UK+Limited+official+website,,,,https://www.bing.com/search?q=TikTok+Information+Technologies+UK+Limited+careers
Tilt Technologies Limited,London,NV - Nevada,Worker (A rating),Skilled Worker,,,https://www.bing.com/search?q=Tilt+Technologies+Limited+official+website,,,,https://www.bing.com/search?q=Tilt+Technologies+Limited+careers
Time and Data Systems International Ltd,Poole,Dorset,Worker (A rating),Global Business Mobility: Senior or Specialist Worker,,,https://www.bing.com/search?q=Time+and+Data+Systems+International+Ltd+official+website,,,,https://www.bing.com/search?q=Time+and+Data+Systems+International+Ltd+careers
Time and Data Systems International Ltd,Poole,Dorset,Worker (A rating),Skilled Worker,,,https://www.bing.com/search?q=Time+and+Data+Systems+International+Ltd+official+website,,,,https://www.bing.com/search?q=Time+and+Data+Systems+International+Ltd+careers
Titan Data Solutions,London,,Worker (A rating),Skilled Worker,,,https://www.bing.com/search?q=Titan+Data+Solutions+official+website,,,,https://www.bing.com/search?q=Titan+Data+Solutions+careers
Titian Software Ltd,LONDON,,Worker (A rating),Skilled Worker,,,https://www.bing.com/search?q=Titian+Software+Ltd+official+website,,,,https://www.bing.com/search?q=Titian+Software+Ltd+careers
Tlogy Infotech Limited,Harrow,,Worker (A rating),Skilled Worker,,,https://www.bing.com/search?q=Tlogy+Infotech+Limited+official+website,,,,https://www.bing.com/search?q=Tlogy+Infotech+Limited+careers
TNG Technology Consulting UK Ltd.,Oxford,,Worker (A rating),Global Business Mobility: Senior or Specialist Worker,,,https://www.bing.com/search?q=TNG+Technology+Consulting+UK+Ltd.+official+website,,,,https://www.bing.com/search?q=TNG+Technology+Consulting+UK+Ltd.+careers
TNG Technology Consulting UK Ltd.,Oxford,,Worker (A rating),Skilled Worker,,,https://www.bing.com/search?q=TNG+Technology+Consulting+UK+Ltd.+official+website,,,,https://www.bing.com/search?q=TNG+Technology+Consulting+UK+Ltd.+careers
Toggle Software Services UK Ltd.,London,,Worker (A rating),Skilled Worker,,,https://www.bing.com/search?q=Toggle+Software+Services+UK+Ltd.+official+website,,,,https://www.bing.com/search?q=Toggle+Software+Services+UK+Ltd.+careers
Toggle Software Services UK Ltd.,London,,Worker (A rating),Global Business Mobility: Senior or Specialist Worker,,,https://www.bing.com/search?q=Toggle+Software+Services+UK+Ltd.+official+website,,,,https://www.bing.com/search?q=Toggle+Software+Services+UK+Ltd.+careers
TOKYO TECHNOLOGY LIMITED,Cheshire,,Worker (A rating),Skilled Worker,,,https://www.bing.com/search?q=TOKYO+TECHNOLOGY+LIMITED+official+website,,,,https://www.bing.com/search?q=TOKYO+TECHNOLOGY+LIMITED+careers
Tomoro AI LTD,LONDON,,Worker (A rating),Skilled Worker,,,https://www.bing.com/search?q=Tomoro+AI+LTD+official+website,,,,https://www.bing.com/search?q=Tomoro+AI+LTD+careers
TomTom Software Limited,London,,Worker (A rating),Global Business Mobility: Senior or Specialist Worker,,,https://www.bing.com/search?q=TomTom+Software+Limited+official+website,,,,https://www.bing.com/search?q=TomTom+Software+Limited+careers
TomTom Software Limited,London,,Worker (A rating),Skilled Worker,,,https://www.bing.com/search?q=TomTom+Software+Limited+official+website,,,,https://www.bing.com/search?q=TomTom+Software+Limited+careers
Top Cloud Logistics Ltd,Birmingham,,Worker (A rating),Skilled Worker,,,https://www.bing.com/search?q=Top+Cloud+Logistics+Ltd+official+website,,,,https://www.bing.com/search?q=Top+Cloud+Logistics+Ltd+careers
TOP SUN TECHNOLOGY DEVELOPMENT LIMITED,Cramlington,,Worker (A rating),Skilled Worker,,,https://www.bing.com/search?q=TOP+SUN+TECHNOLOGY+DEVELOPMENT+LIMITED+official+website,,,,https://www.bing.com/search?q=TOP+SUN+TECHNOLOGY+DEVELOPMENT+LIMITED+careers
Topa Technologies (UK) Limited,Bridgewater,,Worker (A rating),Skilled Worker,,,https://www.bing.com/search?q=Topa+Technologies+%28UK%29+Limited+official+website,,,,https://www.bing.com/search?q=Topa+Technologies+%28UK%29+Limited+careers
Toppan Digital Language Ltd,London,,Worker (A rating),Skilled Worker,,,https://www.bing.com/search?q=Toppan+Digital+Language+Ltd+official+website,,,,https://www.bing.com/search?q=Toppan+Digital+Language+Ltd+careers
Total Computer Networks Ltd,Kettering,Northamptonshire,Worker (A rating),Skilled Worker,,,https://www.bing.com/search?q=Total+Computer+Networks+Ltd+official+website,,,,https://www.bing.com/search?q=Total+Computer+Networks+Ltd+careers
Total IT Technology Solutions Ltd,Kempston,Bedfordshire,Worker (A rating),Skilled Worker,,,https://www.bing.com/search?q=Total+IT+Technology+Solutions+Ltd+official+website,,,,https://www.bing.com/search?q=Total+IT+Technology+Solutions+Ltd+careers
Total Network Solutions (Europe) Limited,Crewe,,Worker (A rating),Skilled Worker,,,https://www.bing.com/search?q=Total+Network+Solutions+%28Europe%29+Limited+official+website,,,,https://www.bing.com/search?q=Total+Network+Solutions+%28Europe%29+Limited+careers
Total Performance Data Limited,London,,Worker (A rating),Skilled Worker,,,https://www.bing.com/search?q=Total+Performance+Data+Limited+official+website,,,,https://www.bing.com/search?q=Total+Performance+Data+Limited+careers
TOTAL SOLUTIONS TECHNOLOGY LTD,Letchworth Garden City,Hertfordshire,Worker (A rating),Skilled Worker,,,https://www.bing.com/search?q=TOTAL+SOLUTIONS+TECHNOLOGY+LTD+official+website,,,,https://www.bing.com/search?q=TOTAL+SOLUTIONS+TECHNOLOGY+LTD+careers
Touchstar Technologies Limited,Manchester,,Worker (A rating),Skilled Worker,,,https://www.bing.com/search?q=Touchstar+Technologies+Limited+official+website,,,,https://www.bing.com/search?q=Touchstar+Technologies+Limited+careers
Tovie AI Limited,London,,Worker (A rating),Skilled Worker,,,https://www.bing.com/search?q=Tovie+AI+Limited+official+website,,,,https://www.bing.com/search?q=Tovie+AI+Limited+careers
TP Technologies Ltd,Bexleyheath,,Worker (A rating),Skilled Worker,,,https://www.bing.com/search?q=TP+Technologies+Ltd+official+website,,,,https://www.bing.com/search?q=TP+Technologies+Ltd+careers
TRACE Wildlife Forensics Network Limited,London,,Worker (A rating),Skilled Worker,,,https://www.bing.com/search?q=TRACE+Wildlife+Forensics+Network+Limited+official+website,,,,https://www.bing.com/search?q=TRACE+Wildlife+Forensics+Network+Limited+careers
Tradebyte Software Limited,Cheltenham,Gloucestershire,Worker (A rating),Skilled Worker,,,https://www.bing.com/search?q=Tradebyte+Software+Limited+official+website,,,,https://www.bing.com/search?q=Tradebyte+Software+Limited+careers
Traders Digital Marketing Ltd,Croydon,,Worker (A rating),Skilled Worker,,,https://www.bing.com/search?q=Traders+Digital+Marketing+Ltd+official+website,,,,https://www.bing.com/search?q=Traders+Digital+Marketing+Ltd+careers
Tradeshift Network Limited,London,Greater London,Worker (A rating),Skilled Worker,,,https://www.bing.com/search?q=Tradeshift+Network+Limited+official+website,,,,https://www.bing.com/search?q=Tradeshift+Network+Limited+careers
Tradeshift Network Limited,London,Greater London,Worker (A rating),Global Business Mobility: Senior or Specialist Worker,,,https://www.bing.com/search?q=Tradeshift+Network+Limited+official+website,,,,https://www.bing.com/search?q=Tradeshift+Network+Limited+careers
Trading Technologies UK Limited,London,,Worker (A rating),Global Business Mobility: Senior or Specialist Worker,,,https://www.bing.com/search?q=Trading+Technologies+UK+Limited+official+website,,,,https://www.bing.com/search?q=Trading+Technologies+UK+Limited+careers
Trading Technologies UK Limited,London,,Worker (A rating),Skilled Worker,,,https://www.bing.com/search?q=Trading+Technologies+UK+Limited+official+website,,,,https://www.bing.com/search?q=Trading+Technologies+UK+Limited+careers
Traffic Technology Ltd,Silverstone,,Worker (A rating),Skilled Worker,,,https://www.bing.com/search?q=Traffic+Technology+Ltd+official+website,,,,https://www.bing.com/search?q=Traffic+Technology+Ltd+careers
Transact Technology Solutions Ltd,St Albans,,Worker (A rating),Skilled Worker,,,https://www.bing.com/search?q=Transact+Technology+Solutions+Ltd+official+website,,,,https://www.bing.com/search?q=Transact+Technology+Solutions+Ltd+careers
Transaction Network Service UK Limited,Sheffield,,Worker (A rating),Skilled Worker,,,https://www.bing.com/search?q=Transaction+Network+Service+UK+Limited+official+website,,,,https://www.bing.com/search?q=Transaction+Network+Service+UK+Limited+careers
Transaction Network Service UK Limited,Sheffield,,Worker (A rating),Global Business Mobility: Senior or Specialist Worker,,,https://www.bing.com/search?q=Transaction+Network+Service+UK+Limited+official+website,,,,https://www.bing.com/search?q=Transaction+Network+Service+UK+Limited+careers
Transense Technologies plc,Bicester,,Worker (A rating),Skilled Worker,,,https://www.bing.com/search?q=Transense+Technologies+plc+official+website,,,,https://www.bing.com/search?q=Transense+Technologies+plc+careers
Transforming Training with Technology Limited,Hurn,Dorset,Worker (A rating),Skilled Worker,,,https://www.bing.com/search?q=Transforming+Training+with+Technology+Limited+official+website,,,,https://www.bing.com/search?q=Transforming+Training+with+Technology+Limited+careers
Transvault Software Limited,Bristol,Congresbury,Worker (A rating),Skilled Worker,,,https://www.bing.com/search?q=Transvault+Software+Limited+official+website,,,,https://www.bing.com/search?q=Transvault+Software+Limited+careers
Transwap Technologies (UK) Limited,Edinburgh,,Worker (A rating),Skilled Worker,,,https://www.bing.com/search?q=Transwap+Technologies+%28UK%29+Limited+official+website,,,,https://www.bing.com/search?q=Transwap+Technologies+%28UK%29+Limited+careers
Travel Technology Systems Ltd,Preston,Lancashire,Worker (A rating),Skilled Worker,,,https://www.bing.com/search?q=Travel+Technology+Systems+Ltd+official+website,,,,https://www.bing.com/search?q=Travel+Technology+Systems+Ltd+careers
Treasure Data (UK) Limited,London,,Worker (A rating),Skilled Worker,,,https://www.bing.com/search?q=Treasure+Data+%28UK%29+Limited+official+website,,,,https://www.bing.com/search?q=Treasure+Data+%28UK%29+Limited+careers
Treasure Data (UK) Limited,London,,Worker (A rating),Global Business Mobility: Senior or Specialist Worker,,,https://www.bing.com/search?q=Treasure+Data+%28UK%29+Limited+official+website,,,,https://www.bing.com/search?q=Treasure+Data+%28UK%29+Limited+careers
Treehouse Digital Limited,Bournemouth,Dorset,Worker (A rating),Skilled Worker,,,https://www.bing.com/search?q=Treehouse+Digital+Limited+official+website,,,,https://www.bing.com/search?q=Treehouse+Digital+Limited+careers
TREND Networks Ltd,High Wycombe,,Worker (A rating),Skilled Worker,,,https://www.bing.com/search?q=TREND+Networks+Ltd+official+website,,,,https://www.bing.com/search?q=TREND+Networks+Ltd+careers
Trend Technologies Limited,Swindon,,Worker (A rating),Skilled Worker,,,https://www.bing.com/search?q=Trend+Technologies+Limited+official+website,,,,https://www.bing.com/search?q=Trend+Technologies+Limited+careers
Trend Technologies Scotland Limited,Glenrothes,Fife,Worker (A rating),Skilled Worker,,,https://www.bing.com/search?q=Trend+Technologies+Scotland+Limited+official+website,,,,https://www.bing.com/search?q=Trend+Technologies+Scotland+Limited+careers
Trent AI Limited,Cambridge,,Worker (A rating),Skilled Worker,,,https://www.bing.com/search?q=Trent+AI+Limited+official+website,,,,https://www.bing.com/search?q=Trent+AI+Limited+careers
TREVONIX TECHNOLOGIES LIMITED,Purley,,Worker (A rating),Skilled Worker,,,https://www.bing.com/search?q=TREVONIX+TECHNOLOGIES+LIMITED+official+website,,,,https://www.bing.com/search?q=TREVONIX+TECHNOLOGIES+LIMITED+careers
Tribe Group Digital Limited,London,,Worker (A rating),Global Business Mobility: Senior or Specialist Worker,,,https://www.bing.com/search?q=Tribe+Group+Digital+Limited+official+website,,,,https://www.bing.com/search?q=Tribe+Group+Digital+Limited+careers
Tribe Group Digital Limited,London,,Worker (A rating),Skilled Worker,,,https://www.bing.com/search?q=Tribe+Group+Digital+Limited+official+website,,,,https://www.bing.com/search?q=Tribe+Group+Digital+Limited+careers
Tricon Infotech UK Limited,Reading,,Worker (A rating),Global Business Mobility: Senior or Specialist Worker,,,https://www.bing.com/search?q=Tricon+Infotech+UK+Limited+official+website,,,,https://www.bing.com/search?q=Tricon+Infotech+UK+Limited+careers
Tricon Infotech UK Limited,Reading,,Worker (A rating),Skilled Worker,,,https://www.bing.com/search?q=Tricon+Infotech+UK+Limited+official+website,,,,https://www.bing.com/search?q=Tricon+Infotech+UK+Limited+careers
Trident Technologies Limited,London,,Worker (A rating),Skilled Worker,,,https://www.bing.com/search?q=Trident+Technologies+Limited+official+website,,,,https://www.bing.com/search?q=Trident+Technologies+Limited+careers
TRILLIANT NETWORKS (UK) LTD,Windsor,,Worker (A rating),Skilled Worker,,,https://www.bing.com/search?q=TRILLIANT+NETWORKS+%28UK%29+LTD+official+website,,,,https://www.bing.com/search?q=TRILLIANT+NETWORKS+%28UK%29+LTD+careers
TRILLIANT NETWORKS (UK) LTD,Windsor,,Worker (A rating),Global Business Mobility: Senior or Specialist Worker,,,https://www.bing.com/search?q=TRILLIANT+NETWORKS+%28UK%29+LTD+official+website,,,,https://www.bing.com/search?q=TRILLIANT+NETWORKS+%28UK%29+LTD+careers
Trillium Flow Technologies Holdco Limited,London,,Worker (A rating),Global Business Mobility: Senior or Specialist Worker,,,https://www.bing.com/search?q=Trillium+Flow+Technologies+Holdco+Limited+official+website,,,,https://www.bing.com/search?q=Trillium+Flow+Technologies+Holdco+Limited+careers
Trillium Flow Technologies Holdco Limited,London,,Worker (A rating),Skilled Worker,,,https://www.bing.com/search?q=Trillium+Flow+Technologies+Holdco+Limited+official+website,,,,https://www.bing.com/search?q=Trillium+Flow+Technologies+Holdco+Limited+careers
Trio Motion Technology Limited,Tewkesbury,,Worker (A rating),Skilled Worker,,,https://www.bing.com/search?q=Trio+Motion+Technology+Limited+official+website,,,,https://www.bing.com/search?q=Trio+Motion+Technology+Limited+careers
Trio Motion Technology Limited,Tewkesbury,,Worker (A rating),Global Business Mobility: Senior or Specialist Worker,,,https://www.bing.com/search?q=Trio+Motion+Technology+Limited+official+website,,,,https://www.bing.com/search?q=Trio+Motion+Technology+Limited+careers
TRITON SOFTWARE LTD,Oldmeldrum,,Worker (A rating),Skilled Worker,,,https://www.bing.com/search?q=TRITON+SOFTWARE+LTD+official+website,,,,https://www.bing.com/search?q=TRITON+SOFTWARE+LTD+careers
True Digital Ltd,Bristol,,Worker (A rating),Skilled Worker,,,https://www.bing.com/search?q=True+Digital+Ltd+official+website,,,,https://www.bing.com/search?q=True+Digital+Ltd+careers
TRUELOGIC SOFTWARE LIMITED,Wakefield,,Worker (A rating),Skilled Worker,,,https://www.bing.com/search?q=TRUELOGIC+SOFTWARE+LIMITED+official+website,,,,https://www.bing.com/search?q=TRUELOGIC+SOFTWARE+LIMITED+careers
Trumeter Technologies Ltd,Bury,,Worker (A rating),Skilled Worker,,,https://www.bing.com/search?q=Trumeter+Technologies+Ltd+official+website,,,,https://www.bing.com/search?q=Trumeter+Technologies+Ltd+careers
Trumpet Software Limited,London,London,Worker (A rating),Skilled Worker,,,https://www.bing.com/search?q=Trumpet+Software+Limited+official+website,,,,https://www.bing.com/search?q=Trumpet+Software+Limited+careers
Trusted Data Solutions UK Ltd,Nantgarw,,Worker (A rating),Skilled Worker,,,https://www.bing.com/search?q=Trusted+Data+Solutions+UK+Ltd+official+website,,,,https://www.bing.com/search?q=Trusted+Data+Solutions+UK+Ltd+careers
Trusted Technology Limited,Nottingham,,Worker (A rating),Skilled Worker,,,https://www.bing.com/search?q=Trusted+Technology+Limited+official+website,,,,https://www.bing.com/search?q=Trusted+Technology+Limited+careers
Trustly Technologies UK Ltd,London,,Worker (A rating),Skilled Worker,,,https://www.bing.com/search?q=Trustly+Technologies+UK+Ltd+official+website,,,,https://www.bing.com/search?q=Trustly+Technologies+UK+Ltd+careers
Tryambakam Digital Ltd,Bristol,,Worker (A rating),Skilled Worker,,,https://www.bing.com/search?q=Tryambakam+Digital+Ltd+official+website,,,,https://www.bing.com/search?q=Tryambakam+Digital+Ltd+careers
TSIT DIGITAL TECHNOLOGIES PRIVATE LTD,London,,Worker (A rating),Skilled Worker,,,https://www.bing.com/search?q=TSIT+DIGITAL+TECHNOLOGIES+PRIVATE+LTD+official+website,,,,https://www.bing.com/search?q=TSIT+DIGITAL+TECHNOLOGIES+PRIVATE+LTD+careers
Tufin Software Europe Limited,Reading,,Worker (A rating),Skilled Worker,,,https://www.bing.com/search?q=Tufin+Software+Europe+Limited+official+website,,,,https://www.bing.com/search?q=Tufin+Software+Europe+Limited+careers
Tufin Software Europe Limited,Reading,,Worker (A rating),Global Business Mobility: Senior or Specialist Worker,,,https://www.bing.com/search?q=Tufin+Software+Europe+Limited+official+website,,,,https://www.bing.com/search?q=Tufin+Software+Europe+Limited+careers
Turbine Simulated Cell Technologies Limited,Cambridge,Cambridgeshire,Worker (A rating),Global Business Mobility: Senior or Specialist Worker,,,https://www.bing.com/search?q=Turbine+Simulated+Cell+Technologies+Limited+official+website,,,,https://www.bing.com/search?q=Turbine+Simulated+Cell+Technologies+Limited+careers
Turbine Simulated Cell Technologies Limited,Cambridge,Cambridgeshire,Worker (A rating),Skilled Worker,,,https://www.bing.com/search?q=Turbine+Simulated+Cell+Technologies+Limited+official+website,,,,https://www.bing.com/search?q=Turbine+Simulated+Cell+Technologies+Limited+careers
Turing Intelligence Technology Limited,London,,Worker (A rating),Skilled Worker,,,https://www.bing.com/search?q=Turing+Intelligence+Technology+Limited+official+website,,,,https://www.bing.com/search?q=Turing+Intelligence+Technology+Limited+careers
TVA Technology Ltd t/a Electricshop,Potters Bar,Herts,Worker (A rating),Skilled Worker,,,https://www.bing.com/search?q=TVA+Technology+Ltd+t%2Fa+Electricshop+official+website,,,,https://www.bing.com/search?q=TVA+Technology+Ltd+t%2Fa+Electricshop+careers
TVision Technology Ltd,Woking,Surrey,Worker (A rating),Skilled Worker,,,https://www.bing.com/search?q=TVision+Technology+Ltd+official+website,,,,https://www.bing.com/search?q=TVision+Technology+Ltd+careers
Twaraa Technology and Services Limited,Stanmore,,Worker (A rating),Skilled Worker,,,https://www.bing.com/search?q=Twaraa+Technology+and+Services+Limited+official+website,,,,https://www.bing.com/search?q=Twaraa+Technology+and+Services+Limited+careers
Twelve Oaks Software Ltd,York,North Yorkshire,Worker (A rating),Skilled Worker,,,https://www.bing.com/search?q=Twelve+Oaks+Software+Ltd+official+website,,,,https://www.bing.com/search?q=Twelve+Oaks+Software+Ltd+careers
Twenty20 Software Limited,Horsham,West Sussex,Worker (A rating),Skilled Worker,,,https://www.bing.com/search?q=Twenty20+Software+Limited+official+website,,,,https://www.bing.com/search?q=Twenty20+Software+Limited+careers
TWIRL TECHNOLOGIES LTD,London,,Worker (A rating),Skilled Worker,,,https://www.bing.com/search?q=TWIRL+TECHNOLOGIES+LTD+official+website,,,,https://www.bing.com/search?q=TWIRL+TECHNOLOGIES+LTD+careers
Tyfer Networks Ltd,Enniskillen,Fermanagh,Worker (A rating),Skilled Worker,,,https://www.bing.com/search?q=Tyfer+Networks+Ltd+official+website,,,,https://www.bing.com/search?q=Tyfer+Networks+Ltd+careers
Tymphany Acoustic Technology (UK) Limited,Bridgend,,Worker (A rating),Global Business Mobility: Senior or Specialist Worker,,,https://www.bing.com/search?q=Tymphany+Acoustic+Technology+%28UK%29+Limited+official+website,,,,https://www.bing.com/search?q=Tymphany+Acoustic+Technology+%28UK%29+Limited+careers
Tymphany Acoustic Technology (UK) Limited,Bridgend,,Worker (A rating),Skilled Worker,,,https://www.bing.com/search?q=Tymphany+Acoustic+Technology+%28UK%29+Limited+official+website,,,,https://www.bing.com/search?q=Tymphany+Acoustic+Technology+%28UK%29+Limited+careers
UBIETY Technologies Limited,Ely,Cambridgeshire,Worker (A rating),Skilled Worker,,,https://www.bing.com/search?q=UBIETY+Technologies+Limited+official+website,,,,https://www.bing.com/search?q=UBIETY+Technologies+Limited+careers
UBIQUE DIGITAL LTD,London,,Worker (A rating),Skilled Worker,,,https://www.bing.com/search?q=UBIQUE+DIGITAL+LTD+official+website,,,,https://www.bing.com/search?q=UBIQUE+DIGITAL+LTD+careers
UD Software Solutions Group Limited,Manchester,,Worker (A rating),Skilled Worker,,,https://www.bing.com/search?q=UD+Software+Solutions+Group+Limited+official+website,,,,https://www.bing.com/search?q=UD+Software+Solutions+Group+Limited+careers
UIC Digital Ltd,London,,Worker (A rating),Skilled Worker,,,https://www.bing.com/search?q=UIC+Digital+Ltd+official+website,,,,https://www.bing.com/search?q=UIC+Digital+Ltd+careers
UK CLOUD CONSULTING LTD,Reading,Berkshire,Worker (A rating),Skilled Worker,,,https://www.bing.com/search?q=UK+CLOUD+CONSULTING+LTD+official+website,,,,https://www.bing.com/search?q=UK+CLOUD+CONSULTING+LTD+careers
UK COLLEGE OF BUSINESS AND COMPUTING LTD,London,,Worker (A rating),Global Business Mobility: Senior or Specialist Worker,,,https://www.bing.com/search?q=UK+COLLEGE+OF+BUSINESS+AND+COMPUTING+LTD+official+website,,,,https://www.bing.com/search?q=UK+COLLEGE+OF+BUSINESS+AND+COMPUTING+LTD+careers
UK COLLEGE OF BUSINESS AND COMPUTING LTD,London,,Worker (A rating),Skilled Worker,,,https://www.bing.com/search?q=UK+COLLEGE+OF+BUSINESS+AND+COMPUTING+LTD+official+website,,,,https://www.bing.com/search?q=UK+COLLEGE+OF+BUSINESS+AND+COMPUTING+LTD+careers
UK DIGITAL SERVICES LTD,Crawley,West Sussex,Worker (A rating),Skilled Worker,,,https://www.bing.com/search?q=UK+DIGITAL+SERVICES+LTD+official+website,,,,https://www.bing.com/search?q=UK+DIGITAL+SERVICES+LTD+careers
UK Gas Technologies Limited,Redhill,Surrey,Worker (A rating),Skilled Worker,,,https://www.bing.com/search?q=UK+Gas+Technologies+Limited+official+website,,,,https://www.bing.com/search?q=UK+Gas+Technologies+Limited+careers
UK INTIS TELECOM LTD,London,Greater London,Worker (A rating),Skilled Worker,,,https://www.bing.com/search?q=UK+INTIS+TELECOM+LTD+official+website,,,,https://www.bing.com/search?q=UK+INTIS+TELECOM+LTD+careers
"UK ORANGE MAGIC CUBE INFORMATION TECHNOLOGY CO., LTD",Milton Keynes,Buckinghamshire,Worker (A rating),Skilled Worker,,,https://www.bing.com/search?q=UK+ORANGE+MAGIC+CUBE+INFORMATION+TECHNOLOGY+CO.%2C+LTD+official+website,,,,https://www.bing.com/search?q=UK+ORANGE+MAGIC+CUBE+INFORMATION+TECHNOLOGY+CO.%2C+LTD+careers
UK Power Networks (Operations) Ltd,London,,Worker (A rating),Skilled Worker,,,https://www.bing.com/search?q=UK+Power+Networks+%28Operations%29+Ltd+official+website,,,,https://www.bing.com/search?q=UK+Power+Networks+%28Operations%29+Ltd+careers
UK&I CYBER RANGES ltd,Manchester,,Worker (A rating),Skilled Worker,,,https://www.bing.com/search?q=UK%26I+CYBER+RANGES+ltd+official+website,,,,https://www.bing.com/search?q=UK%26I+CYBER+RANGES+ltd+careers
UK100 Cities Network Limited,London,,Worker (A rating),Skilled Worker,,,https://www.bing.com/search?q=UK100+Cities+Network+Limited+official+website,,,,https://www.bing.com/search?q=UK100+Cities+Network+Limited+careers
UKG Technology Limited,Bracknell,Berkshire,Worker (A rating),Global Business Mobility: Senior or Specialist Worker,,,https://www.bing.com/search?q=UKG+Technology+Limited+official+website,,,,https://www.bing.com/search?q=UKG+Technology+Limited+careers
UKG Technology Limited,Bracknell,Berkshire,Worker (A rating),Skilled Worker,,,https://www.bing.com/search?q=UKG+Technology+Limited+official+website,,,,https://www.bing.com/search?q=UKG+Technology+Limited+careers
ULLA TECHNOLOGY LTD,London,,Worker (A rating),Skilled Worker,,,https://www.bing.com/search?q=ULLA+TECHNOLOGY+LTD+official+website,,,,https://www.bing.com/search?q=ULLA+TECHNOLOGY+LTD+careers
ULTRA INTELLECT TECHNOLOGIES LIMITED,London,,Worker (A rating),Skilled Worker,,,https://www.bing.com/search?q=ULTRA+INTELLECT+TECHNOLOGIES+LIMITED+official+website,,,,https://www.bing.com/search?q=ULTRA+INTELLECT+TECHNOLOGIES+LIMITED+careers
Ultraviolet Cyber (UK) Limited,London,,Worker (A rating),Skilled Worker,,,https://www.bing.com/search?q=Ultraviolet+Cyber+%28UK%29+Limited+official+website,,,,https://www.bing.com/search?q=Ultraviolet+Cyber+%28UK%29+Limited+careers
ULTRON TECHNOLOGIES LTD,BIRMINGHAM,,Worker (A rating),Skilled Worker,,,https://www.bing.com/search?q=ULTRON+TECHNOLOGIES+LTD+official+website,,,,https://www.bing.com/search?q=ULTRON+TECHNOLOGIES+LTD+careers
UMF TECHNOLOGY CONSULTING LTD,Staines-Upon Thames,,Worker (A rating),Skilled Worker,,,https://www.bing.com/search?q=UMF+TECHNOLOGY+CONSULTING+LTD+official+website,,,,https://www.bing.com/search?q=UMF+TECHNOLOGY+CONSULTING+LTD+careers
Umi Digital Solutions Ltd,London,,Worker (A rating),Skilled Worker,,,https://www.bing.com/search?q=Umi+Digital+Solutions+Ltd+official+website,,,,https://www.bing.com/search?q=Umi+Digital+Solutions+Ltd+careers
Unboring Digital Ltd.,London,,Worker (A rating),Skilled Worker,,,https://www.bing.com/search?q=Unboring+Digital+Ltd.+official+website,,,,https://www.bing.com/search?q=Unboring+Digital+Ltd.+careers
Under One Cloud Consultancy Ltd,Worthing,West Sussex,Worker (A rating),Skilled Worker,,,https://www.bing.com/search?q=Under+One+Cloud+Consultancy+Ltd+official+website,,,,https://www.bing.com/search?q=Under+One+Cloud+Consultancy+Ltd+careers
Uniphore Technologies UK Limited,Bradmore,Nottinghamshire,Worker (A rating),Skilled Worker,,,https://www.bing.com/search?q=Uniphore+Technologies+UK+Limited+official+website,,,,https://www.bing.com/search?q=Uniphore+Technologies+UK+Limited+careers
Uniq Technology Ltd,Southanpton,Hampshire,Worker (A rating),Skilled Worker,,,https://www.bing.com/search?q=Uniq+Technology+Ltd+official+website,,,,https://www.bing.com/search?q=Uniq+Technology+Ltd+careers
Unique Care Network Limited,"Smethwick,",West Midlands,Worker (A rating),Skilled Worker,,,https://www.bing.com/search?q=Unique+Care+Network+Limited+official+website,,,,https://www.bing.com/search?q=Unique+Care+Network+Limited+careers
Unique Digital Marketing Limited T/A syzygy,London,,Worker (A rating),Skilled Worker,,,https://www.bing.com/search?q=Unique+Digital+Marketing+Limited+T%2FA+syzygy+official+website,,,,https://www.bing.com/search?q=Unique+Digital+Marketing+Limited+T%2FA+syzygy+careers
UNISON SOFTWARE AND CONSULTANCY LTD,London,,Worker (A rating),Skilled Worker,,,https://www.bing.com/search?q=UNISON+SOFTWARE+AND+CONSULTANCY+LTD+official+website,,,,https://www.bing.com/search?q=UNISON+SOFTWARE+AND+CONSULTANCY+LTD+careers
Unit4 Business Software Ltd,Harrogate,,Worker (A rating),Global Business Mobility: Senior or Specialist Worker,,,https://www.bing.com/search?q=Unit4+Business+Software+Ltd+official+website,,,,https://www.bing.com/search?q=Unit4+Business+Software+Ltd+careers
Unit4 Business Software Ltd,Harrogate,,Worker (A rating),Skilled Worker,,,https://www.bing.com/search?q=Unit4+Business+Software+Ltd+official+website,,,,https://www.bing.com/search?q=Unit4+Business+Software+Ltd+careers
Unitive Technologies Limited,London,England,Worker (A rating),Skilled Worker,,,https://www.bing.com/search?q=Unitive+Technologies+Limited+official+website,,,,https://www.bing.com/search?q=Unitive+Technologies+Limited+careers
Unity Software Limited,Brighton,Brighton and Hove,Worker (A rating),Skilled Worker,,,https://www.bing.com/search?q=Unity+Software+Limited+official+website,,,,https://www.bing.com/search?q=Unity+Software+Limited+careers
Unity Software Limited,Brighton,Brighton and Hove,Worker (A rating),Global Business Mobility: Senior or Specialist Worker,,,https://www.bing.com/search?q=Unity+Software+Limited+official+website,,,,https://www.bing.com/search?q=Unity+Software+Limited+careers
UNIVERON TECHNOLOGIES LIMITED,Luton,,Worker (A rating),Skilled Worker,,,https://www.bing.com/search?q=UNIVERON+TECHNOLOGIES+LIMITED+official+website,,,,https://www.bing.com/search?q=UNIVERON+TECHNOLOGIES+LIMITED+careers
Unravel Technologies Limited,London,,Worker (A rating),Skilled Worker,,,https://www.bing.com/search?q=Unravel+Technologies+Limited+official+website,,,,https://www.bing.com/search?q=Unravel+Technologies+Limited+careers
UNSTOPPABLES DIGITAL MEDIA LTD,London,,Worker (A rating),Skilled Worker,,,https://www.bing.com/search?q=UNSTOPPABLES+DIGITAL+MEDIA+LTD+official+website,,,,https://www.bing.com/search?q=UNSTOPPABLES+DIGITAL+MEDIA+LTD+careers
Unusual Technologies Ltd,Brighton,,Worker (A rating),Skilled Worker,,,https://www.bing.com/search?q=Unusual+Technologies+Ltd+official+website,,,,https://www.bing.com/search?q=Unusual+Technologies+Ltd+careers
Updraft WP Software Ltd,Newport,,Worker (A rating),Skilled Worker,,,https://www.bing.com/search?q=Updraft+WP+Software+Ltd+official+website,,,,https://www.bing.com/search?q=Updraft+WP+Software+Ltd+careers
UPLAND SOFTWARE UK LIMITED,London,,Worker (A rating),Skilled Worker,,,https://www.bing.com/search?q=UPLAND+SOFTWARE+UK+LIMITED+official+website,,,,https://www.bing.com/search?q=UPLAND+SOFTWARE+UK+LIMITED+careers
UPROOT TECHNOLOGIES LTD,Milton Keynes,Buckinghamshire,Worker (A rating),Skilled Worker,,,https://www.bing.com/search?q=UPROOT+TECHNOLOGIES+LTD+official+website,,,,https://www.bing.com/search?q=UPROOT+TECHNOLOGIES+LTD+careers
Upsolve AI,London,,Worker (A rating),Skilled Worker,,,https://www.bing.com/search?q=Upsolve+AI+official+website,,,,https://www.bing.com/search?q=Upsolve+AI+careers
Uptick Software UK Limited,London,,Worker (A rating),Skilled Worker,,,https://www.bing.com/search?q=Uptick+Software+UK+Limited+official+website,,,,https://www.bing.com/search?q=Uptick+Software+UK+Limited+careers
URBACON TECHNOLOGIES & SERVICES LTD,Dartford,,Worker (A rating),Skilled Worker,,,https://www.bing.com/search?q=URBACON+TECHNOLOGIES+%26+SERVICES+LTD+official+website,,,,https://www.bing.com/search?q=URBACON+TECHNOLOGIES+%26+SERVICES+LTD+careers
USS TECHNOLOGIES LIMITED,Slough,Berkshire,Worker (A rating),Skilled Worker,,,https://www.bing.com/search?q=USS+TECHNOLOGIES+LIMITED+official+website,,,,https://www.bing.com/search?q=USS+TECHNOLOGIES+LIMITED+careers
UTILITY DATA INTELLIGENCE LTD,London,,Worker (A rating),Skilled Worker,,,https://www.bing.com/search?q=UTILITY+DATA+INTELLIGENCE+LTD+official+website,,,,https://www.bing.com/search?q=UTILITY+DATA+INTELLIGENCE+LTD+careers
UV Software Limited,Cambridge,,Worker (A rating),Skilled Worker,,,https://www.bing.com/search?q=UV+Software+Limited+official+website,,,,https://www.bing.com/search?q=UV+Software+Limited+careers
V-Square Technologies Ltd,Milton Keynes,,Worker (A rating),Skilled Worker,,,https://www.bing.com/search?q=V-Square+Technologies+Ltd+official+website,,,,https://www.bing.com/search?q=V-Square+Technologies+Ltd+careers
VA TECHNOLOGY LTD,Telford,Shropshire,Worker (A rating),Skilled Worker,,,https://www.bing.com/search?q=VA+TECHNOLOGY+LTD+official+website,,,,https://www.bing.com/search?q=VA+TECHNOLOGY+LTD+careers
Vagabond Digital,MANCHESTER,Manchester,Worker (A rating),Skilled Worker,,,https://www.bing.com/search?q=Vagabond+Digital+official+website,,,,https://www.bing.com/search?q=Vagabond+Digital+careers
Valarian Technologies Limited,London,,Worker (A rating),Skilled Worker,,,https://www.bing.com/search?q=Valarian+Technologies+Limited+official+website,,,,https://www.bing.com/search?q=Valarian+Technologies+Limited+careers
Validation Network Limited,Swindon,,Worker (A rating),Skilled Worker,,,https://www.bing.com/search?q=Validation+Network+Limited+official+website,,,,https://www.bing.com/search?q=Validation+Network+Limited+careers
Vandana Technologies Pvt Ltd,Staines upon Thames,Surrey,Worker (A rating),Skilled Worker,,,https://www.bing.com/search?q=Vandana+Technologies+Pvt+Ltd+official+website,,,,https://www.bing.com/search?q=Vandana+Technologies+Pvt+Ltd+careers
Vanellus Technologies Ltd,Cambridge,,Worker (A rating),Skilled Worker,,,https://www.bing.com/search?q=Vanellus+Technologies+Ltd+official+website,,,,https://www.bing.com/search?q=Vanellus+Technologies+Ltd+careers
Vanquish Technologies Ltd,London,,Worker (A rating),Skilled Worker,,,https://www.bing.com/search?q=Vanquish+Technologies+Ltd+official+website,,,,https://www.bing.com/search?q=Vanquish+Technologies+Ltd+careers
Vanta Technology UK Limited,London,,Worker (A rating),Skilled Worker,,,https://www.bing.com/search?q=Vanta+Technology+UK+Limited+official+website,,,,https://www.bing.com/search?q=Vanta+Technology+UK+Limited+careers
Vanta Technology UK Limited,London,,Worker (A rating),Global Business Mobility: Senior or Specialist Worker,,,https://www.bing.com/search?q=Vanta+Technology+UK+Limited+official+website,,,,https://www.bing.com/search?q=Vanta+Technology+UK+Limited+careers
Vantage Data Centers UK Limited,Newbury,Berkshire,Worker (A rating),Global Business Mobility: Senior or Specialist Worker,,,https://www.bing.com/search?q=Vantage+Data+Centers+UK+Limited+official+website,,,,https://www.bing.com/search?q=Vantage+Data+Centers+UK+Limited+careers
Vantage Data Centers UK Limited,Newbury,Berkshire,Worker (A rating),Skilled Worker,,,https://www.bing.com/search?q=Vantage+Data+Centers+UK+Limited+official+website,,,,https://www.bing.com/search?q=Vantage+Data+Centers+UK+Limited+careers
Vardaan Software Services Limited,High Wycombe,Buckinghamshire,Worker (A rating),Skilled Worker,,,https://www.bing.com/search?q=Vardaan+Software+Services+Limited+official+website,,,,https://www.bing.com/search?q=Vardaan+Software+Services+Limited+careers
Varnish Software Limited,Stratford Upon Avon,Warwickshire,Worker (A rating),Skilled Worker,,,https://www.bing.com/search?q=Varnish+Software+Limited+official+website,,,,https://www.bing.com/search?q=Varnish+Software+Limited+careers
VARS Technology,Blackpool,Lancashire,Worker (A rating),Skilled Worker,,,https://www.bing.com/search?q=VARS+Technology+official+website,,,,https://www.bing.com/search?q=VARS+Technology+careers
Vast Data UK Limited,Ascot,,Worker (A rating),Skilled Worker,,,https://www.bing.com/search?q=Vast+Data+UK+Limited+official+website,,,,https://www.bing.com/search?q=Vast+Data+UK+Limited+careers
Vauban Technologies Limited,London,,Worker (A rating),Global Business Mobility: Senior or Specialist Worker,,,https://www.bing.com/search?q=Vauban+Technologies+Limited+official+website,,,,https://www.bing.com/search?q=Vauban+Technologies+Limited+careers
Vauban Technologies Limited,London,,Worker (A rating),Skilled Worker,,,https://www.bing.com/search?q=Vauban+Technologies+Limited+official+website,,,,https://www.bing.com/search?q=Vauban+Technologies+Limited+careers
VBT Software UK Limited,Harrow,,Worker (A rating),Global Business Mobility: Senior or Specialist Worker,,,https://www.bing.com/search?q=VBT+Software+UK+Limited+official+website,,,,https://www.bing.com/search?q=VBT+Software+UK+Limited+careers
VBT Software UK Limited,Harrow,,Worker (A rating),Skilled Worker,,,https://www.bing.com/search?q=VBT+Software+UK+Limited+official+website,,,,https://www.bing.com/search?q=VBT+Software+UK+Limited+careers
VCA Technology Ltd,Chepstow,Monmouthshire,Worker (A rating),Skilled Worker,,,https://www.bing.com/search?q=VCA+Technology+Ltd+official+website,,,,https://www.bing.com/search?q=VCA+Technology+Ltd+careers
VCG Technology Services Limited,Stockport,,Worker (A rating),Skilled Worker,,,https://www.bing.com/search?q=VCG+Technology+Services+Limited+official+website,,,,https://www.bing.com/search?q=VCG+Technology+Services+Limited+careers
VECTOR AI LTD,Loondon,,Worker (A rating),Skilled Worker,,,https://www.bing.com/search?q=VECTOR+AI+LTD+official+website,,,,https://www.bing.com/search?q=VECTOR+AI+LTD+careers
Vedant Network Solutions Ltd,Wimbledon,London,Worker (A rating),Skilled Worker,,,https://www.bing.com/search?q=Vedant+Network+Solutions+Ltd+official+website,,,,https://www.bing.com/search?q=Vedant+Network+Solutions+Ltd+careers
Veeam Software UK Limited,London,,Worker (A rating),Global Business Mobility: Senior or Specialist Worker,,,https://www.bing.com/search?q=Veeam+Software+UK+Limited+official+website,,,,https://www.bing.com/search?q=Veeam+Software+UK+Limited+careers
Veeam Software UK Limited,London,,Worker (A rating),Skilled Worker,,,https://www.bing.com/search?q=Veeam+Software+UK+Limited+official+website,,,,https://www.bing.com/search?q=Veeam+Software+UK+Limited+careers
Vega Investment Technologies Limited,London,,Worker (A rating),Skilled Worker,,,https://www.bing.com/search?q=Vega+Investment+Technologies+Limited+official+website,,,,https://www.bing.com/search?q=Vega+Investment+Technologies+Limited+careers
Velocity Technology Limited,London,,Worker (A rating),Skilled Worker,,,https://www.bing.com/search?q=Velocity+Technology+Limited+official+website,,,,https://www.bing.com/search?q=Velocity+Technology+Limited+careers
Vendo Digital Limited,Sutton,,Worker (A rating),Skilled Worker,,,https://www.bing.com/search?q=Vendo+Digital+Limited+official+website,,,,https://www.bing.com/search?q=Vendo+Digital+Limited+careers
VENKATA SAI TECHNOLOGIES LIMITED,Stoke-On-Trent,,Worker (A rating),Skilled Worker,,,https://www.bing.com/search?q=VENKATA+SAI+TECHNOLOGIES+LIMITED+official+website,,,,https://www.bing.com/search?q=VENKATA+SAI+TECHNOLOGIES+LIMITED+careers
Ventiv Technology Group International Ltd,London,,Worker (A rating),Global Business Mobility: Senior or Specialist Worker,,,https://www.bing.com/search?q=Ventiv+Technology+Group+International+Ltd+official+website,,,,https://www.bing.com/search?q=Ventiv+Technology+Group+International+Ltd+careers
Ventiv Technology Group International Ltd,London,,Worker (A rating),Skilled Worker,,,https://www.bing.com/search?q=Ventiv+Technology+Group+International+Ltd+official+website,,,,https://www.bing.com/search?q=Ventiv+Technology+Group+International+Ltd+careers
VENTURA UK TECHNOLOGIES LIMITED,London,,Worker (A rating),Skilled Worker,,,https://www.bing.com/search?q=VENTURA+UK+TECHNOLOGIES+LIMITED+official+website,,,,https://www.bing.com/search?q=VENTURA+UK+TECHNOLOGIES+LIMITED+careers
Venus London Technology Limited,Hornchurch,,Worker (A rating),Skilled Worker,,,https://www.bing.com/search?q=Venus+London+Technology+Limited+official+website,,,,https://www.bing.com/search?q=Venus+London+Technology+Limited+careers
VEOLIA WATER TECHNOLOGIES & SOLUTIONS (UK) LIMITED PARTNERSHIP,Peterborough,,Worker (A rating),Global Business Mobility: Senior or Specialist Worker,,,https://www.bing.com/search?q=VEOLIA+WATER+TECHNOLOGIES+%26+SOLUTIONS+%28UK%29+LIMITED+PARTNERSHIP+official+website,,,,https://www.bing.com/search?q=VEOLIA+WATER+TECHNOLOGIES+%26+SOLUTIONS+%28UK%29+LIMITED+PARTNERSHIP+careers
VEOLIA WATER TECHNOLOGIES & SOLUTIONS (UK) LIMITED PARTNERSHIP,Peterborough,,Worker (A rating),Skilled Worker,,,https://www.bing.com/search?q=VEOLIA+WATER+TECHNOLOGIES+%26+SOLUTIONS+%28UK%29+LIMITED+PARTNERSHIP+official+website,,,,https://www.bing.com/search?q=VEOLIA+WATER+TECHNOLOGIES+%26+SOLUTIONS+%28UK%29+LIMITED+PARTNERSHIP+careers
VEON Digital Limited,London,,Worker (A rating),Skilled Worker,,,https://www.bing.com/search?q=VEON+Digital+Limited+official+website,,,,https://www.bing.com/search?q=VEON+Digital+Limited+careers
VEON Digital Limited,London,,Worker (A rating),Global Business Mobility: Senior or Specialist Worker,,,https://www.bing.com/search?q=VEON+Digital+Limited+official+website,,,,https://www.bing.com/search?q=VEON+Digital+Limited+careers
Verified Digital Limited,London,,Worker (A rating),Skilled Worker,,,https://www.bing.com/search?q=Verified+Digital+Limited+official+website,,,,https://www.bing.com/search?q=Verified+Digital+Limited+careers
VeriPark Software UK Limited,London,,Worker (A rating),Skilled Worker,,,https://www.bing.com/search?q=VeriPark+Software+UK+Limited+official+website,,,,https://www.bing.com/search?q=VeriPark+Software+UK+Limited+careers
Version 1 Technology Limited,Belfast,,Worker (A rating),Skilled Worker,,,https://www.bing.com/search?q=Version+1+Technology+Limited+official+website,,,,https://www.bing.com/search?q=Version+1+Technology+Limited+careers
Vertice Technology Ltd,London,,Worker (A rating),Global Business Mobility: Senior or Specialist Worker,,,https://www.bing.com/search?q=Vertice+Technology+Ltd+official+website,,,,https://www.bing.com/search?q=Vertice+Technology+Ltd+careers
Vertice Technology Ltd,London,,Worker (A rating),Skilled Worker,,,https://www.bing.com/search?q=Vertice+Technology+Ltd+official+website,,,,https://www.bing.com/search?q=Vertice+Technology+Ltd+careers
Verysell Technologies (UK) Ltd,London,,Worker (A rating),Skilled Worker,,,https://www.bing.com/search?q=Verysell+Technologies+%28UK%29+Ltd+official+website,,,,https://www.bing.com/search?q=Verysell+Technologies+%28UK%29+Ltd+careers
Vesper Software Ltd,London,,Worker (A rating),Skilled Worker,,,https://www.bing.com/search?q=Vesper+Software+Ltd+official+website,,,,https://www.bing.com/search?q=Vesper+Software+Ltd+careers
Vesta Software Group Limited,Wallingford,Oxfordshire,Worker (A rating),Skilled Worker,,,https://www.bing.com/search?q=Vesta+Software+Group+Limited+official+website,,,,https://www.bing.com/search?q=Vesta+Software+Group+Limited+careers
Vestas Technology UK Limited,Newport,Isle of Wight,Worker (A rating),Global Business Mobility: Senior or Specialist Worker,,,https://www.bing.com/search?q=Vestas+Technology+UK+Limited+official+website,,,,https://www.bing.com/search?q=Vestas+Technology+UK+Limited+careers
Vestas Technology UK Limited,Newport,Isle of Wight,Temporary Worker (A rating),Global Business Mobility: Graduate Trainee,,,https://www.bing.com/search?q=Vestas+Technology+UK+Limited+official+website,,,,https://www.bing.com/search?q=Vestas+Technology+UK+Limited+careers
Vestas Technology UK Limited,Newport,Isle of Wight,Worker (A rating),Skilled Worker,,,https://www.bing.com/search?q=Vestas+Technology+UK+Limited+official+website,,,,https://www.bing.com/search?q=Vestas+Technology+UK+Limited+careers
VET VISION AI LIMITED,Nottingham,,Worker (A rating),Skilled Worker,,,https://www.bing.com/search?q=VET+VISION+AI+LIMITED+official+website,,,,https://www.bing.com/search?q=VET+VISION+AI+LIMITED+careers
Vibha Technology Ltd,Solihull,West Midlands,Worker (A rating),Skilled Worker,,,https://www.bing.com/search?q=Vibha+Technology+Ltd+official+website,,,,https://www.bing.com/search?q=Vibha+Technology+Ltd+careers
VIBI Technologies and Services Ltd,London,,Worker (A rating),Skilled Worker,,,https://www.bing.com/search?q=VIBI+Technologies+and+Services+Ltd+official+website,,,,https://www.bing.com/search?q=VIBI+Technologies+and+Services+Ltd+careers
Victorious Technologies Limited,Berkshire,,Worker (A rating),Skilled Worker,,,https://www.bing.com/search?q=Victorious+Technologies+Limited+official+website,,,,https://www.bing.com/search?q=Victorious+Technologies+Limited+careers
Videojet Technologies Limited,Huntingdon,,Worker (A rating),Skilled Worker,,,https://www.bing.com/search?q=Videojet+Technologies+Limited+official+website,,,,https://www.bing.com/search?q=Videojet+Technologies+Limited+careers
Videojet Technologies Limited,Huntingdon,,Worker (A rating),Global Business Mobility: Senior or Specialist Worker,,,https://www.bing.com/search?q=Videojet+Technologies+Limited+official+website,,,,https://www.bing.com/search?q=Videojet+Technologies+Limited+careers
Videojet Technologies Ltd,Huntingdon,Cambridgeshire,Worker (A rating),Global Business Mobility: Senior or Specialist Worker,,,https://www.bing.com/search?q=Videojet+Technologies+Ltd+official+website,,,,https://www.bing.com/search?q=Videojet+Technologies+Ltd+careers
Videojet Technologies Ltd,Huntingdon,Cambridgeshire,Worker (A rating),Skilled Worker,,,https://www.bing.com/search?q=Videojet+Technologies+Ltd+official+website,,,,https://www.bing.com/search?q=Videojet+Technologies+Ltd+careers
Vidit Technologies (UK) Limited,Birmingham,West Midlands,Worker (A rating),Skilled Worker,,,https://www.bing.com/search?q=Vidit+Technologies+%28UK%29+Limited+official+website,,,,https://www.bing.com/search?q=Vidit+Technologies+%28UK%29+Limited+careers
Viezu Technologies Ltd,Alcester,Warwickshire,Worker (A rating),Skilled Worker,,,https://www.bing.com/search?q=Viezu+Technologies+Ltd+official+website,,,,https://www.bing.com/search?q=Viezu+Technologies+Ltd+careers
Vighnaharta Technology Solutions Ltd,Edinburgh,,Worker (A rating),Skilled Worker,,,https://www.bing.com/search?q=Vighnaharta+Technology+Solutions+Ltd+official+website,,,,https://www.bing.com/search?q=Vighnaharta+Technology+Solutions+Ltd+careers
VIJIGS TECHNOLOGIES LTD,ABERDEEN,,Worker (A rating),Skilled Worker,,,https://www.bing.com/search?q=VIJIGS+TECHNOLOGIES+LTD+official+website,,,,https://www.bing.com/search?q=VIJIGS+TECHNOLOGIES+LTD+careers
Village Software Engineering Limited,Liverpool,,Worker (A rating),Skilled Worker,,,https://www.bing.com/search?q=Village+Software+Engineering+Limited+official+website,,,,https://www.bing.com/search?q=Village+Software+Engineering+Limited+careers
VIP Computer Centre Ltd,Warrington,,Worker (A rating),Skilled Worker,,,https://www.bing.com/search?q=VIP+Computer+Centre+Ltd+official+website,,,,https://www.bing.com/search?q=VIP+Computer+Centre+Ltd+careers
VIPA Digital Ltd.,London,,Worker (A rating),Skilled Worker,,,https://www.bing.com/search?q=VIPA+Digital+Ltd.+official+website,,,,https://www.bing.com/search?q=VIPA+Digital+Ltd.+careers
VIPR Digital Limited (trading as FIXR),London,,Worker (A rating),Skilled Worker,,,https://www.bing.com/search?q=VIPR+Digital+Limited+%28trading+as+FIXR%29+official+website,,,,https://www.bing.com/search?q=VIPR+Digital+Limited+%28trading+as+FIXR%29+careers
Virtual Data Centre Services Ltd,Leeds,,Worker (A rating),Skilled Worker,,,https://www.bing.com/search?q=Virtual+Data+Centre+Services+Ltd+official+website,,,,https://www.bing.com/search?q=Virtual+Data+Centre+Services+Ltd+careers
Virtual Reality Kingdom Technologies PVT Ltd,Reading,Berkshire,Worker (A rating),Global Business Mobility: Senior or Specialist Worker,,,https://www.bing.com/search?q=Virtual+Reality+Kingdom+Technologies+PVT+Ltd+official+website,,,,https://www.bing.com/search?q=Virtual+Reality+Kingdom+Technologies+PVT+Ltd+careers
Virtual Reality Kingdom Technologies PVT Ltd,Reading,Berkshire,Worker (A rating),Skilled Worker,,,https://www.bing.com/search?q=Virtual+Reality+Kingdom+Technologies+PVT+Ltd+official+website,,,,https://www.bing.com/search?q=Virtual+Reality+Kingdom+Technologies+PVT+Ltd+careers
Virtual Tech Cloud Ltd,London,,Worker (A rating),Skilled Worker,,,https://www.bing.com/search?q=Virtual+Tech+Cloud+Ltd+official+website,,,,https://www.bing.com/search?q=Virtual+Tech+Cloud+Ltd+careers
VIS NETWORKS UK LTD,Slough,Berkshire,Worker (A rating),Skilled Worker,,,https://www.bing.com/search?q=VIS+NETWORKS+UK+LTD+official+website,,,,https://www.bing.com/search?q=VIS+NETWORKS+UK+LTD+careers
Vision Academy Education and Technology UK Limited,London,,Worker (A rating),Skilled Worker,,,https://www.bing.com/search?q=Vision+Academy+Education+and+Technology+UK+Limited+official+website,,,,https://www.bing.com/search?q=Vision+Academy+Education+and+Technology+UK+Limited+careers
viso.ai UK Ltd,Altrincham,Cheshire,Worker (A rating),Skilled Worker,https://viso.ai,derived_from_company_name_domain,https://www.bing.com/search?q=viso.ai+UK+Ltd+official+website,,https://viso.ai,https://viso.ai/careers,https://www.bing.com/search?q=viso.ai+UK+Ltd+careers
VISTO TECHNOLOGIES PVT LTD,HOUNSLOW,,Worker (A rating),Skilled Worker,,,https://www.bing.com/search?q=VISTO+TECHNOLOGIES+PVT+LTD+official+website,,,,https://www.bing.com/search?q=VISTO+TECHNOLOGIES+PVT+LTD+careers
VISUAL DATA MEDIA SERVICES LIMITED,London,,Worker (A rating),Skilled Worker,,,https://www.bing.com/search?q=VISUAL+DATA+MEDIA+SERVICES+LIMITED+official+website,,,,https://www.bing.com/search?q=VISUAL+DATA+MEDIA+SERVICES+LIMITED+careers
VISUAL DATA MEDIA SERVICES LIMITED,London,,Worker (A rating),Global Business Mobility: Senior or Specialist Worker,,,https://www.bing.com/search?q=VISUAL+DATA+MEDIA+SERVICES+LIMITED+official+website,,,,https://www.bing.com/search?q=VISUAL+DATA+MEDIA+SERVICES+LIMITED+careers
Visualising Software Limited,Brighton,Sussex,Worker (A rating),Skilled Worker,,,https://www.bing.com/search?q=Visualising+Software+Limited+official+website,,,,https://www.bing.com/search?q=Visualising+Software+Limited+careers
Visualist Technologies Ltd,London,,Worker (A rating),Skilled Worker,,,https://www.bing.com/search?q=Visualist+Technologies+Ltd+official+website,,,,https://www.bing.com/search?q=Visualist+Technologies+Ltd+careers
VISUN TECHNOLOGIES LTD,London,,Worker (A rating),Global Business Mobility: Senior or Specialist Worker,,,https://www.bing.com/search?q=VISUN+TECHNOLOGIES+LTD+official+website,,,,https://www.bing.com/search?q=VISUN+TECHNOLOGIES+LTD+careers
VISUN TECHNOLOGIES LTD,London,,Worker (A rating),Skilled Worker,,,https://www.bing.com/search?q=VISUN+TECHNOLOGIES+LTD+official+website,,,,https://www.bing.com/search?q=VISUN+TECHNOLOGIES+LTD+careers
Vital Telecom Services Limited,Oldham,,Worker (A rating),Skilled Worker,,,https://www.bing.com/search?q=Vital+Telecom+Services+Limited+official+website,,,,https://www.bing.com/search?q=Vital+Telecom+Services+Limited+careers
VitalSource Technologies Ltd,Milton Keynes,,Worker (A rating),Skilled Worker,,,https://www.bing.com/search?q=VitalSource+Technologies+Ltd+official+website,,,,https://www.bing.com/search?q=VitalSource+Technologies+Ltd+careers
Vitesco Technologies UK Ltd.,Basildon,Essex,Worker (A rating),Skilled Worker,,,https://www.bing.com/search?q=Vitesco+Technologies+UK+Ltd.+official+website,,,,https://www.bing.com/search?q=Vitesco+Technologies+UK+Ltd.+careers
VIVA CITY TECHNOLOGIES LIMITED,London,,Worker (A rating),Skilled Worker,,,https://www.bing.com/search?q=VIVA+CITY+TECHNOLOGIES+LIMITED+official+website,,,,https://www.bing.com/search?q=VIVA+CITY+TECHNOLOGIES+LIMITED+careers
Vivos Technology Limited (trading as PHASTAR),Nether Alderley,,Worker (A rating),Global Business Mobility: Senior or Specialist Worker,,,https://www.bing.com/search?q=Vivos+Technology+Limited+%28trading+as+PHASTAR%29+official+website,,,,https://www.bing.com/search?q=Vivos+Technology+Limited+%28trading+as+PHASTAR%29+careers
Vivos Technology Limited (trading as PHASTAR),Nether Alderley,,Worker (A rating),Skilled Worker,,,https://www.bing.com/search?q=Vivos+Technology+Limited+%28trading+as+PHASTAR%29+official+website,,,,https://www.bing.com/search?q=Vivos+Technology+Limited+%28trading+as+PHASTAR%29+careers
VIX TECHNOLOGY UK LIMITED,CAMBRIDGE,,Worker (A rating),Global Business Mobility: Senior or Specialist Worker,,,https://www.bing.com/search?q=VIX+TECHNOLOGY+UK+LIMITED+official+website,,,,https://www.bing.com/search?q=VIX+TECHNOLOGY+UK+LIMITED+careers
VIX TECHNOLOGY UK LIMITED,CAMBRIDGE,,Worker (A rating),Skilled Worker,,,https://www.bing.com/search?q=VIX+TECHNOLOGY+UK+LIMITED+official+website,,,,https://www.bing.com/search?q=VIX+TECHNOLOGY+UK+LIMITED+careers
Vizion Network Limited,Hull,East Yorkshire,Worker (A rating),Skilled Worker,,,https://www.bing.com/search?q=Vizion+Network+Limited+official+website,,,,https://www.bing.com/search?q=Vizion+Network+Limited+careers
Vizst Technology Ltd,Poole,Dorset,Worker (A rating),Skilled Worker,,,https://www.bing.com/search?q=Vizst+Technology+Ltd+official+website,,,,https://www.bing.com/search?q=Vizst+Technology+Ltd+careers
VJ Technology Ltd,Ashford,Kent,Worker (A rating),Skilled Worker,,,https://www.bing.com/search?q=VJ+Technology+Ltd+official+website,,,,https://www.bing.com/search?q=VJ+Technology+Ltd+careers
VL Digital Ltd,Portsmouth,Hampshire,Worker (A rating),Skilled Worker,,,https://www.bing.com/search?q=VL+Digital+Ltd+official+website,,,,https://www.bing.com/search?q=VL+Digital+Ltd+careers
VM Cloud Limited,London,,Worker (A rating),Skilled Worker,,,https://www.bing.com/search?q=VM+Cloud+Limited+official+website,,,,https://www.bing.com/search?q=VM+Cloud+Limited+careers
Voi Technology UK Ltd,London,,Worker (A rating),Global Business Mobility: Senior or Specialist Worker,,,https://www.bing.com/search?q=Voi+Technology+UK+Ltd+official+website,,,,https://www.bing.com/search?q=Voi+Technology+UK+Ltd+careers
Voi Technology UK Ltd,London,,Worker (A rating),Skilled Worker,,,https://www.bing.com/search?q=Voi+Technology+UK+Ltd+official+website,,,,https://www.bing.com/search?q=Voi+Technology+UK+Ltd+careers
Voice Technologies Ltd,Paisley,Renfrewshire,Worker (A rating),Skilled Worker,,,https://www.bing.com/search?q=Voice+Technologies+Ltd+official+website,,,,https://www.bing.com/search?q=Voice+Technologies+Ltd+careers
Volante Technologies Inc.,London,,Worker (A rating),Skilled Worker,,,https://www.bing.com/search?q=Volante+Technologies+Inc.+official+website,,,,https://www.bing.com/search?q=Volante+Technologies+Inc.+careers
Volante Technologies Inc.,London,,Worker (A rating),Global Business Mobility: Senior or Specialist Worker,,,https://www.bing.com/search?q=Volante+Technologies+Inc.+official+website,,,,https://www.bing.com/search?q=Volante+Technologies+Inc.+careers
Volt Active Data UK Ltd,London,,Worker (A rating),Skilled Worker,,,https://www.bing.com/search?q=Volt+Active+Data+UK+Ltd+official+website,,,,https://www.bing.com/search?q=Volt+Active+Data+UK+Ltd+careers
Volt Technologies Holdings Ltd,London,,Worker (A rating),Global Business Mobility: Senior or Specialist Worker,,,https://www.bing.com/search?q=Volt+Technologies+Holdings+Ltd+official+website,,,,https://www.bing.com/search?q=Volt+Technologies+Holdings+Ltd+careers
Volt Technologies Holdings Ltd,London,,Worker (A rating),Skilled Worker,,,https://www.bing.com/search?q=Volt+Technologies+Holdings+Ltd+official+website,,,,https://www.bing.com/search?q=Volt+Technologies+Holdings+Ltd+careers
Volta Data Centres Limited,London,,Worker (A rating),Skilled Worker,,,https://www.bing.com/search?q=Volta+Data+Centres+Limited+official+website,,,,https://www.bing.com/search?q=Volta+Data+Centres+Limited+careers
Volteras Technologies Ltd,London,,Worker (A rating),Skilled Worker,,,https://www.bing.com/search?q=Volteras+Technologies+Ltd+official+website,,,,https://www.bing.com/search?q=Volteras+Technologies+Ltd+careers
VPGTS Technologies Ltd,Huddersfield,West Yorkshire,Worker (A rating),Skilled Worker,,,https://www.bing.com/search?q=VPGTS+Technologies+Ltd+official+website,,,,https://www.bing.com/search?q=VPGTS+Technologies+Ltd+careers
VS2 Networks Limited,Slough,,Worker (A rating),Skilled Worker,,,https://www.bing.com/search?q=VS2+Networks+Limited+official+website,,,,https://www.bing.com/search?q=VS2+Networks+Limited+careers
Vsim Technology Limited,Altrincham,,Worker (A rating),Skilled Worker,,,https://www.bing.com/search?q=Vsim+Technology+Limited+official+website,,,,https://www.bing.com/search?q=Vsim+Technology+Limited+careers
VVIEWING TECHNOLOGIES LIMITED,Hayes,,Worker (A rating),Skilled Worker,,,https://www.bing.com/search?q=VVIEWING+TECHNOLOGIES+LIMITED+official+website,,,,https://www.bing.com/search?q=VVIEWING+TECHNOLOGIES+LIMITED+careers
Vyne Technologies Limited,London,,Worker (A rating),Skilled Worker,,,https://www.bing.com/search?q=Vyne+Technologies+Limited+official+website,,,,https://www.bing.com/search?q=Vyne+Technologies+Limited+careers
Vypr Validation Technologies Limited,Manchester,,Worker (A rating),Skilled Worker,,,https://www.bing.com/search?q=Vypr+Validation+Technologies+Limited+official+website,,,,https://www.bing.com/search?q=Vypr+Validation+Technologies+Limited+careers
Walden Digital UK LTD,Bedford,,Worker (A rating),Skilled Worker,,,https://www.bing.com/search?q=Walden+Digital+UK+LTD+official+website,,,,https://www.bing.com/search?q=Walden+Digital+UK+LTD+careers
Walmer Technology Limited,London,,Worker (A rating),Skilled Worker,,,https://www.bing.com/search?q=Walmer+Technology+Limited+official+website,,,,https://www.bing.com/search?q=Walmer+Technology+Limited+careers
WAMO TECHNOLOGY LIMITED,London,,Worker (A rating),Skilled Worker,,,https://www.bing.com/search?q=WAMO+TECHNOLOGY+LIMITED+official+website,,,,https://www.bing.com/search?q=WAMO+TECHNOLOGY+LIMITED+careers
Wandsworth Community Empowerment Network,Wandsworth,,Temporary Worker (A rating),Charity Worker,,,https://www.bing.com/search?q=Wandsworth+Community+Empowerment+Network+official+website,,,,https://www.bing.com/search?q=Wandsworth+Community+Empowerment+Network+careers
Wandsworth Community Empowerment Network,Wandsworth,,Worker (A rating),Skilled Worker,,,https://www.bing.com/search?q=Wandsworth+Community+Empowerment+Network+official+website,,,,https://www.bing.com/search?q=Wandsworth+Community+Empowerment+Network+careers
WARP DIGITAL ENTERTAINMENT LIMITED,LONDON,,Worker (A rating),Skilled Worker,,,https://www.bing.com/search?q=WARP+DIGITAL+ENTERTAINMENT+LIMITED+official+website,,,,https://www.bing.com/search?q=WARP+DIGITAL+ENTERTAINMENT+LIMITED+careers
Waste Logics Software Limited,London,,Worker (A rating),Skilled Worker,,,https://www.bing.com/search?q=Waste+Logics+Software+Limited+official+website,,,,https://www.bing.com/search?q=Waste+Logics+Software+Limited+careers
Watercycle Technologies,Manchester,Greater Manchester,Worker (A rating),Skilled Worker,,,https://www.bing.com/search?q=Watercycle+Technologies+official+website,,,,https://www.bing.com/search?q=Watercycle+Technologies+careers
WATERMARK TECHNOLOGIES LTD,SHIPLEY,W Yorkshire,Worker (A rating),Skilled Worker,,,https://www.bing.com/search?q=WATERMARK+TECHNOLOGIES+LTD+official+website,,,,https://www.bing.com/search?q=WATERMARK+TECHNOLOGIES+LTD+careers
Watershed Technology Limited,London,,Worker (A rating),Skilled Worker,,,https://www.bing.com/search?q=Watershed+Technology+Limited+official+website,,,,https://www.bing.com/search?q=Watershed+Technology+Limited+careers
Watershed Technology Limited,London,,Worker (A rating),Global Business Mobility: Senior or Specialist Worker,,,https://www.bing.com/search?q=Watershed+Technology+Limited+official+website,,,,https://www.bing.com/search?q=Watershed+Technology+Limited+careers
Wayve Technologies Ltd,London,,Worker (A rating),Skilled Worker,,,https://www.bing.com/search?q=Wayve+Technologies+Ltd+official+website,,,,https://www.bing.com/search?q=Wayve+Technologies+Ltd+careers
We Know Data Limited,Wem,,Worker (A rating),Skilled Worker,,,https://www.bing.com/search?q=We+Know+Data+Limited+official+website,,,,https://www.bing.com/search?q=We+Know+Data+Limited+careers
WEB3 DIGITAL LIMITED,London,,Worker (A rating),Skilled Worker,,,https://www.bing.com/search?q=WEB3+DIGITAL+LIMITED+official+website,,,,https://www.bing.com/search?q=WEB3+DIGITAL+LIMITED+careers
Webheay Technologies Limited,Manchester,,Worker (A rating),Skilled Worker,,,https://www.bing.com/search?q=Webheay+Technologies+Limited+official+website,,,,https://www.bing.com/search?q=Webheay+Technologies+Limited+careers
WeBuild-AI Limited,London,,Worker (A rating),Skilled Worker,,,https://www.bing.com/search?q=WeBuild-AI+Limited+official+website,,,,https://www.bing.com/search?q=WeBuild-AI+Limited+careers
WEBYNATICS TECHNOLOGIES LTD,DERBY,,Worker (A rating),Skilled Worker,,,https://www.bing.com/search?q=WEBYNATICS+TECHNOLOGIES+LTD+official+website,,,,https://www.bing.com/search?q=WEBYNATICS+TECHNOLOGIES+LTD+careers
Weco AI Ltd,London,London,Worker (A rating),Skilled Worker,,,https://www.bing.com/search?q=Weco+AI+Ltd+official+website,,,,https://www.bing.com/search?q=Weco+AI+Ltd+careers
WeDiscover Digital Ltd,London,,Worker (A rating),Skilled Worker,,,https://www.bing.com/search?q=WeDiscover+Digital+Ltd+official+website,,,,https://www.bing.com/search?q=WeDiscover+Digital+Ltd+careers
WEDO DIGITAL TECHNOLOGIES LIMITED,"Chadderton, Oldham",,Worker (A rating),Skilled Worker,,,https://www.bing.com/search?q=WEDO+DIGITAL+TECHNOLOGIES+LIMITED+official+website,,,,https://www.bing.com/search?q=WEDO+DIGITAL+TECHNOLOGIES+LIMITED+careers
Wedo Technology Solutions Ltd,Bristol,,Worker (A rating),Skilled Worker,,,https://www.bing.com/search?q=Wedo+Technology+Solutions+Ltd+official+website,,,,https://www.bing.com/search?q=Wedo+Technology+Solutions+Ltd+careers
Wellington Computer Systems Ltd,Belfast,Antrim,Worker (A rating),Skilled Worker,,,https://www.bing.com/search?q=Wellington+Computer+Systems+Ltd+official+website,,,,https://www.bing.com/search?q=Wellington+Computer+Systems+Ltd+careers
Welwin Infotech Ltd,Haverhill,Suffolk,Worker (A rating),Skilled Worker,,,https://www.bing.com/search?q=Welwin+Infotech+Ltd+official+website,,,,https://www.bing.com/search?q=Welwin+Infotech+Ltd+careers
Wessex Institute of Technology,Southampton,Hampshire,Worker (A rating),Skilled Worker,,,https://www.bing.com/search?q=Wessex+Institute+of+Technology+official+website,,,,https://www.bing.com/search?q=Wessex+Institute+of+Technology+careers
WESTBASE TECHNOLOGY LIMITED,CALDICOT,MONMOUTHSHIRE,Worker (A rating),Skilled Worker,,,https://www.bing.com/search?q=WESTBASE+TECHNOLOGY+LIMITED+official+website,,,,https://www.bing.com/search?q=WESTBASE+TECHNOLOGY+LIMITED+careers
Western Digital (UK) Limited,Guilford,,Worker (A rating),Skilled Worker,,,https://www.bing.com/search?q=Western+Digital+%28UK%29+Limited+official+website,,,,https://www.bing.com/search?q=Western+Digital+%28UK%29+Limited+careers
Western Digital (UK) Limited,Guilford,,Worker (A rating),Global Business Mobility: Senior or Specialist Worker,,,https://www.bing.com/search?q=Western+Digital+%28UK%29+Limited+official+website,,,,https://www.bing.com/search?q=Western+Digital+%28UK%29+Limited+careers
WF Federated GP Network Ltd.,Highams Park,London,Worker (A rating),Skilled Worker,,,https://www.bing.com/search?q=WF+Federated+GP+Network+Ltd.+official+website,,,,https://www.bing.com/search?q=WF+Federated+GP+Network+Ltd.+careers
Wheatley Software Solutions Limited,Tostock,Suffolk,Worker (A rating),Skilled Worker,,,https://www.bing.com/search?q=Wheatley+Software+Solutions+Limited+official+website,,,,https://www.bing.com/search?q=Wheatley+Software+Solutions+Limited+careers
Wheely Technologies Ltd,London,,Worker (A rating),Global Business Mobility: Senior or Specialist Worker,,,https://www.bing.com/search?q=Wheely+Technologies+Ltd+official+website,,,,https://www.bing.com/search?q=Wheely+Technologies+Ltd+careers
Wheely Technologies Ltd,London,,Worker (A rating),Skilled Worker,,,https://www.bing.com/search?q=Wheely+Technologies+Ltd+official+website,,,,https://www.bing.com/search?q=Wheely+Technologies+Ltd+careers
Wheely Technologies Ltd,London,,Worker (A rating),Scale-up,,,https://www.bing.com/search?q=Wheely+Technologies+Ltd+official+website,,,,https://www.bing.com/search?q=Wheely+Technologies+Ltd+careers
White Cloud Capital Advisors Limited,London,,Worker (A rating),Skilled Worker,,,https://www.bing.com/search?q=White+Cloud+Capital+Advisors+Limited+official+website,,,,https://www.bing.com/search?q=White+Cloud+Capital+Advisors+Limited+careers
Whitefox Technologies Limited,London,,Worker (A rating),Global Business Mobility: Senior or Specialist Worker,,,https://www.bing.com/search?q=Whitefox+Technologies+Limited+official+website,,,,https://www.bing.com/search?q=Whitefox+Technologies+Limited+careers
Whitefox Technologies Limited,London,,Worker (A rating),Skilled Worker,,,https://www.bing.com/search?q=Whitefox+Technologies+Limited+official+website,,,,https://www.bing.com/search?q=Whitefox+Technologies+Limited+careers
Wiki Networks Limited,Mitcham,,Worker (A rating),Skilled Worker,,,https://www.bing.com/search?q=Wiki+Networks+Limited+official+website,,,,https://www.bing.com/search?q=Wiki+Networks+Limited+careers
WIM Technologies,London,,Worker (A rating),Skilled Worker,,,https://www.bing.com/search?q=WIM+Technologies+official+website,,,,https://www.bing.com/search?q=WIM+Technologies+careers
WIM Technologies,London,,Worker (A rating),Global Business Mobility: Senior or Specialist Worker,,,https://www.bing.com/search?q=WIM+Technologies+official+website,,,,https://www.bing.com/search?q=WIM+Technologies+careers
Winbro Group Technologies,Shepshed,Leicestershire,Worker (A rating),Skilled Worker,,,https://www.bing.com/search?q=Winbro+Group+Technologies+official+website,,,,https://www.bing.com/search?q=Winbro+Group+Technologies+careers
Winbro Group Technologies,Shepshed,Leicestershire,Worker (A rating),Global Business Mobility: Senior or Specialist Worker,,,https://www.bing.com/search?q=Winbro+Group+Technologies+official+website,,,,https://www.bing.com/search?q=Winbro+Group+Technologies+careers
WINWAY COLLEGE OF BUSINESS & TECHNOLOGY LIMITED,Croydon,,Worker (A rating),Skilled Worker,,,https://www.bing.com/search?q=WINWAY+COLLEGE+OF+BUSINESS+%26+TECHNOLOGY+LIMITED+official+website,,,,https://www.bing.com/search?q=WINWAY+COLLEGE+OF+BUSINESS+%26+TECHNOLOGY+LIMITED+careers
Wipac Technology Limited,Buckingham,Buckinghamshire,Worker (A rating),Skilled Worker,,,https://www.bing.com/search?q=Wipac+Technology+Limited+official+website,,,,https://www.bing.com/search?q=Wipac+Technology+Limited+careers
Wipac Technology Limited,Buckingham,Buckinghamshire,Worker (A rating),Global Business Mobility: Senior or Specialist Worker,,,https://www.bing.com/search?q=Wipac+Technology+Limited+official+website,,,,https://www.bing.com/search?q=Wipac+Technology+Limited+careers
Wise Computer Ltd,Leicester,,Worker (A rating),Skilled Worker,,,https://www.bing.com/search?q=Wise+Computer+Ltd+official+website,,,,https://www.bing.com/search?q=Wise+Computer+Ltd+careers
WiseAlpha Technologies Limited,London,,Worker (A rating),Skilled Worker,,,https://www.bing.com/search?q=WiseAlpha+Technologies+Limited+official+website,,,,https://www.bing.com/search?q=WiseAlpha+Technologies+Limited+careers
Wissen Technology Limited,Harrow,Middlesex,Worker (A rating),Global Business Mobility: Senior or Specialist Worker,,,https://www.bing.com/search?q=Wissen+Technology+Limited+official+website,,,,https://www.bing.com/search?q=Wissen+Technology+Limited+careers
Wissen Technology Limited,Harrow,Middlesex,Worker (A rating),Skilled Worker,,,https://www.bing.com/search?q=Wissen+Technology+Limited+official+website,,,,https://www.bing.com/search?q=Wissen+Technology+Limited+careers
Wiz Cloud Limited,London,,Worker (A rating),Skilled Worker,,,https://www.bing.com/search?q=Wiz+Cloud+Limited+official+website,,,,https://www.bing.com/search?q=Wiz+Cloud+Limited+careers
WIZ TECHNOLOGIES LTD,Hounslow,,Worker (A rating),Skilled Worker,,,https://www.bing.com/search?q=WIZ+TECHNOLOGIES+LTD+official+website,,,,https://www.bing.com/search?q=WIZ+TECHNOLOGIES+LTD+careers
Women in Data Limited,Berrington Way,Hampshire,Worker (A rating),Skilled Worker,,,https://www.bing.com/search?q=Women+in+Data+Limited+official+website,,,,https://www.bing.com/search?q=Women+in+Data+Limited+careers
Women's Equality Network Wales,Cardiff,Cardiff,Worker (A rating),Skilled Worker,,,https://www.bing.com/search?q=Women%27s+Equality+Network+Wales+official+website,,,,https://www.bing.com/search?q=Women%27s+Equality+Network+Wales+careers
Wordsmith AI Ltd,London,,Worker (A rating),Skilled Worker,,,https://www.bing.com/search?q=Wordsmith+AI+Ltd+official+website,,,,https://www.bing.com/search?q=Wordsmith+AI+Ltd+careers
Workable Software Limited,London,,Worker (A rating),Global Business Mobility: Senior or Specialist Worker,,,https://www.bing.com/search?q=Workable+Software+Limited+official+website,,,,https://www.bing.com/search?q=Workable+Software+Limited+careers
Workable Software Limited,London,,Worker (A rating),Skilled Worker,,,https://www.bing.com/search?q=Workable+Software+Limited+official+website,,,,https://www.bing.com/search?q=Workable+Software+Limited+careers
WorkForce Software Limited,Milton Keynes,,Worker (A rating),Skilled Worker,,,https://www.bing.com/search?q=WorkForce+Software+Limited+official+website,,,,https://www.bing.com/search?q=WorkForce+Software+Limited+careers
Worn Again Technologies Limited,Nottingham,,Worker (A rating),Skilled Worker,,,https://www.bing.com/search?q=Worn+Again+Technologies+Limited+official+website,,,,https://www.bing.com/search?q=Worn+Again+Technologies+Limited+careers
Worry+Peace Technology Limited,High Wycombe,,Worker (A rating),Skilled Worker,,,https://www.bing.com/search?q=Worry%2BPeace+Technology+Limited+official+website,,,,https://www.bing.com/search?q=Worry%2BPeace+Technology+Limited+careers
Worth Technology Limited,Cambridge,,Worker (A rating),Skilled Worker,,,https://www.bing.com/search?q=Worth+Technology+Limited+official+website,,,,https://www.bing.com/search?q=Worth+Technology+Limited+careers
WRT Technologies Limited,London,,Worker (A rating),Skilled Worker,,,https://www.bing.com/search?q=WRT+Technologies+Limited+official+website,,,,https://www.bing.com/search?q=WRT+Technologies+Limited+careers
WSC SPORTS TECHNOLOGIES LTD,London,,Worker (A rating),Global Business Mobility: UK Expansion Worker,,,https://www.bing.com/search?q=WSC+SPORTS+TECHNOLOGIES+LTD+official+website,,,,https://www.bing.com/search?q=WSC+SPORTS+TECHNOLOGIES+LTD+careers
WSC SPORTS TECHNOLOGIES LTD,London,,Worker (A rating),Skilled Worker,,,https://www.bing.com/search?q=WSC+SPORTS+TECHNOLOGIES+LTD+official+website,,,,https://www.bing.com/search?q=WSC+SPORTS+TECHNOLOGIES+LTD+careers
WTiN (World Textile Information Network) Ltd,Leeds,West Yorkshire,Worker (A rating),Skilled Worker,,,https://www.bing.com/search?q=WTiN+%28World+Textile+Information+Network%29+Ltd+official+website,,,,https://www.bing.com/search?q=WTiN+%28World+Textile+Information+Network%29+Ltd+careers
Wunderkind Technologies UK Ltd,London,,Worker (A rating),Global Business Mobility: Senior or Specialist Worker,,,https://www.bing.com/search?q=Wunderkind+Technologies+UK+Ltd+official+website,,,,https://www.bing.com/search?q=Wunderkind+Technologies+UK+Ltd+careers
Wunderkind Technologies UK Ltd,London,,Worker (A rating),Skilled Worker,,,https://www.bing.com/search?q=Wunderkind+Technologies+UK+Ltd+official+website,,,,https://www.bing.com/search?q=Wunderkind+Technologies+UK+Ltd+careers
WURL Network UK Ltd,London,,Worker (A rating),Skilled Worker,,,https://www.bing.com/search?q=WURL+Network+UK+Ltd+official+website,,,,https://www.bing.com/search?q=WURL+Network+UK+Ltd+careers
Wyld Networks Limited,Cambridge,,Worker (A rating),Skilled Worker,,,https://www.bing.com/search?q=Wyld+Networks+Limited+official+website,,,,https://www.bing.com/search?q=Wyld+Networks+Limited+careers
X Cyber Group Ltd,Cloucester,Gloucestershire,Worker (A rating),Skilled Worker,,,https://www.bing.com/search?q=X+Cyber+Group+Ltd+official+website,,,,https://www.bing.com/search?q=X+Cyber+Group+Ltd+careers
X.AI LONDON LTD,London,,Worker (A rating),Global Business Mobility: Senior or Specialist Worker,https://x.ai,derived_from_company_name_domain,https://www.bing.com/search?q=X.AI+LONDON+LTD+official+website,,https://x.ai,https://x.ai/careers,https://www.bing.com/search?q=X.AI+LONDON+LTD+careers
X.AI LONDON LTD,London,,Worker (A rating),Skilled Worker,https://x.ai,derived_from_company_name_domain,https://www.bing.com/search?q=X.AI+LONDON+LTD+official+website,,https://x.ai,https://x.ai/careers,https://www.bing.com/search?q=X.AI+LONDON+LTD+careers
XAAR Technology Ltd,Cambridge,,Worker (A rating),Skilled Worker,,,https://www.bing.com/search?q=XAAR+Technology+Ltd+official+website,,,,https://www.bing.com/search?q=XAAR+Technology+Ltd+careers
XAAR Technology Ltd,Cambridge,,Worker (A rating),Global Business Mobility: Senior or Specialist Worker,,,https://www.bing.com/search?q=XAAR+Technology+Ltd+official+website,,,,https://www.bing.com/search?q=XAAR+Technology+Ltd+careers
XAD TECHNOLOGIES LTD,Greenford,,Temporary Worker (A rating),Global Business Mobility: Graduate Trainee,,,https://www.bing.com/search?q=XAD+TECHNOLOGIES+LTD+official+website,,,,https://www.bing.com/search?q=XAD+TECHNOLOGIES+LTD+careers
XAD TECHNOLOGIES LTD,Greenford,,Worker (A rating),Skilled Worker,,,https://www.bing.com/search?q=XAD+TECHNOLOGIES+LTD+official+website,,,,https://www.bing.com/search?q=XAD+TECHNOLOGIES+LTD+careers
Xama Technologies Limited,Camberley,Surrey,Worker (A rating),Skilled Worker,,,https://www.bing.com/search?q=Xama+Technologies+Limited+official+website,,,,https://www.bing.com/search?q=Xama+Technologies+Limited+careers
XDEFI Technologies Ltd (trading as XDEFI Wallet),London,Middlesex,Worker (A rating),Skilled Worker,,,https://www.bing.com/search?q=XDEFI+Technologies+Ltd+%28trading+as+XDEFI+Wallet%29+official+website,,,,https://www.bing.com/search?q=XDEFI+Technologies+Ltd+%28trading+as+XDEFI+Wallet%29+careers
Xendl Software Limited,Bushey,,Worker (A rating),Skilled Worker,,,https://www.bing.com/search?q=Xendl+Software+Limited+official+website,,,,https://www.bing.com/search?q=Xendl+Software+Limited+careers
Xenelsoft Technologies Limited,Bristol,,Worker (A rating),Skilled Worker,,,https://www.bing.com/search?q=Xenelsoft+Technologies+Limited+official+website,,,,https://www.bing.com/search?q=Xenelsoft+Technologies+Limited+careers
Xiaomi Technology UK Limited,London,,Worker (A rating),Global Business Mobility: Senior or Specialist Worker,,,https://www.bing.com/search?q=Xiaomi+Technology+UK+Limited+official+website,,,,https://www.bing.com/search?q=Xiaomi+Technology+UK+Limited+careers
Xiaomi Technology UK Limited,London,,Worker (A rating),Skilled Worker,,,https://www.bing.com/search?q=Xiaomi+Technology+UK+Limited+official+website,,,,https://www.bing.com/search?q=Xiaomi+Technology+UK+Limited+careers
Xplora Technologies Limited,Chiswick,London,Worker (A rating),Skilled Worker,,,https://www.bing.com/search?q=Xplora+Technologies+Limited+official+website,,,,https://www.bing.com/search?q=Xplora+Technologies+Limited+careers
XRM Technologies,Uxbridge,,Worker (A rating),Skilled Worker,,,https://www.bing.com/search?q=XRM+Technologies+official+website,,,,https://www.bing.com/search?q=XRM+Technologies+careers
Xurrent Software UK Ltd,London,,Worker (A rating),Global Business Mobility: Senior or Specialist Worker,,,https://www.bing.com/search?q=Xurrent+Software+UK+Ltd+official+website,,,,https://www.bing.com/search?q=Xurrent+Software+UK+Ltd+careers
Xurrent Software UK Ltd,London,,Worker (A rating),Skilled Worker,,,https://www.bing.com/search?q=Xurrent+Software+UK+Ltd+official+website,,,,https://www.bing.com/search?q=Xurrent+Software+UK+Ltd+careers
Xynera Technologies Limited,GLOUCESTER,,Worker (A rating),Skilled Worker,,,https://www.bing.com/search?q=Xynera+Technologies+Limited+official+website,,,,https://www.bing.com/search?q=Xynera+Technologies+Limited+careers
YANG TECHNOLOGY LTD,London,,Worker (A rating),Skilled Worker,,,https://www.bing.com/search?q=YANG+TECHNOLOGY+LTD+official+website,,,,https://www.bing.com/search?q=YANG+TECHNOLOGY+LTD+careers
YANSH TECHNOLOGIES LTD,Amersham,Buckinghamshire,Worker (A rating),Skilled Worker,,,https://www.bing.com/search?q=YANSH+TECHNOLOGIES+LTD+official+website,,,,https://www.bing.com/search?q=YANSH+TECHNOLOGIES+LTD+careers
Yash Technologies Europe Ltd,London,United Kingdom,Worker (A rating),Global Business Mobility: Senior or Specialist Worker,,,https://www.bing.com/search?q=Yash+Technologies+Europe+Ltd+official+website,,,,https://www.bing.com/search?q=Yash+Technologies+Europe+Ltd+careers
Yash Technologies Europe Ltd,London,United Kingdom,Worker (A rating),Skilled Worker,,,https://www.bing.com/search?q=Yash+Technologies+Europe+Ltd+official+website,,,,https://www.bing.com/search?q=Yash+Technologies+Europe+Ltd+careers
Yashvi Data Systems Limited,Hounslow,,Worker (A rating),Skilled Worker,,,https://www.bing.com/search?q=Yashvi+Data+Systems+Limited+official+website,,,,https://www.bing.com/search?q=Yashvi+Data+Systems+Limited+careers
Yellow Branding & Digital Design Ltd,Belfast,Northern Ireland,Worker (A rating),Skilled Worker,,,https://www.bing.com/search?q=Yellow+Branding+%26+Digital+Design+Ltd+official+website,,,,https://www.bing.com/search?q=Yellow+Branding+%26+Digital+Design+Ltd+careers
Yellow Panther Digital Ltd,Ashton-Under-Lyne,,Worker (A rating),Skilled Worker,,,https://www.bing.com/search?q=Yellow+Panther+Digital+Ltd+official+website,,,,https://www.bing.com/search?q=Yellow+Panther+Digital+Ltd+careers
Yellowbrick Data UK Limited,London,,Worker (A rating),Global Business Mobility: Senior or Specialist Worker,,,https://www.bing.com/search?q=Yellowbrick+Data+UK+Limited+official+website,,,,https://www.bing.com/search?q=Yellowbrick+Data+UK+Limited+careers
Yellowbrick Data UK Limited,London,,Worker (A rating),Skilled Worker,,,https://www.bing.com/search?q=Yellowbrick+Data+UK+Limited+official+website,,,,https://www.bing.com/search?q=Yellowbrick+Data+UK+Limited+careers
Yesdee Technologies Limited,Leeds,Yorkshire,Worker (A rating),Skilled Worker,,,https://www.bing.com/search?q=Yesdee+Technologies+Limited+official+website,,,,https://www.bing.com/search?q=Yesdee+Technologies+Limited+careers
Yew Technologies Ltd,Harrow,Middlesex,Worker (A rating),Skilled Worker,,,https://www.bing.com/search?q=Yew+Technologies+Ltd+official+website,,,,https://www.bing.com/search?q=Yew+Technologies+Ltd+careers
Yiva Digital,London,London,Worker (A rating),Skilled Worker,,,https://www.bing.com/search?q=Yiva+Digital+official+website,,,,https://www.bing.com/search?q=Yiva+Digital+careers
Yocuda Network UK Ltd,London,,Worker (A rating),Skilled Worker,,,https://www.bing.com/search?q=Yocuda+Network+UK+Ltd+official+website,,,,https://www.bing.com/search?q=Yocuda+Network+UK+Ltd+careers
Yolo Technology Limited,London,,Worker (A rating),Global Business Mobility: Senior or Specialist Worker,,,https://www.bing.com/search?q=Yolo+Technology+Limited+official+website,,,,https://www.bing.com/search?q=Yolo+Technology+Limited+careers
Yolo Technology Limited,London,,Worker (A rating),Skilled Worker,,,https://www.bing.com/search?q=Yolo+Technology+Limited+official+website,,,,https://www.bing.com/search?q=Yolo+Technology+Limited+careers
Yonder Financial Technology Limited,London,,Worker (A rating),Skilled Worker,,,https://www.bing.com/search?q=Yonder+Financial+Technology+Limited+official+website,,,,https://www.bing.com/search?q=Yonder+Financial+Technology+Limited+careers
YONDER TECHNOLOGY LTD,London,Greater London,Worker (A rating),Skilled Worker,,,https://www.bing.com/search?q=YONDER+TECHNOLOGY+LTD+official+website,,,,https://www.bing.com/search?q=YONDER+TECHNOLOGY+LTD+careers
York Telecom Limited,Basingstoke,Hampshire,Worker (A rating),Skilled Worker,,,https://www.bing.com/search?q=York+Telecom+Limited+official+website,,,,https://www.bing.com/search?q=York+Telecom+Limited+careers
YOSHIGA TECHNOLOGIES LIMITED,St Albans,,Worker (A rating),Skilled Worker,,,https://www.bing.com/search?q=YOSHIGA+TECHNOLOGIES+LIMITED+official+website,,,,https://www.bing.com/search?q=YOSHIGA+TECHNOLOGIES+LIMITED+careers
YOUR DIGITAL WORK LTD,LONDON,,Worker (A rating),Skilled Worker,,,https://www.bing.com/search?q=YOUR+DIGITAL+WORK+LTD+official+website,,,,https://www.bing.com/search?q=YOUR+DIGITAL+WORK+LTD+careers
Yourkeys Technology Limited,London,,Worker (A rating),Skilled Worker,,,https://www.bing.com/search?q=Yourkeys+Technology+Limited+official+website,,,,https://www.bing.com/search?q=Yourkeys+Technology+Limited+careers
YVR TECHNOLOGIES LTD,HAINAULT,ESSEX,Worker (A rating),Skilled Worker,,,https://www.bing.com/search?q=YVR+TECHNOLOGIES+LTD+official+website,,,,https://www.bing.com/search?q=YVR+TECHNOLOGIES+LTD+careers
YWIS Technology,Colchester,,Worker (A rating),Skilled Worker,,,https://www.bing.com/search?q=YWIS+Technology+official+website,,,,https://www.bing.com/search?q=YWIS+Technology+careers
Zakapps Software Limited,Caldecotte; Milton Keynes,Bucks,Worker (A rating),Global Business Mobility: Senior or Specialist Worker,,,https://www.bing.com/search?q=Zakapps+Software+Limited+official+website,,,,https://www.bing.com/search?q=Zakapps+Software+Limited+careers
Zakapps Software Limited,Caldecotte; Milton Keynes,Bucks,Worker (A rating),Skilled Worker,,,https://www.bing.com/search?q=Zakapps+Software+Limited+official+website,,,,https://www.bing.com/search?q=Zakapps+Software+Limited+careers
Zaman Technologies Ltd,Ilford,,Worker (A rating),Skilled Worker,,,https://www.bing.com/search?q=Zaman+Technologies+Ltd+official+website,,,,https://www.bing.com/search?q=Zaman+Technologies+Ltd+careers
Zamna Technologies Limited,London,,Worker (A rating),Skilled Worker,,,https://www.bing.com/search?q=Zamna+Technologies+Limited+official+website,,,,https://www.bing.com/search?q=Zamna+Technologies+Limited+careers
ZAP Technology Limited,London,,Worker (A rating),Global Business Mobility: Senior or Specialist Worker,,,https://www.bing.com/search?q=ZAP+Technology+Limited+official+website,,,,https://www.bing.com/search?q=ZAP+Technology+Limited+careers
ZAP Technology Limited,London,,Worker (A rating),Skilled Worker,,,https://www.bing.com/search?q=ZAP+Technology+Limited+official+website,,,,https://www.bing.com/search?q=ZAP+Technology+Limited+careers
ZAREEN TECHNOLOGIES LIMITED,Slough,,Worker (A rating),Skilled Worker,,,https://www.bing.com/search?q=ZAREEN+TECHNOLOGIES+LIMITED+official+website,,,,https://www.bing.com/search?q=ZAREEN+TECHNOLOGIES+LIMITED+careers
Zebra Technologies Europe Limited,Bourne End,Buckinghamshire,Worker (A rating),Global Business Mobility: Senior or Specialist Worker,,,https://www.bing.com/search?q=Zebra+Technologies+Europe+Limited+official+website,,,,https://www.bing.com/search?q=Zebra+Technologies+Europe+Limited+careers
Zebra Technologies Europe Limited,Bourne End,Buckinghamshire,Worker (A rating),Skilled Worker,,,https://www.bing.com/search?q=Zebra+Technologies+Europe+Limited+official+website,,,,https://www.bing.com/search?q=Zebra+Technologies+Europe+Limited+careers
ZEG.ai Ltd,London,,Worker (A rating),Skilled Worker,https://zeg.ai,derived_from_company_name_domain,https://www.bing.com/search?q=ZEG.ai+Ltd+official+website,,https://zeg.ai,https://zeg.ai/careers,https://www.bing.com/search?q=ZEG.ai+Ltd+careers
ZEN-X TECHNOLOGY LIMITED,London,,Worker (A rating),Skilled Worker,,,https://www.bing.com/search?q=ZEN-X+TECHNOLOGY+LIMITED+official+website,,,,https://www.bing.com/search?q=ZEN-X+TECHNOLOGY+LIMITED+careers
Zenith AI (N.I),Belfast,,Worker (A rating),Skilled Worker,,,https://www.bing.com/search?q=Zenith+AI+%28N.I%29+official+website,,,,https://www.bing.com/search?q=Zenith+AI+%28N.I%29+careers
Zenium Technology Partners Limited,London,,Worker (A rating),Skilled Worker,,,https://www.bing.com/search?q=Zenium+Technology+Partners+Limited+official+website,,,,https://www.bing.com/search?q=Zenium+Technology+Partners+Limited+careers
Zenium Technology Partners Limited,London,,Worker (A rating),Global Business Mobility: Senior or Specialist Worker,,,https://www.bing.com/search?q=Zenium+Technology+Partners+Limited+official+website,,,,https://www.bing.com/search?q=Zenium+Technology+Partners+Limited+careers
Zensar Technologies (UK) Ltd,London,,Temporary Worker (A rating),Global Business Mobility: Graduate Trainee,,,https://www.bing.com/search?q=Zensar+Technologies+%28UK%29+Ltd+official+website,,,,https://www.bing.com/search?q=Zensar+Technologies+%28UK%29+Ltd+careers
Zensar Technologies (UK) Ltd,London,,Worker (A rating),Skilled Worker,,,https://www.bing.com/search?q=Zensar+Technologies+%28UK%29+Ltd+official+website,,,,https://www.bing.com/search?q=Zensar+Technologies+%28UK%29+Ltd+careers
Zensar Technologies (UK) Ltd,London,,Worker (A rating),Global Business Mobility: Senior or Specialist Worker,,,https://www.bing.com/search?q=Zensar+Technologies+%28UK%29+Ltd+official+website,,,,https://www.bing.com/search?q=Zensar+Technologies+%28UK%29+Ltd+careers
Zephyr Digital Consultancy Limited,London,,Worker (A rating),Skilled Worker,,,https://www.bing.com/search?q=Zephyr+Digital+Consultancy+Limited+official+website,,,,https://www.bing.com/search?q=Zephyr+Digital+Consultancy+Limited+careers
Zephyr Technology Consulting Limited,London,,Worker (A rating),Skilled Worker,,,https://www.bing.com/search?q=Zephyr+Technology+Consulting+Limited+official+website,,,,https://www.bing.com/search?q=Zephyr+Technology+Consulting+Limited+careers
ZEROONE INFOTECH LTD,SLOUGH,,Worker (A rating),Skilled Worker,,,https://www.bing.com/search?q=ZEROONE+INFOTECH+LTD+official+website,,,,https://www.bing.com/search?q=ZEROONE+INFOTECH+LTD+careers
ZHUIMENG CLOUD UK LTD,London,,Worker (A rating),Skilled Worker,,,https://www.bing.com/search?q=ZHUIMENG+CLOUD+UK+LTD+official+website,,,,https://www.bing.com/search?q=ZHUIMENG+CLOUD+UK+LTD+careers
Zifo Technologies Ltd,Southport,Merseyside,Worker (A rating),Global Business Mobility: Senior or Specialist Worker,,,https://www.bing.com/search?q=Zifo+Technologies+Ltd+official+website,,,,https://www.bing.com/search?q=Zifo+Technologies+Ltd+careers
Zifo Technologies Ltd,Southport,Merseyside,Worker (A rating),Skilled Worker,,,https://www.bing.com/search?q=Zifo+Technologies+Ltd+official+website,,,,https://www.bing.com/search?q=Zifo+Technologies+Ltd+careers
Zilch Technology Limited,London,,Worker (A rating),Skilled Worker,,,https://www.bing.com/search?q=Zilch+Technology+Limited+official+website,,,,https://www.bing.com/search?q=Zilch+Technology+Limited+careers
ZILO Technology Limited,London,,Worker (A rating),Skilled Worker,,,https://www.bing.com/search?q=ZILO+Technology+Limited+official+website,,,,https://www.bing.com/search?q=ZILO+Technology+Limited+careers
Zinc Network Limited,London,,Worker (A rating),Skilled Worker,,,https://www.bing.com/search?q=Zinc+Network+Limited+official+website,,,,https://www.bing.com/search?q=Zinc+Network+Limited+careers
Zion Technology Ltd,Hickley,Leicestershire,Worker (A rating),Skilled Worker,,,https://www.bing.com/search?q=Zion+Technology+Ltd+official+website,,,,https://www.bing.com/search?q=Zion+Technology+Ltd+careers
Zionix Technologies Ltd,London,,Worker (A rating),Skilled Worker,,,https://www.bing.com/search?q=Zionix+Technologies+Ltd+official+website,,,,https://www.bing.com/search?q=Zionix+Technologies+Ltd+careers
Zircon Software Ltd,Trowbridge,Wiltshire,Worker (A rating),Skilled Worker,,,https://www.bing.com/search?q=Zircon+Software+Ltd+official+website,,,,https://www.bing.com/search?q=Zircon+Software+Ltd+careers
ZM IT TECHNOLOGIES LTD,Harrow,Greater London,Worker (A rating),Skilled Worker,,,https://www.bing.com/search?q=ZM+IT+TECHNOLOGIES+LTD+official+website,,,,https://www.bing.com/search?q=ZM+IT+TECHNOLOGIES+LTD+careers
ZNOX TECHNOLOGIES LTD,BELFAST,,Worker (A rating),Skilled Worker,,,https://www.bing.com/search?q=ZNOX+TECHNOLOGIES+LTD+official+website,,,,https://www.bing.com/search?q=ZNOX+TECHNOLOGIES+LTD+careers
ZOJA TECHNOLOGIES LIMITED,Pudsey,,Worker (A rating),Skilled Worker,,,https://www.bing.com/search?q=ZOJA+TECHNOLOGIES+LIMITED+official+website,,,,https://www.bing.com/search?q=ZOJA+TECHNOLOGIES+LIMITED+careers
ZONDAR CHINA ENERGY & TECHNOLOGY LTD,London,,Worker (A rating),Skilled Worker,,,https://www.bing.com/search?q=ZONDAR+CHINA+ENERGY+%26+TECHNOLOGY+LTD+official+website,,,,https://www.bing.com/search?q=ZONDAR+CHINA+ENERGY+%26+TECHNOLOGY+LTD+careers
Zone Networks Ltd,London,,Worker (A rating),Skilled Worker,,,https://www.bing.com/search?q=Zone+Networks+Ltd+official+website,,,,https://www.bing.com/search?q=Zone+Networks+Ltd+careers
ZONIC TECHNOLOGIES UK LTD,HAYES,MIDDLESEX,Worker (A rating),Skilled Worker,,,https://www.bing.com/search?q=ZONIC+TECHNOLOGIES+UK+LTD+official+website,,,,https://www.bing.com/search?q=ZONIC+TECHNOLOGIES+UK+LTD+careers
ZOOM DIGITAL PRINTERS LIMITED,BRIERLEY,WEST MIDLANDS,Worker (A rating),Skilled Worker,,,https://www.bing.com/search?q=ZOOM+DIGITAL+PRINTERS+LIMITED+official+website,,,,https://www.bing.com/search?q=ZOOM+DIGITAL+PRINTERS+LIMITED+careers
Zycus Infotech Private Limited,Harrow,Middlesex,Worker (A rating),Skilled Worker,,,https://www.bing.com/search?q=Zycus+Infotech+Private+Limited+official+website,,,,https://www.bing.com/search?q=Zycus+Infotech+Private+Limited+careers
Zycus Infotech Private Limited,Harrow,Middlesex,Worker (A rating),Global Business Mobility: Senior or Specialist Worker,,,https://www.bing.com/search?q=Zycus+Infotech+Private+Limited+official+website,,,,https://www.bing.com/search?q=Zycus+Infotech+Private+Limited+careers
Zynx Technologies Limited,Hounslow,,Worker (A rating),Skilled Worker,,,https://www.bing.com/search?q=Zynx+Technologies+Limited+official+website,,,,https://www.bing.com/search?q=Zynx+Technologies+Limited+careers
